"Authors","Author full names","Author(s) ID","Title","Year","Source title","Volume","Issue","Art. No.","Page start","Page end","Page count","Cited by","DOI","Link","Document Type","Publication Stage","Open Access","Source","EID"
"Beato-Arribas B.; McDonagh A.; Noakes C.J.; Sleigh P.A.","Beato-Arribas, B. (55565193200); McDonagh, A. (55241532300); Noakes, C.J. (6603481396); Sleigh, P.A. (57266098300)","55565193200; 55241532300; 6603481396; 57266098300","Assessing the near-patient infection risk in isolation Rooms","2015","Healthy Buildings Europe 2015, HB 2015 - Conference Proceedings","2015-May","","","","","","5","","https://www.scopus.com/inward/record.uri?eid=2-s2.0-85048663880&partnerID=40&md5=80659609c6b5c1ad3e63ce8ea00b501c","Conference paper","Final","","Scopus","2-s2.0-85048663880"
"Noakes C.J.; Khan M.A.I.; Gilkeson C.A.","Noakes, Catherine J. (6603481396); Khan, M. Amirul I. (55800396100); Gilkeson, Carl A. (30967495600)","6603481396; 55800396100; 30967495600","Modeling infection risk and energy use of upper-room Ultraviolet Germicidal Irradiation systems in multi-room environments","2015","Science and Technology for the Built Environment","21","1","","99","111","12","20","10.1080/10789669.2014.983035","https://www.scopus.com/inward/record.uri?eid=2-s2.0-84940416884&doi=10.1080%2f10789669.2014.983035&partnerID=40&md5=7eca832bf07dd976b3a20b63bf459414","Article","Final","All Open Access; Green Open Access; Hybrid Gold Open Access","Scopus","2-s2.0-84940416884"
"Gilkeson C.A.; Camargo-Valero M.A.; Pickin L.E.; Noakes C.J.","Gilkeson, C.A. (30967495600); Camargo-Valero, M.A. (16642000800); Pickin, L.E. (55672465400); Noakes, C.J. (6603481396)","30967495600; 16642000800; 55672465400; 6603481396","Measurement of ventilation and airborne infection risk in large naturally ventilated hospital wards","2013","Building and Environment","65","","","35","48","13","80","10.1016/j.buildenv.2013.03.006","https://www.scopus.com/inward/record.uri?eid=2-s2.0-84876959654&doi=10.1016%2fj.buildenv.2013.03.006&partnerID=40&md5=50aec320cfb119166c6c84afa303d64e","Article","Final","All Open Access; Green Open Access","Scopus","2-s2.0-84876959654"
"Morawska L.; Allen J.; Bahnfleth W.; Bennett B.; Bluyssen P.M.; Boerstra A.; Buonanno G.; Cao J.; Dancer S.J.; Floto A.; Franchimon F.; Greenhalgh T.; Haworth C.; Hogeling J.; Isaxon C.; Jimenez J.L.; Kennedy A.; Kumar P.; Kurnitski J.; Li Y.; Loomans M.; Marks G.; Marr L.C.; Mazzarella L.; Melikov A.K.; Miller S.L.; Milton D.K.; Monty J.; Nielsen P.V.; Noakes C.; Peccia J.; Prather K.A.; Querol X.; Salthammer T.; Sekhar C.; Seppänen O.; Tanabe S.-I.; Tang J.W.; Tellier R.; Tham K.W.; Wargocki P.; Wierzbicka A.; Yao M.","Morawska, Lidia (7004773965); Allen, Joseph (16834469500); Bahnfleth, William (7004444149); Bennett, Belinda (58966752000); Bluyssen, Philomena M. (6507274241); Boerstra, Atze (35766486200); Buonanno, Giorgio (7006985475); Cao, Junji (59255711400); Dancer, Stephanie J. (7003919753); Floto, Andres (6603520150); Franchimon, Francesco (24080354100); Greenhalgh, Trish (24344105700); Haworth, Charles (7005598480); Hogeling, Jaap (55009480900); Isaxon, Christina (25936337400); Jimenez, Jose L. (57203776263); Kennedy, Amanda (58966729500); Kumar, Prashant (7403961319); Kurnitski, Jarek (55940296200); Li, Yuguo (58513252200); Loomans, Marcel (6603078719); Marks, Guy (7202971580); Marr, Linsey C. (13308311400); Mazzarella, Livio (7007064923); Melikov, Arsen Krikor (7003537126); Miller, Shelly L. (7406286894); Milton, Donald K. (35434286800); Monty, Jason (58006127900); Nielsen, Peter V. (24773772900); Noakes, Catherine (6603481396); Peccia, Jordan (6603601344); Prather, Kimberly A. (7005773698); Querol, Xavier (7004532767); Salthammer, Tunga (7004468798); Sekhar, Chandra (57862297800); Seppänen, Olli (7004826231); Tanabe, Shin-Ichi (55710820000); Tang, Julian W. (58966752200); Tellier, Raymond (7004847486); Tham, Kwok Wai (57210221751); Wargocki, Pawel (6602149538); Wierzbicka, Aneta (7004090929); Yao, Maosheng (8622183900)","7004773965; 16834469500; 7004444149; 58966752000; 6507274241; 35766486200; 7006985475; 59255711400; 7003919753; 6603520150; 24080354100; 24344105700; 7005598480; 55009480900; 25936337400; 57203776263; 58966729500; 7403961319; 55940296200; 58513252200; 6603078719; 7202971580; 13308311400; 7007064923; 7003537126; 7406286894; 35434286800; 58006127900; 24773772900; 6603481396; 6603601344; 7005773698; 7004532767; 7004468798; 57862297800; 7004826231; 55710820000; 58966752200; 7004847486; 57210221751; 6602149538; 7004090929; 8622183900","Mandating indoor air quality for public buildings If some countries lead by example, standards may increasingly become normalized","2024","Science","383","6690","","1418","1420","2","49","10.1126/science.adl0677","https://www.scopus.com/inward/record.uri?eid=2-s2.0-85188195187&doi=10.1126%2fscience.adl0677&partnerID=40&md5=eeed55dcfba7d442f6549991cfc475e9","Article","Final","All Open Access; Green Open Access","Scopus","2-s2.0-85188195187"
"Snow S.; Boyson A.S.; Paas K.H.W.; Gough H.; King M.-F.; Barlow J.; Noakes C.J.; schraefel M.C.","Snow, Stephen (55841572100); Boyson, Amy S. (57208315641); Paas, Karlien H.W. (57195990930); Gough, Hannah (57195310189); King, Marco-Felipe (55383157200); Barlow, Janet (7402197813); Noakes, Catherine J. (6603481396); schraefel, M.C. (57193559107)","55841572100; 57208315641; 57195990930; 57195310189; 55383157200; 7402197813; 6603481396; 57193559107","Exploring the physiological, neurophysiological and cognitive performance effects of elevated carbon dioxide concentrations indoors","2019","Building and Environment","156","","","243","252","9","85","10.1016/j.buildenv.2019.04.010","https://www.scopus.com/inward/record.uri?eid=2-s2.0-85064459326&doi=10.1016%2fj.buildenv.2019.04.010&partnerID=40&md5=0e5bebe6f745c4f1da15df206de0dbb0","Article","Final","All Open Access; Green Open Access; Hybrid Gold Open Access","Scopus","2-s2.0-85064459326"
"Edwards A.J.; King M.-F.; López-García M.; Peckham D.; Noakes C.J.","Edwards, A.J. (58209947400); King, M-F. (55383157200); López-García, M. (36647824200); Peckham, D. (7005935206); Noakes, C.J. (6603481396)","58209947400; 55383157200; 36647824200; 7005935206; 6603481396","Assessing the effects of transient weather conditions on airborne transmission risk in naturally ventilated hospitals","2024","Journal of Hospital Infection","148","","","1","10","9","1","10.1016/j.jhin.2024.02.017","https://www.scopus.com/inward/record.uri?eid=2-s2.0-85190406562&doi=10.1016%2fj.jhin.2024.02.017&partnerID=40&md5=a0d5c5cde8e2b466e95aa323bc934453","Article","Final","All Open Access; Hybrid Gold Open Access","Scopus","2-s2.0-85190406562"
"King M.F.; Wilson A.M.; López-García M.; Proctor J.; Peckham D.G.; Clifton I.J.; Dancer S.J.; Noakes C.J.","King, M.F. (55383157200); Wilson, A.M. (57195611222); López-García, M. (36647824200); Proctor, J. (57218161473); Peckham, D.G. (7005935206); Clifton, I.J. (35271234500); Dancer, S.J. (7003919753); Noakes, C.J. (6603481396)","55383157200; 57195611222; 36647824200; 57218161473; 7005935206; 35271234500; 7003919753; 6603481396","Why is mock care not a good proxy for predicting hand contamination during patient care?","2021","Journal of Hospital Infection","109","","","44","51","7","8","10.1016/j.jhin.2020.11.016","https://www.scopus.com/inward/record.uri?eid=2-s2.0-85099380175&doi=10.1016%2fj.jhin.2020.11.016&partnerID=40&md5=677cfe5e2c3c56814c1b8072d2abf0eb","Article","Final","All Open Access; Green Open Access; Hybrid Gold Open Access","Scopus","2-s2.0-85099380175"
"Edwards A.J.; Benson L.; Guo Z.; López-García M.; Noakes C.J.; Peckham D.; King M.-F.","Edwards, Alexander J. (58209947400); Benson, Lee (57359657300); Guo, Zeyu (58209073800); López-García, Martín (36647824200); Noakes, Catherine J. (6603481396); Peckham, Daniel (7005935206); King, Marco-Felipe (55383157200)","58209947400; 57359657300; 58209073800; 36647824200; 6603481396; 7005935206; 55383157200","A mathematical model for assessing transient airborne infection risks in a multi-zone hospital ward","2023","Building and Environment","238","","110344","","","","9","10.1016/j.buildenv.2023.110344","https://www.scopus.com/inward/record.uri?eid=2-s2.0-85154558543&doi=10.1016%2fj.buildenv.2023.110344&partnerID=40&md5=25ad4a2abb6bb5f093090bf8cff6fd09","Article","Final","All Open Access; Green Open Access; Hybrid Gold Open Access","Scopus","2-s2.0-85154558543"
"Higham C.A.; López-García M.; Noakes C.; Fletcher L.","Higham, Ciara A. (58852735300); López-García, Martín (36647824200); Noakes, Catherine (6603481396); Fletcher, Louise (7101843418)","58852735300; 36647824200; 6603481396; 7101843418","Exploring the toilet plume: experimental insights into environmental contamination using a mechanically ventilated chamber","2024","18th Conference of the International Society of Indoor Air Quality and Climate, INDOOR AIR 2024 - Conference Program and Proceedings","","","","","","","0","","https://www.scopus.com/inward/record.uri?eid=2-s2.0-85210802055&partnerID=40&md5=6a2332bb83fdc58d235e78716bdadbf4","Conference paper","Final","","Scopus","2-s2.0-85210802055"
"Salman N.; Khan M.W.; Lim M.; Khan A.; Kemp A.H.; Noakes C.J.","Salman, Naveed (58133403800); Khan, Muhammad Waqas (59604855100); Lim, Michael (9249077300); Khan, Amir (55800396100); Kemp, Andrew H. (55567457800); Noakes, Catherine J. (6603481396)","58133403800; 59604855100; 9249077300; 55800396100; 55567457800; 6603481396","Use of multiple low cost carbon dioxide sensors to measure exhaled breath distribution with face mask type and wearing behaviour","2021","Sensors","21","18","6204","","","","7","10.3390/s21186204","https://www.scopus.com/inward/record.uri?eid=2-s2.0-85114922373&doi=10.3390%2fs21186204&partnerID=40&md5=f52c42dda442cb9984ec1dcea5fb67cd","Article","Final","All Open Access; Gold Open Access; Green Open Access","Scopus","2-s2.0-85114922373"
"Wilson A.M.; King M.-F.; López-García M.; Clifton I.J.; Proctor J.; Reynolds K.A.; Noakes C.J.","Wilson, Amanda M. (57195611222); King, Marco-Felipe (55383157200); López-García, Martín (36647824200); Clifton, Ian J. (35271234500); Proctor, Jessica (57218161473); Reynolds, Kelly A. (7201538123); Noakes, Catherine J. (6603481396)","57195611222; 55383157200; 36647824200; 35271234500; 57218161473; 7201538123; 6603481396","Effects of patient room layout on viral accruement on healthcare professionals' hands","2021","Indoor Air","31","5","","1657","1672","15","9","10.1111/ina.12834","https://www.scopus.com/inward/record.uri?eid=2-s2.0-85113101094&doi=10.1111%2fina.12834&partnerID=40&md5=77c812bf75e31110ff2e440cf9830e85","Article","Final","All Open Access; Gold Open Access; Green Open Access","Scopus","2-s2.0-85113101094"
"Gilkeson C.A.; Noakes C.","Gilkeson, Carl A (30967495600); Noakes, Catherine (6603481396)","30967495600; 6603481396","Application of CFD simulation to predicting upper-room UVGI effectiveness","2013","Photochemistry and Photobiology","89","4","","799","810","11","31","10.1111/php.12013","https://www.scopus.com/inward/record.uri?eid=2-s2.0-84879843211&doi=10.1111%2fphp.12013&partnerID=40&md5=4195355d90217adbc2761ed12c54ae6d","Conference paper","Final","All Open Access; Green Open Access","Scopus","2-s2.0-84879843211"
"King M.-F.; Noakes C.J.; Sleigh P.A.","King, Marco-Felipe (55383157200); Noakes, Catherine J. (6603481396); Sleigh, P. Andrew (57266098300)","55383157200; 6603481396; 57266098300","The role of surfaces in the transmission of bioaerosols from source to patient in hospital single and two-bed rooms","2014","Indoor Air 2014 - 13th International Conference on Indoor Air Quality and Climate","","","","673","679","6","1","","https://www.scopus.com/inward/record.uri?eid=2-s2.0-84924673941&partnerID=40&md5=34a84058d979d65c32cbf5cdc2851110","Conference paper","Final","","Scopus","2-s2.0-84924673941"
"Proctor J.; Noakes C.; Kapur N.; Fletcher L.; Clifton I.","Proctor, Jessica (57218161473); Noakes, Catherine (6603481396); Kapur, Nikil (7006646043); Fletcher, Louise (7101843418); Clifton, Ian (35271234500)","57218161473; 6603481396; 7006646043; 7101843418; 35271234500","Experimental modelling of infectious aerosols from people with cystic fibrosis","2018","15th Conference of the International Society of Indoor Air Quality and Climate, INDOOR AIR 2018","","","","","","","0","","https://www.scopus.com/inward/record.uri?eid=2-s2.0-85105609214&partnerID=40&md5=4d1cb64add77db3296aa721da3b34f89","Conference paper","Final","","Scopus","2-s2.0-85105609214"
"Walker M.D.; Vincent J.C.; Benson L.; Stone C.A.; Harris G.; Ambler R.E.; Watts P.; Slatter T.; López-García M.; King M.-F.; Noakes C.J.; Thomas R.J.","Walker, Maurice D. (57210513483); Vincent, Jack C. (55247894400); Benson, Lee (57359657300); Stone, Corinne A. (23502102400); Harris, Guy (59371187000); Ambler, Rachael E. (57710301700); Watts, Pat (56168754100); Slatter, Tom (23967523500); López-García, Martín (36647824200); King, Marco-Felipe (55383157200); Noakes, Catherine J. (6603481396); Thomas, Richard J. (35117334600)","57210513483; 55247894400; 57359657300; 23502102400; 59371187000; 57710301700; 56168754100; 23967523500; 36647824200; 55383157200; 6603481396; 35117334600","Effect of Relative Humidity on Transfer of Aerosol-Deposited Artificial and Human Saliva from Surfaces to Artificial Finger-Pads","2022","Viruses","14","5","1048","","","","8","10.3390/v14051048","https://www.scopus.com/inward/record.uri?eid=2-s2.0-85130695095&doi=10.3390%2fv14051048&partnerID=40&md5=185a97815ab0f5c1a7e803a05bb63825","Article","Final","All Open Access; Gold Open Access; Green Open Access","Scopus","2-s2.0-85130695095"
"Carslaw N.; Hathway A.; Fletcher L.; Hamilton J.; Ingham T.; Noakes C.","Carslaw, Nicola (6701766676); Hathway, Abigail (36655544000); Fletcher, Louise (7101843418); Hamilton, Jacqueline (7403705356); Ingham, Trevor (7003921815); Noakes, Catherine (6603481396)","6701766676; 36655544000; 7101843418; 7403705356; 7003921815; 6603481396","Chemical versus biological contamination indoors: Trade-offs versus win-win opportunities for improving indoor air quality","2013","Indoor Air","23","3","","173","174","1","7","10.1111/ina.12030","https://www.scopus.com/inward/record.uri?eid=2-s2.0-84876740513&doi=10.1111%2fina.12030&partnerID=40&md5=68f8232b89d337d4b82ea99b389a8927","Editorial","Final","","Scopus","2-s2.0-84876740513"
"Burridge H.C.; Fan S.; Jones R.L.; Noakes C.J.; Linden P.F.","Burridge, Henry C. (54893797500); Fan, Shiwei (57203664767); Jones, Roderic L. (57203513475); Noakes, Catherine J. (6603481396); Linden, P.F. (7005538952)","54893797500; 57203664767; 57203513475; 6603481396; 7005538952","Predictive and retrospective modelling of airborne infection risk using monitored carbon dioxide","2022","Indoor and Built Environment","31","5","","1363","1380","17","35","10.1177/1420326X211043564","https://www.scopus.com/inward/record.uri?eid=2-s2.0-85112687251&doi=10.1177%2f1420326X211043564&partnerID=40&md5=8d237cc50867014335d0bc89eee70c3f","Article","Final","All Open Access; Green Open Access; Hybrid Gold Open Access","Scopus","2-s2.0-85112687251"
"Khaliq K.A.; Noakes C.; Kemp A.H.; Thompson C.","Khaliq, Kishwer Abdul (56081255200); Noakes, Catherine (6603481396); Kemp, Andrew H. (55567457800); Thompson, Carl (7404237601)","56081255200; 6603481396; 55567457800; 7404237601","Indoor Air Quality Assessment using IoT-based Sensors in Nursing Homes","2022","International Conference on Software, Knowledge Information, Industrial Management and Applications, SKIMA","2022-December","","","133","139","6","6","10.1109/SKIMA57145.2022.10029568","https://www.scopus.com/inward/record.uri?eid=2-s2.0-85148574820&doi=10.1109%2fSKIMA57145.2022.10029568&partnerID=40&md5=0e8bf631fcbb268b5b5055ee3450e8c0","Conference paper","Final","","Scopus","2-s2.0-85148574820"
"Mingotti N.; Wood R.; Noakes C.; Woods A.W.","Mingotti, Nicola (36639991900); Wood, Richard (56547921200); Noakes, Catherine (6603481396); Woods, Andrew W. (7201562573)","36639991900; 56547921200; 6603481396; 7201562573","The mixing of airborne contaminants by the repeated passage of people along a corridor","2020","Journal of Fluid Mechanics","903","","A52","","","","20","10.1017/jfm.2020.671","https://www.scopus.com/inward/record.uri?eid=2-s2.0-85092691316&doi=10.1017%2fjfm.2020.671&partnerID=40&md5=d3076d690f1d597ff581034b3bb967c4","Article","Final","All Open Access; Green Open Access; Hybrid Gold Open Access","Scopus","2-s2.0-85092691316"
"Smith J.; Adams C.E.; King M.F.; Noakes C.J.; Robertson C.; Dancer S.J.","Smith, J. (57746069500); Adams, C.E. (57192688513); King, M.F. (55383157200); Noakes, C.J. (6603481396); Robertson, C. (7401656177); Dancer, S.J. (7003919753)","57746069500; 57192688513; 55383157200; 6603481396; 7401656177; 7003919753","Is there an association between airborne and surface microbes in the critical care environment?","2018","Journal of Hospital Infection","100","3","","e123","e129","6","25","10.1016/j.jhin.2018.04.003","https://www.scopus.com/inward/record.uri?eid=2-s2.0-85047543268&doi=10.1016%2fj.jhin.2018.04.003&partnerID=40&md5=34d1fa3900b6083b81ddf7dd7a2ab54a","Article","Final","All Open Access; Green Open Access","Scopus","2-s2.0-85047543268"
"Wilson A.M.; King M.-F.; Lopez-Garciá M.; Weir M.H.; Sexton J.D.; Canales R.A.; Kostov G.E.; Julian T.R.; Noakes C.J.; Reynolds K.A.","Wilson, Amanda M. (57195611222); King, Marco-Felipe (55383157200); Lopez-Garciá, Martín (36647824200); Weir, Mark H. (22137121000); Sexton, Jonathan D. (35772961600); Canales, Robert A. (13606171200); Kostov, Georgiana E. (57217287080); Julian, Timothy R. (26429434500); Noakes, Catherine J. (6603481396); Reynolds, Kelly A. (7201538123)","57195611222; 55383157200; 36647824200; 22137121000; 35772961600; 13606171200; 57217287080; 26429434500; 6603481396; 7201538123","Evaluating a transfer gradient assumption in a fomite-mediated microbial transmission model using an experimental and Bayesian approach","2020","Journal of the Royal Society Interface","17","167","20200121","","","","21","10.1098/rsif.2020.0121","https://www.scopus.com/inward/record.uri?eid=2-s2.0-85087027135&doi=10.1098%2frsif.2020.0121&partnerID=40&md5=0ac2ed8cbbce03f0d1df7fa0e46db8ab","Article","Final","All Open Access; Green Open Access; Hybrid Gold Open Access","Scopus","2-s2.0-85087027135"
"Delbosc N.; Summers J.L.; Khan A.I.; Kapur N.; Noakes C.J.","Delbosc, N. (22984829800); Summers, J.L. (7202483248); Khan, A.I. (55800396100); Kapur, N. (7006646043); Noakes, C.J. (6603481396)","22984829800; 7202483248; 55800396100; 7006646043; 6603481396","Optimized implementation of the Lattice Boltzmann Method on a graphics processing unit towards real-time fluid simulation","2014","Computers and Mathematics with Applications","67","2","","462","475","13","57","10.1016/j.camwa.2013.10.002","https://www.scopus.com/inward/record.uri?eid=2-s2.0-84891937724&doi=10.1016%2fj.camwa.2013.10.002&partnerID=40&md5=5e2e9590ae1692e96d8f764619b59ed5","Article","Final","All Open Access; Bronze Open Access","Scopus","2-s2.0-84891937724"
"Eadie E.; Hiwar W.; Fletcher L.; Tidswell E.; O’Mahoney P.; Buonanno M.; Welch D.; Adamson C.S.; Brenner D.J.; Noakes C.; Wood K.","Eadie, Ewan (23004042800); Hiwar, Waseem (57217068581); Fletcher, Louise (7101843418); Tidswell, Emma (57209714708); O’Mahoney, Paul (57189611156); Buonanno, Manuela (37100909700); Welch, David (56786627800); Adamson, Catherine S. (7003675242); Brenner, David J. (57203030832); Noakes, Catherine (6603481396); Wood, Kenneth (36124231600)","23004042800; 57217068581; 7101843418; 57209714708; 57189611156; 37100909700; 56786627800; 7003675242; 57203030832; 6603481396; 36124231600","Far-UVC (222 nm) efficiently inactivates an airborne pathogen in a room-sized chamber","2022","Scientific Reports","12","1","4373","","","","98","10.1038/s41598-022-08462-z","https://www.scopus.com/inward/record.uri?eid=2-s2.0-85126834632&doi=10.1038%2fs41598-022-08462-z&partnerID=40&md5=92aebf63db7895d92cd242517a5b2695","Article","Final","All Open Access; Gold Open Access; Green Open Access","Scopus","2-s2.0-85126834632"
"Miller D.; King M.-F.; Nally J.; Drodge J.R.; Reeves G.I.; Bate A.M.; Cooper H.; Dalrymple U.; Hall I.; López-García M.; Parker S.T.; Noakes C.J.","Miller, Daniel (57451047600); King, Marco-Felipe (55383157200); Nally, James (15832162200); Drodge, Joseph R. (57212531306); Reeves, Gary I. (57451047700); Bate, Andrew M. (57450687600); Cooper, Henry (57450324900); Dalrymple, Ursula (56611903900); Hall, Ian (16052686000); López-García, Martín (36647824200); Parker, Simon T. (26531794000); Noakes, Catherine J. (6603481396)","57451047600; 55383157200; 15832162200; 57212531306; 57451047700; 57450687600; 57450324900; 56611903900; 16052686000; 36647824200; 26531794000; 6603481396","Modeling the factors that influence exposure to SARS-CoV-2 on a subway train carriage","2022","Indoor Air","32","2","e12976","","","","31","10.1111/ina.12976","https://www.scopus.com/inward/record.uri?eid=2-s2.0-85124554173&doi=10.1111%2fina.12976&partnerID=40&md5=e5273e530952dc39f0a313e1f7de9689","Review","Final","All Open Access; Green Open Access","Scopus","2-s2.0-85124554173"
"Jones B.; Sharpe P.; Iddon C.; Hathway E.A.; Noakes C.J.; Fitzgerald S.","Jones, Benjamin (55828149930); Sharpe, Patrick (57219806849); Iddon, Christopher (55879039300); Hathway, E. Abigail (36655544000); Noakes, Catherine J. (6603481396); Fitzgerald, Shaun (7202186336)","55828149930; 57219806849; 55879039300; 36655544000; 6603481396; 7202186336","Modelling uncertainty in the relative risk of exposure to the SARS-CoV-2 virus by airborne aerosol transmission in well mixed indoor air","2021","Building and Environment","191","","107617","","","","78","10.1016/j.buildenv.2021.107617","https://www.scopus.com/inward/record.uri?eid=2-s2.0-85099510801&doi=10.1016%2fj.buildenv.2021.107617&partnerID=40&md5=b66781d26b281ab844ed5a35ed3117bd","Article","Final","All Open Access; Green Open Access","Scopus","2-s2.0-85099510801"
"Montoya-Pachongo C.; Douterelo I.; Noakes C.; Camargo-Valero M.A.; Sleigh A.; Escobar-Rivera J.-C.; Torres-Lozada P.","Montoya-Pachongo, Carolina (57188872480); Douterelo, Isabel (12791330300); Noakes, Catherine (6603481396); Camargo-Valero, Miller Alonso (16642000800); Sleigh, Andrew (57266098300); Escobar-Rivera, Juan-Carlos (57188872078); Torres-Lozada, Patricia (36807319600)","57188872480; 12791330300; 6603481396; 16642000800; 57266098300; 57188872078; 36807319600","Field assessment of bacterial communities and total trihalomethanes: Implications for drinking water networks","2018","Science of the Total Environment","616-617","","","345","354","9","34","10.1016/j.scitotenv.2017.10.254","https://www.scopus.com/inward/record.uri?eid=2-s2.0-85032970088&doi=10.1016%2fj.scitotenv.2017.10.254&partnerID=40&md5=d4725bb42e891bf73398bb6ec241b6cb","Article","Final","All Open Access; Green Open Access","Scopus","2-s2.0-85032970088"
"Bate A.M.; Miller D.; King M.-F.; Moseley K.-A.; Xu J.; Hall I.; López-García M.; Parker S.T.; Noakes C.J.","Bate, Andrew M. (57450687600); Miller, Daniel (57451047600); King, Marco-Felipe (55383157200); Moseley, Katy-Anne (59172860800); Xu, Jingsi (57701248500); Hall, Ian (16052686000); López-García, Martín (36647824200); Parker, Simon T. (26531794000); Noakes, Catherine J. (6603481396)","57450687600; 57451047600; 55383157200; 59172860800; 57701248500; 16052686000; 36647824200; 26531794000; 6603481396","A quantitative microbial risk assessment approach to estimate exposure to SARS-CoV-2 on a bus","2024","Journal of Transport and Health","38","","101829","","","","1","10.1016/j.jth.2024.101829","https://www.scopus.com/inward/record.uri?eid=2-s2.0-85196010752&doi=10.1016%2fj.jth.2024.101829&partnerID=40&md5=6694e76062d82823f09e05aac5d69a5e","Article","Final","All Open Access; Hybrid Gold Open Access","Scopus","2-s2.0-85196010752"
"Coldrick S.; Kelsey A.; Ivings M.J.; Foat T.G.; Parker S.T.; Noakes C.J.; Bennett A.; Rickard H.; Moore G.","Coldrick, Simon (6602873387); Kelsey, Adrian (8599791600); Ivings, Matthew J. (9246777800); Foat, Timothy G. (23481879300); Parker, Simon T. (26531794000); Noakes, Catherine J. (6603481396); Bennett, Allan (7402332799); Rickard, Helen (57221333078); Moore, Ginny (7403282988)","6602873387; 8599791600; 9246777800; 23481879300; 26531794000; 6603481396; 7402332799; 57221333078; 7403282988","Modeling and experimental study of dispersion and deposition of respiratory emissions with implications for disease transmission","2022","Indoor Air","32","2","e13000","","","","11","10.1111/ina.13000","https://www.scopus.com/inward/record.uri?eid=2-s2.0-85125418668&doi=10.1111%2fina.13000&partnerID=40&md5=3b3c8190e06b076dc7fb535d223bd670","Article","Final","All Open Access; Green Open Access","Scopus","2-s2.0-85125418668"
"Aranega-Bou P.; Pottage T.; Fenwick A.; D’Costa W.; Brown N.F.; Yaxley N.; King M.-F.; Parker S.T.; Miller D.; López-García M.; Noakes C.J.; Moore G.; Bennett A.","Aranega-Bou, Paz (56373285500); Pottage, Thomas (35175023000); Fenwick, Abigail (58820750600); D’Costa, Wilhemina (58235335400); Brown, Natalie F. (57994678100); Yaxley, Nicola (58080133300); King, Marco-Felipe (55383157200); Parker, Simon T. (26531794000); Miller, Daniel (57451047600); López-García, Martín (36647824200); Noakes, Catherine J. (6603481396); Moore, Ginny (7403282988); Bennett, Allan (7402332799)","56373285500; 35175023000; 58820750600; 58235335400; 57994678100; 58080133300; 55383157200; 26531794000; 57451047600; 36647824200; 6603481396; 7403282988; 7402332799","A 17-month longitudinal surface sampling study carried out on public transport vehicles operating in England during the COVID-19 pandemic identified low levels of SARS-CoV-2 RNA contamination","2024","Journal of Applied Microbiology","135","4","","","","","1","10.1093/jambio/lxae095","https://www.scopus.com/inward/record.uri?eid=2-s2.0-85191897032&doi=10.1093%2fjambio%2flxae095&partnerID=40&md5=e9ff58b920fa33077c59045ee42a4ab6","Article","Final","","Scopus","2-s2.0-85191897032"
"Pinho-Gomes A.-C.; Roaf E.; Fuller G.; Fowler D.; Lewis A.; ApSimon H.; Noakes C.; Johnstone P.; Holgate S.","Pinho-Gomes, Ana-Catarina (55939379500); Roaf, Eleanor (19737966400); Fuller, Gary (7202991603); Fowler, David (7203066817); Lewis, Alastair (57212697363); ApSimon, Helen (7006153233); Noakes, Catherine (6603481396); Johnstone, Paul (57206144898); Holgate, Stephen (7201795361)","55939379500; 19737966400; 7202991603; 7203066817; 57212697363; 7006153233; 6603481396; 57206144898; 7201795361","Air pollution and climate change","2023","The Lancet Planetary Health","7","9","","e727","e728","1","24","10.1016/S2542-5196(23)00189-4","https://www.scopus.com/inward/record.uri?eid=2-s2.0-85169507824&doi=10.1016%2fS2542-5196%2823%2900189-4&partnerID=40&md5=eb748891a1977b78e97e38c3b0872be8","Note","Final","All Open Access; Green Open Access","Scopus","2-s2.0-85169507824"
"Nguyen-Van-Tam J.S.; Killingley B.; Enstone J.; Hewitt M.; Pantelic J.; Grantham M.L.; De Mesquita P.J.B.; Lambkin-Williams R.; Gilbert A.; Mann A.; Forni J.; Noakes C.J.; Levine M.Z.; Berman L.; Lindstrom S.; Cauchemez S.; Bischoff W.; Tellier R.; Milton D.K.","Nguyen-Van-Tam, Jonathan S. (7003371567); Killingley, Ben (57203354903); Enstone, Joanne (16165513400); Hewitt, Michael (57195511652); Pantelic, Jovan (35272981200); Grantham, Michael L. (6701487938); De Mesquita, P. Jacob Bueno (57203126396); Lambkin-Williams, Robert (16319150700); Gilbert, Anthony (56266266000); Mann, Alexander (7201626336); Forni, John (57218228655); Noakes, Catherine J. (6603481396); Levine, Min Z. (7404035140); Berman, LaShondra (15836473100); Lindstrom, Stephen (35582139100); Cauchemez, Simon (11940936200); Bischoff, Werner (7005873468); Tellier, Raymond (7004847486); Milton, Donald K. (35434286800)","7003371567; 57203354903; 16165513400; 57195511652; 35272981200; 6701487938; 57203126396; 16319150700; 56266266000; 7201626336; 57218228655; 6603481396; 7404035140; 15836473100; 35582139100; 11940936200; 7005873468; 7004847486; 35434286800","Minimal transmission in an influenza A (H3N2) human challenge-transmission model within a controlled exposure environment","2020","PLoS Pathogens","16","7","e1008704","","","","27","10.1371/journal.ppat.1008704","https://www.scopus.com/inward/record.uri?eid=2-s2.0-85088387410&doi=10.1371%2fjournal.ppat.1008704&partnerID=40&md5=ebb08a2d5e58ac61affcd7ce345de78a","Article","Final","All Open Access; Gold Open Access; Green Open Access","Scopus","2-s2.0-85088387410"
"Wilson A.M.; Jones R.M.; Lugo Lerma V.; Abney S.E.; King M.-F.; Weir M.H.; Sexton J.D.; Noakes C.J.; Reynolds K.A.","Wilson, Amanda M. (57195611222); Jones, Rachael M. (57203251119); Lugo Lerma, Veronica (57224570829); Abney, Sarah E. (57218163619); King, Marco-Felipe (55383157200); Weir, Mark H. (22137121000); Sexton, Jonathan D. (35772961600); Noakes, Catherine J. (6603481396); Reynolds, Kelly A. (7201538123)","57195611222; 57203251119; 57224570829; 57218163619; 55383157200; 22137121000; 35772961600; 6603481396; 7201538123","Respirators, face masks, and their risk reductions via multiple transmission routes for first responders within an ambulance","2021","Journal of Occupational and Environmental Hygiene","18","7","","345","360","15","7","10.1080/15459624.2021.1926468","https://www.scopus.com/inward/record.uri?eid=2-s2.0-85107923117&doi=10.1080%2f15459624.2021.1926468&partnerID=40&md5=2e9a54ddc77ef3f9a7b15e46cf67d1c3","Article","Final","All Open Access; Green Open Access","Scopus","2-s2.0-85107923117"
"Foat T.G.; Higgins B.; Abbs C.; Maishman T.; Coldrick S.; Kelsey A.; Ivings M.J.; Parker S.T.; Noakes C.J.","Foat, Timothy G. (23481879300); Higgins, Benjamin (57984483000); Abbs, Charlotte (57984838200); Maishman, Thomas (57222379268); Coldrick, Simon (6602873387); Kelsey, Adrian (8599791600); Ivings, Matthew J. (9246777800); Parker, Simon T. (26531794000); Noakes, Catherine J. (6603481396)","23481879300; 57984483000; 57984838200; 57222379268; 6602873387; 8599791600; 9246777800; 26531794000; 6603481396","Modeling the effect of temperature and relative humidity on exposure to SARS-CoV-2 in a mechanically ventilated room","2022","Indoor Air","32","11","e13146","","","","10","10.1111/ina.13146","https://www.scopus.com/inward/record.uri?eid=2-s2.0-85142827972&doi=10.1111%2fina.13146&partnerID=40&md5=3a7144f2396add612c55e8c25fdac55d","Article","Final","All Open Access; Gold Open Access; Green Open Access","Scopus","2-s2.0-85142827972"
"Salman N.; Khan A.; Kemp A.H.; Noakes C.J.","Salman, N. (58133403800); Khan, A. (55800396100); Kemp, A.H. (55567457800); Noakes, C.J. (6603481396)","58133403800; 55800396100; 55567457800; 6603481396","Indoor Temperature Forecast based on the Lattice Boltzmann method and Data Assimilation","2022","Building and Environment","210","","108654","","","","10","10.1016/j.buildenv.2021.108654","https://www.scopus.com/inward/record.uri?eid=2-s2.0-85123253911&doi=10.1016%2fj.buildenv.2021.108654&partnerID=40&md5=7832c68e6dc2b24ac19c487704feb809","Article","Final","All Open Access; Green Open Access","Scopus","2-s2.0-85123253911"
"Hiwar W.; Adamson C.S.; Brenner D.J.; Fletcher L.A.; King M.-F.; McQuaid J.B.; Tidswell E.; Noakes C.J.; Wood K.; Eadie E.","Hiwar, Waseem (57217068581); Adamson, Catherine S (7003675242); Brenner, David J (57203030832); Fletcher, Louise A (7101843418); King, Marco-Felipe (55383157200); McQuaid, James B. (7006252685); Tidswell, Emma (57209714708); Noakes, Catherine J (6603481396); Wood, Kenneth (36124231600); Eadie, Ewan (23004042800)","57217068581; 7003675242; 57203030832; 7101843418; 55383157200; 7006252685; 57209714708; 6603481396; 36124231600; 23004042800","Experimental analysis to quantify inactivation of microorganisms by Far-UVC irradiation in indoor environments.","2025","Building and Environment","274","","112734","","","","0","10.1016/j.buildenv.2025.112734","https://www.scopus.com/inward/record.uri?eid=2-s2.0-85218358046&doi=10.1016%2fj.buildenv.2025.112734&partnerID=40&md5=ea9520a36c8514a26fd044e85376193b","Article","Final","","Scopus","2-s2.0-85218358046"
"Morawska L.; Tang J.W.; Bahnfleth W.; Bluyssen P.M.; Boerstra A.; Buonanno G.; Cao J.; Dancer S.; Floto A.; Franchimon F.; Haworth C.; Hogeling J.; Isaxon C.; Jimenez J.L.; Kurnitski J.; Li Y.; Loomans M.; Marks G.; Marr L.C.; Mazzarella L.; Melikov A.K.; Miller S.; Milton D.K.; Nazaroff W.; Nielsen P.V.; Noakes C.; Peccia J.; Querol X.; Sekhar C.; Seppänen O.; Tanabe S.-I.; Tellier R.; Tham K.W.; Wargocki P.; Wierzbicka A.; Yao M.","Morawska, Lidia (7004773965); Tang, Julian W. (10341387300); Bahnfleth, William (7004444149); Bluyssen, Philomena M. (6507274241); Boerstra, Atze (35766486200); Buonanno, Giorgio (7006985475); Cao, Junji (7403354324); Dancer, Stephanie (7003919753); Floto, Andres (6603520150); Franchimon, Francesco (24080354100); Haworth, Charles (7005598480); Hogeling, Jaap (55009480900); Isaxon, Christina (25936337400); Jimenez, Jose L. (57203776263); Kurnitski, Jarek (55940296200); Li, Yuguo (57204521929); Loomans, Marcel (6603078719); Marks, Guy (7202971580); Marr, Linsey C. (13308311400); Mazzarella, Livio (7007064923); Melikov, Arsen Krikor (7003537126); Miller, Shelly (7406286894); Milton, Donald K. (35434286800); Nazaroff, William (7006235747); Nielsen, Peter V. (24773772900); Noakes, Catherine (6603481396); Peccia, Jordan (6603601344); Querol, Xavier (7004532767); Sekhar, Chandra (57862297800); Seppänen, Olli (7004826231); Tanabe, Shin-ichi (55710820000); Tellier, Raymond (7004847486); Tham, Kwok Wai (57210221751); Wargocki, Pawel (6602149538); Wierzbicka, Aneta (7004090929); Yao, Maosheng (8622183900)","7004773965; 10341387300; 7004444149; 6507274241; 35766486200; 7006985475; 7403354324; 7003919753; 6603520150; 24080354100; 7005598480; 55009480900; 25936337400; 57203776263; 55940296200; 57204521929; 6603078719; 7202971580; 13308311400; 7007064923; 7003537126; 7406286894; 35434286800; 7006235747; 24773772900; 6603481396; 6603601344; 7004532767; 57862297800; 7004826231; 55710820000; 7004847486; 57210221751; 6602149538; 7004090929; 8622183900","How can airborne transmission of COVID-19 indoors be minimised?","2020","Environment International","142","","105832","","","","992","10.1016/j.envint.2020.105832","https://www.scopus.com/inward/record.uri?eid=2-s2.0-85085951235&doi=10.1016%2fj.envint.2020.105832&partnerID=40&md5=6f558f3493d69ef5a0a91b10910b0c7f","Letter","Final","All Open Access; Gold Open Access; Green Open Access","Scopus","2-s2.0-85085951235"
"Li Y.; Tang J.; Noakes C.; Hodgson M.J.","Li, Yuguo (57204521929); Tang, Julian (10341387300); Noakes, Catherine (6603481396); Hodgson, Michael J. (8127949300)","57204521929; 10341387300; 6603481396; 8127949300","Engineering control of respiratory infection and low-energy design of healthcare facilities","2015","Science and Technology for the Built Environment","21","1","","25","34","9","24","10.1080/10789669.2014.965557","https://www.scopus.com/inward/record.uri?eid=2-s2.0-84940366912&doi=10.1080%2f10789669.2014.965557&partnerID=40&md5=fa8d2c5ac3b825558341d824942298cb","Article","Final","","Scopus","2-s2.0-84940366912"
"King M.-F.; Noakes C.J.; Sleigh P.A.; Camargo-Valero M.A.","King, M.-F. (55383157200); Noakes, C.J. (6603481396); Sleigh, P.A. (57266098300); Camargo-Valero, M.A. (16642000800)","55383157200; 6603481396; 57266098300; 16642000800","Bioaerosol deposition in single and two-bed hospital rooms: A numerical and experimental study","2013","Building and Environment","59","","","436","447","11","95","10.1016/j.buildenv.2012.09.011","https://www.scopus.com/inward/record.uri?eid=2-s2.0-84870423924&doi=10.1016%2fj.buildenv.2012.09.011&partnerID=40&md5=33f2cd5a1950042a4815f90922af9a46","Article","Final","All Open Access; Green Open Access","Scopus","2-s2.0-84870423924"
"King M.-F.; Noakes C.J.; Andrew Sleigh P.","King, Marco-Felipe (55383157200); Noakes, Catherine J. (6603481396); Andrew Sleigh, P. (57266098300)","55383157200; 6603481396; 57266098300","The role of surfaces in the transmission of bioaerosols from source to patient in hospital single and multi-bed Rooms","2015","Healthy Buildings Europe 2015, HB 2015 - Conference Proceedings","2015-May","","","","","","0","","https://www.scopus.com/inward/record.uri?eid=2-s2.0-85052391776&partnerID=40&md5=fb61c6436eda079d4abcf95ab3ae108a","Conference paper","Final","","Scopus","2-s2.0-85052391776"
"Hiwar W.; King M.-F.; Kharrufa H.; Tidswell E.; Fletcher L.A.; Noakes C.J.","Hiwar, Waseem (57217068581); King, Marco-Felipe (55383157200); Kharrufa, Harith (57193992558); Tidswell, Emma (57209714708); Fletcher, Louise A. (7101843418); Noakes, Catherine J. (6603481396)","57217068581; 55383157200; 57193992558; 57209714708; 7101843418; 6603481396","The impact of ventilation rate on reducing the microorganisms load in the air and on surfaces in a room-sized chamber","2022","Indoor Air","32","11","e13161","","","","6","10.1111/ina.13161","https://www.scopus.com/inward/record.uri?eid=2-s2.0-85142831562&doi=10.1111%2fina.13161&partnerID=40&md5=47fd0103b7c8d9c576ac88032d43ec27","Article","Final","All Open Access; Gold Open Access; Green Open Access","Scopus","2-s2.0-85142831562"
"King M.-F.; Wilson A.M.; Weir M.H.; López-García M.; Proctor J.; Hiwar W.; Khan A.; Fletcher L.A.; Sleigh P.A.; Clifton I.; Dancer S.J.; Wilcox M.; Reynolds K.A.; Noakes C.J.","King, Marco-Felipe (55383157200); Wilson, Amanda M. (57195611222); Weir, Mark H. (22137121000); López-García, Martín (36647824200); Proctor, Jessica (57218161473); Hiwar, Waseem (57217068581); Khan, Amirul (55800396100); Fletcher, Louise A. (7101843418); Sleigh, P. Andrew (57266098300); Clifton, Ian (35271234500); Dancer, Stephanie J. (7003919753); Wilcox, Mark (55446626100); Reynolds, Kelly A. (7201538123); Noakes, Catherine J. (6603481396)","55383157200; 57195611222; 22137121000; 36647824200; 57218161473; 57217068581; 55800396100; 7101843418; 57266098300; 35271234500; 7003919753; 55446626100; 7201538123; 6603481396","Modeling fomite-mediated SARS-CoV-2 exposure through personal protective equipment doffing in a hospital environment","2022","Indoor Air","32","1","e12938","","","","15","10.1111/ina.12938","https://www.scopus.com/inward/record.uri?eid=2-s2.0-85117860043&doi=10.1111%2fina.12938&partnerID=40&md5=0d31c8aa049af3bed0a192da8c4c6af3","Article","Final","All Open Access; Gold Open Access; Green Open Access","Scopus","2-s2.0-85117860043"
"Halios C.H.; Gough H.L.; Barlow J.F.; King M.-F.; Noakes C.J.; Hoxey R.; Robertson A.; Quinn A.","Halios, Christos H. (8705436400); Gough, Hannah L. (57195310189); Barlow, Janet F. (7402197813); King, Marco-Felipe (55383157200); Noakes, Catherine J. (6603481396); Hoxey, Roger (7005085151); Robertson, Adam (7403044334); Quinn, Andrew (7102493009)","8705436400; 57195310189; 7402197813; 55383157200; 6603481396; 7005085151; 7403044334; 7102493009","Studying the effect of wind direction on cross-ventilation turbulent flows","2017","Healthy Buildings Europe 2017","","","","","","","0","","https://www.scopus.com/inward/record.uri?eid=2-s2.0-85053879337&partnerID=40&md5=d4c20a2cb1ae3f8788a2b65a0d5bb248","Conference paper","Final","","Scopus","2-s2.0-85053879337"
"Hathway E.A.; Noakes C.J.; Fletcher L.A.; Sleigh P.A.; Clifton I.; Elliott M.W.","Hathway, E.A. (36655544000); Noakes, C.J. (6603481396); Fletcher, L.A. (7101843418); Sleigh, P.A. (57266098300); Clifton, I. (35271234500); Elliott, M.W. (7402622210)","36655544000; 6603481396; 7101843418; 57266098300; 35271234500; 7402622210","The role of nursing activities on the bioaerosol production in hospital wards","2013","Indoor and Built Environment","22","2","","410","421","11","13","10.1177/1420326X11428088","https://www.scopus.com/inward/record.uri?eid=2-s2.0-84879231683&doi=10.1177%2f1420326X11428088&partnerID=40&md5=f25d851f4a5f1cfe0c6fcb48a8252575","Article","Final","All Open Access; Green Open Access","Scopus","2-s2.0-84879231683"
"Biswas D.; Bono V.; Scott-South M.; Chatterjee S.; Soska A.; Snow S.; Noakes C.; Barlow J.F.; Maharatna K.; Schraefel M.C.","Biswas, Dwaipayan (55576295700); Bono, Valentina (56005780400); Scott-South, Michael (57189292613); Chatterjee, Shre (56132450800); Soska, Anna (55568798600); Snow, Steve (58345433100); Noakes, Catherine (6603481396); Barlow, Janet F. (7402197813); Maharatna, Koushik (55904125700); Schraefel, M.C. (57193559107)","55576295700; 56005780400; 57189292613; 56132450800; 55568798600; 58345433100; 6603481396; 7402197813; 55904125700; 57193559107","Analysing wireless EEG based functional connectivity measures with respect to change in environmental factors","2016","3rd IEEE EMBS International Conference on Biomedical and Health Informatics, BHI 2016","","","7455969","599","602","3","6","10.1109/BHI.2016.7455969","https://www.scopus.com/inward/record.uri?eid=2-s2.0-84968547030&doi=10.1109%2fBHI.2016.7455969&partnerID=40&md5=86a6fdb13e4211c98e1ceeae9d04e9be","Conference paper","Final","All Open Access; Green Open Access","Scopus","2-s2.0-84968547030"
"Cowie A.R.; Noakes C.J.; Sleigh P.A.; Toropov V.V.","Cowie, A.R. (56035618600); Noakes, C.J. (6603481396); Sleigh, P.A. (57266098300); Toropov, V.V. (7003629320)","56035618600; 6603481396; 57266098300; 7003629320","Meta-model based optimization of building thermal performance incorporating local comfort analysis","2013","Civil-Comp Proceedings","102","","","","","","0","","https://www.scopus.com/inward/record.uri?eid=2-s2.0-84893953740&partnerID=40&md5=e2527577dd00efffa0f369c413c1ce65","Conference paper","Final","","Scopus","2-s2.0-84893953740"
"Edwards A.J.; Noakes C.J.; López-García M.; King M.-F.; Peckham D.","Edwards, Alexander J. (58209947400); Noakes, Catherine J. (6603481396); López-García, Martín (36647824200); King, Marco-Felipe (55383157200); Peckham, Daniel (7005935206)","58209947400; 6603481396; 36647824200; 55383157200; 7005935206","A mathematical model for assessing transient airborne infection risks in hospital settings","2022","17th International Conference on Indoor Air Quality and Climate, INDOOR AIR 2022","","","","","","","0","","https://www.scopus.com/inward/record.uri?eid=2-s2.0-85159212381&partnerID=40&md5=df1432de67fbf03aa5d75859b4ad4ba7","Conference paper","Final","","Scopus","2-s2.0-85159212381"
"King M.-F.; Gough H.L.; Halios C.; Barlow J.F.; Noakes C.J.","King, M.-F. (55383157200); Gough, H.L. (57195310189); Halios, C. (8705436400); Barlow, J.F. (7402197813); Noakes, C.J. (6603481396)","55383157200; 57195310189; 8705436400; 7402197813; 6603481396","CFD of cross-flow ventilation of a full-scale cubical building using a time-dependent k- ω SST SAS turbulence model","2018","15th Conference of the International Society of Indoor Air Quality and Climate, INDOOR AIR 2018","","","","","","","0","","https://www.scopus.com/inward/record.uri?eid=2-s2.0-85105627753&partnerID=40&md5=9c1c0fc1e837051856648b0ea2a601db","Conference paper","Final","","Scopus","2-s2.0-85105627753"
"Capetillo A.C.; Noakes C.; Andrew Sleigh P.","Capetillo, Azael Cortes (56548900200); Noakes, Catherine (6603481396); Andrew Sleigh, P. (57266098300)","56548900200; 6603481396; 57266098300","CFD analysis to assess performance of multi-lamp in-duct UVGI air disinfection systems","2017","Healthy Buildings Europe 2017","","","","","","","1","","https://www.scopus.com/inward/record.uri?eid=2-s2.0-85053932924&partnerID=40&md5=4f7ce358badd17684cccae5f8900f50e","Conference paper","Final","","Scopus","2-s2.0-85053932924"
"King M.-F.; Camargo-Valero M.A.; Matamoros-Veloza A.; Sleigh P.A.; Noakes C.J.","King, Marco-Felipe (55383157200); Camargo-Valero, Miller Alonso (16642000800); Matamoros-Veloza, Adriana (56331281700); Sleigh, P. Andrew (57266098300); Noakes, Catherine J. (6603481396)","55383157200; 16642000800; 56331281700; 57266098300; 6603481396","An effective surrogate tracer technique for S. aureus bioaerosols in a mechanically ventilated hospital room replica using dilute aqueous lithium chloride","2017","Atmosphere","8","12","238","","","","5","10.3390/atmos8120238","https://www.scopus.com/inward/record.uri?eid=2-s2.0-85036476884&doi=10.3390%2fatmos8120238&partnerID=40&md5=eb97b1644256c72423545b114ddc144d","Article","Final","All Open Access; Gold Open Access; Green Open Access","Scopus","2-s2.0-85036476884"
"Rutter H.; Parker S.; Stahl-Timmins W.; Noakes C.; Smyth A.; MacBeth R.; Fitzgerald S.; Freeman A.L.J.","Rutter, Harry (12808065600); Parker, Simon (26531794000); Stahl-Timmins, Will (35303627800); Noakes, Catherine (6603481396); Smyth, Alexandra (57373572600); MacBeth, Ron (57373572700); Fitzgerald, Shaun (7202186336); Freeman, Alexandra L J (57195283937)","12808065600; 26531794000; 35303627800; 6603481396; 57373572600; 57373572700; 7202186336; 57195283937","Visualising SARS-CoV-2 transmission routes and mitigations","2021","The BMJ","375","","e065312","","","","23","10.1136/bmj-2021-065312","https://www.scopus.com/inward/record.uri?eid=2-s2.0-85121272833&doi=10.1136%2fbmj-2021-065312&partnerID=40&md5=b6a84640b984d1b47c1f6596a6cae4d3","Article","Final","All Open Access; Green Open Access","Scopus","2-s2.0-85121272833"
"Wilson A.M.; King M.-F.; Clifton I.; Proctor J.; Reynolds K.A.; Noakes C.J.","Wilson, Amanda M. (57195611222); King, Marco-Felipe (55383157200); Clifton, Ian (35271234500); Proctor, Jessica (57218161473); Reynolds, Kelly A. (7201538123); Noakes, Catherine J. (6603481396)","57195611222; 55383157200; 35271234500; 57218161473; 7201538123; 6603481396","Modelling the influence of room orientation and care type on differences in norovirus exposure via an air-surface interface transmission route","2020","16th Conference of the International Society of Indoor Air Quality and Climate: Creative and Smart Solutions for Better Built Environments, Indoor Air 2020","","","","","","","0","","https://www.scopus.com/inward/record.uri?eid=2-s2.0-85101610609&partnerID=40&md5=3ffaac309546e88ff1aed8b45064ef9d","Conference paper","Final","","Scopus","2-s2.0-85101610609"
"Gough H.L.; Luo Z.; Halios C.H.; King M.-F.; Noakes C.J.; Grimmond C.S.B.; Barlow J.F.; Hoxey R.; Quinn A.D.","Gough, H.L. (57195310189); Luo, Z. (35746716000); Halios, C.H. (8705436400); King, M.-F. (55383157200); Noakes, C.J. (6603481396); Grimmond, C.S.B. (55188785600); Barlow, J.F. (7402197813); Hoxey, R. (7005085151); Quinn, A.D. (7102493009)","57195310189; 35746716000; 8705436400; 55383157200; 6603481396; 55188785600; 7402197813; 7005085151; 7102493009","Field measurement of natural ventilation rate in an idealised full-scale building located in a staggered urban array: Comparison between tracer gas and pressure-based methods","2018","Building and Environment","137","","","246","256","10","68","10.1016/j.buildenv.2018.03.055","https://www.scopus.com/inward/record.uri?eid=2-s2.0-85045685510&doi=10.1016%2fj.buildenv.2018.03.055&partnerID=40&md5=2d2eb983e58b09429781a70b37459413","Article","Final","All Open Access; Green Open Access; Hybrid Gold Open Access","Scopus","2-s2.0-85045685510"
"Gilkeson N.A.; Khan M.A.I.; Noakes C.J.","Gilkeson, Natalie A. (57223345748); Khan, M Amirul I. (55800396100); Noakes, Catherine J. (6603481396)","57223345748; 55800396100; 6603481396","Computational fluid dynamics simulations of personalised ventilation: Sampling air quality in the breathing zone","2018","15th Conference of the International Society of Indoor Air Quality and Climate, INDOOR AIR 2018","","","","","","","0","","https://www.scopus.com/inward/record.uri?eid=2-s2.0-85105617688&partnerID=40&md5=cf97358d1514f1ea0dccdd1a511fca8f","Conference paper","Final","","Scopus","2-s2.0-85105617688"
"Rosyad A.Y.; Wahyudi C.A.D.; Noakes C.J.","Rosyad, Andri Y. (57915058300); Wahyudi, Candra A.D. (57211296413); Noakes, Catherine J. (6603481396)","57915058300; 57211296413; 6603481396","Profitability assessment of PV rooftop implementation for prosumer under net metering scheme in Indonesia","2020","CIRED - Open Access Proceedings Journal","2020","1","","714","716","2","4","10.1049/oap-cired.2021.0201","https://www.scopus.com/inward/record.uri?eid=2-s2.0-85139258453&doi=10.1049%2foap-cired.2021.0201&partnerID=40&md5=1df0de660cc8a5a613ac83df7e9db2bf","Conference paper","Final","All Open Access; Green Open Access; Hybrid Gold Open Access","Scopus","2-s2.0-85139258453"
"Ibanga I.E.; Fletcher L.A.; Noakes C.J.; King M.F.; Steinberg D.","Ibanga, I.E. (57203816737); Fletcher, L.A. (7101843418); Noakes, C.J. (6603481396); King, M.F. (55383157200); Steinberg, D. (57203820878)","57203816737; 7101843418; 6603481396; 55383157200; 57203820878","Pilot-scale biofiltration at a materials recovery facility: The impact on bioaerosol control","2018","Waste Management","80","","","154","167","13","24","10.1016/j.wasman.2018.09.010","https://www.scopus.com/inward/record.uri?eid=2-s2.0-85053065485&doi=10.1016%2fj.wasman.2018.09.010&partnerID=40&md5=34ee42f50c40360fd8fc0e3dafed6cdd","Article","Final","All Open Access; Green Open Access","Scopus","2-s2.0-85053065485"
"Wilson A.M.; King M.-F.; López-García M.; Clifton I.J.; Proctor J.; Reynolds K.A.; Noakes C.J.","Wilson, Amanda M. (57195611222); King, Marco-Felipe (55383157200); López-García, Martín (36647824200); Clifton, Ian J. (35271234500); Proctor, Jessica (57218161473); Reynolds, Kelly A. (7201538123); Noakes, Catherine J. (6603481396)","57195611222; 55383157200; 36647824200; 35271234500; 57218161473; 7201538123; 6603481396","Integrating CFD and exposure modeling for estimating viral exposures at the air-surface interface","2021","AIAA Aviation and Aeronautics Forum and Exposition, AIAA AVIATION Forum 2021","","","AIAA 2021-2740","","","","0","10.2514/6.2021-2740","https://www.scopus.com/inward/record.uri?eid=2-s2.0-85126787099&doi=10.2514%2f6.2021-2740&partnerID=40&md5=d158881b99e90d926bd8f59ad8c0e538","Conference paper","Final","","Scopus","2-s2.0-85126787099"
"King M.-F.; Noakes C.J.","King, Marco-Felipe (55383157200); Noakes, Catherine J. (6603481396)","55383157200; 6603481396","The influence of street canyon design on hospital air quality","2015","Proceedings - Healthy Buildings 2015 America: Innovation in a Time of Energy Uncertainty and Climate Adaptation, HB 2015","2015-July","","","423","426","3","0","","https://www.scopus.com/inward/record.uri?eid=2-s2.0-85052329519&partnerID=40&md5=bcba5f3616984ada3ce5179dcac41a54","Conference paper","Final","","Scopus","2-s2.0-85052329519"
"King M.-F.; Khan A.; Delbosc N.; Gough H.L.; Halios C.; Barlow J.F.; Noakes C.J.","King, Marco-Felipe (55383157200); Khan, Amirul (55800396100); Delbosc, Nicolas (22984829800); Gough, Hannah L. (57195310189); Halios, Christos (8705436400); Barlow, Janet F. (7402197813); Noakes, Catherine J. (6603481396)","55383157200; 55800396100; 22984829800; 57195310189; 8705436400; 7402197813; 6603481396","Modelling urban airflow and natural ventilation using a GPU-based lattice-Boltzmann method","2017","Building and Environment","125","","","273","284","11","60","10.1016/j.buildenv.2017.08.048","https://www.scopus.com/inward/record.uri?eid=2-s2.0-85032976429&doi=10.1016%2fj.buildenv.2017.08.048&partnerID=40&md5=d76f09890210c4d815a4a0649021299b","Article","Final","All Open Access; Green Open Access; Hybrid Gold Open Access","Scopus","2-s2.0-85032976429"
"Khan A.I.; Delbosc N.; Noakes C.J.; Summers J.","Khan, Amirul I. (55800396100); Delbosc, Nicolas (22984829800); Noakes, Catherine J. (6603481396); Summers, Jon (7202483248)","55800396100; 22984829800; 6603481396; 7202483248","A lattice boltzmann based real-time computational fluid dynamics (CFD) simulation of movement-induced indoor contaminant transport","2014","Indoor Air 2014 - 13th International Conference on Indoor Air Quality and Climate","","","","448","449","1","0","","https://www.scopus.com/inward/record.uri?eid=2-s2.0-84924723647&partnerID=40&md5=a31477dd25e8365aacb4f87618f39113","Conference paper","Final","","Scopus","2-s2.0-84924723647"
"Hiwar W.; King M.-F.; Shuweihdi F.; Fletcher L.A.; Dancer S.J.; Noakes C.J.","Hiwar, Waseem (57217068581); King, Marco-Felipe (55383157200); Shuweihdi, Farag (55766514600); Fletcher, Louise A. (7101843418); Dancer, Stephanie J. (7003919753); Noakes, Catherine J. (6603481396)","57217068581; 55383157200; 55766514600; 7101843418; 7003919753; 6603481396","What is the relationship between indoor air quality parameters and airborne microorganisms in hospital environments? A systematic review and meta-analysis","2021","Indoor Air","31","5","","1308","1322","14","44","10.1111/ina.12846","https://www.scopus.com/inward/record.uri?eid=2-s2.0-85105108136&doi=10.1111%2fina.12846&partnerID=40&md5=d1d14889cd32b9f5eeae77be06cbed17","Review","Final","All Open Access; Green Open Access","Scopus","2-s2.0-85105108136"
"King M.-F.; Khan A.; Noakes C.J.","King, Marco-Felipe (55383157200); Khan, Amirul (55800396100); Noakes, Catherine J. (6603481396)","55383157200; 55800396100; 6603481396","Coupled indoor/outdoor airflow simulation comparing ANSYS Fluent with a GPU-based lattice Boltzmann model for urban environments","2018","15th Conference of the International Society of Indoor Air Quality and Climate, INDOOR AIR 2018","","","","","","","0","","https://www.scopus.com/inward/record.uri?eid=2-s2.0-85105620851&partnerID=40&md5=86f90f5afbbe0ccb1ddb12f783883923","Conference paper","Final","","Scopus","2-s2.0-85105620851"
"Capetillo A.; Noakes C.J.; Sleigh P.A.; Khan A.","Capetillo, Azael (56548900200); Noakes, Catherine J. (6603481396); Sleigh, P. Andrew (57266098300); Khan, Amirul (55800396100)","56548900200; 6603481396; 57266098300; 55800396100","In-duct uvgi air sterilisation: Optimisation study for high performance energy efficient systems","2014","Indoor Air 2014 - 13th International Conference on Indoor Air Quality and Climate","","","","594","599","5","4","","https://www.scopus.com/inward/record.uri?eid=2-s2.0-84924751715&partnerID=40&md5=7f848527e26cd522248bc152450cf15b","Conference paper","Final","","Scopus","2-s2.0-84924751715"
"Peng Z.; Rojas A.P.; Kropff E.; Bahnfleth W.; Buonanno G.; Dancer S.; Kurnitski J.; Li Y.; Loomans M.; Marr L.; Morawska L.; Nazaroff W.; Noakes C.; Querol X.; Sekhar C.; Tellier R.; Greenhalgh T.; Bourouiba L.; Boerstra A.; Tang J.; Miller S.; Jimenez J.","Peng, Z. (56647321100); Rojas, A.L. Pineda (23989335300); Kropff, E. (8725867900); Bahnfleth, W. (7004444149); Buonanno, G. (7006985475); Dancer, S.J. (7003919753); Kurnitski, J. (55940296200); Li, Y. (57204521929); Loomans, M.G.L.C. (6603078719); Marr, L.C. (13308311400); Morawska, L. (7004773965); Nazaroff, W. (7006235747); Noakes, C. (6603481396); Querol, X. (7004532767); Sekhar, C. (57862297800); Tellier, R. (7004847486); Greenhalgh, T. (24344105700); Bourouiba, L. (23110380900); Boerstra, A. (35766486200); Tang, J.W. (10341387300); Miller, S.L. (7406286894); Jimenez, J.L. (57203776263)","56647321100; 23989335300; 8725867900; 7004444149; 7006985475; 7003919753; 55940296200; 57204521929; 6603078719; 13308311400; 7004773965; 7006235747; 6603481396; 7004532767; 57862297800; 7004847486; 24344105700; 23110380900; 35766486200; 10341387300; 7406286894; 57203776263","Practical Indicators for Risk of Airborne Transmission in Shared Indoor Environments and Their Application to COVID-19 Outbreaks","2022","Environmental Science and Technology","56","2","","1125","1137","12","133","10.1021/acs.est.1c06531","https://www.scopus.com/inward/record.uri?eid=2-s2.0-85122757483&doi=10.1021%2facs.est.1c06531&partnerID=40&md5=7e6745c63634c335732d0a502d913856","Article","Final","All Open Access; Green Open Access; Hybrid Gold Open Access","Scopus","2-s2.0-85122757483"
"Hiwar W.; King M.-F.; Shuweihdi F.; Fletcher L.; Dancer S.J.; Noakes C.","Hiwar, Waseem (57217068581); King, Marco-Felipe (55383157200); Shuweihdi, Farag (55766514600); Fletcher, Louise (7101843418); Dancer, S.J. (7003919753); Noakes, Catherine (6603481396)","57217068581; 55383157200; 55766514600; 7101843418; 7003919753; 6603481396","Relationships between airborne microorganism levels and ambient air temperature and relative humidity in hospitals: A systematic review and meta-analysis","2020","16th Conference of the International Society of Indoor Air Quality and Climate: Creative and Smart Solutions for Better Built Environments, Indoor Air 2020","","","","","","","0","","https://www.scopus.com/inward/record.uri?eid=2-s2.0-85101604178&partnerID=40&md5=39032cfff2f46a6f101c2d296d22e78b","Conference paper","Final","","Scopus","2-s2.0-85101604178"
"King M.-F.; Gough H.L.; Halios C.; Barlow J.F.; Robertson A.; Hoxey R.; Noakes C.J.","King, Marco-Felipe (55383157200); Gough, Hannah L. (57195310189); Halios, Christos (8705436400); Barlow, Janet F. (7402197813); Robertson, Adam (7403044334); Hoxey, Roger (7005085151); Noakes, Catherine J. (6603481396)","55383157200; 57195310189; 8705436400; 7402197813; 7403044334; 7005085151; 6603481396","Investigating the influence of neighbouring structures on natural ventilation potential of a full-scale cubical building using time-dependent CFD","2017","Journal of Wind Engineering and Industrial Aerodynamics","169","","","265","279","14","81","10.1016/j.jweia.2017.07.020","https://www.scopus.com/inward/record.uri?eid=2-s2.0-85026915526&doi=10.1016%2fj.jweia.2017.07.020&partnerID=40&md5=3b18d663db6f5419525460612df8f58c","Article","Final","All Open Access; Green Open Access; Hybrid Gold Open Access","Scopus","2-s2.0-85026915526"
"Virden D.W.; Noakes C.J.; Sleigh P.A.; Coddington P.","Virden, D.W. (55837996600); Noakes, C.J. (6603481396); Sleigh, P.A. (57266098300); Coddington, P. (58597781900)","55837996600; 6603481396; 57266098300; 58597781900","What can complex network theory and segment analysis tell us about resilience in a water distribution network?","2012","14th Water Distribution Systems Analysis Conference 2012, WDSA 2012","1","","","632","641","9","0","","https://www.scopus.com/inward/record.uri?eid=2-s2.0-84883075270&partnerID=40&md5=67e9d57fede700ffb646345add95e084","Conference paper","Final","","Scopus","2-s2.0-84883075270"
"Vouriot C.V.M.; Burridge H.C.; Noakes C.J.; Linden P.F.","Vouriot, Carolanne V. M. (57203940137); Burridge, Henry C. (54893797500); Noakes, Catherine J. (6603481396); Linden, Paul F. (7005538952)","57203940137; 54893797500; 6603481396; 7005538952","Seasonal variation in airborne infection risk in schools due to changes in ventilation inferred from monitored carbon dioxide","2021","Indoor Air","31","4","","1154","1163","9","45","10.1111/ina.12818","https://www.scopus.com/inward/record.uri?eid=2-s2.0-85102209507&doi=10.1111%2fina.12818&partnerID=40&md5=c2da320d7d338ec2f109d6e93a13358e","Article","Final","All Open Access; Green Open Access","Scopus","2-s2.0-85102209507"
"Miller S.L.; Nazaroff W.W.; Jimenez J.L.; Boerstra A.; Buonanno G.; Dancer S.J.; Kurnitski J.; Marr L.C.; Morawska L.; Noakes C.","Miller, Shelly L. (7406286894); Nazaroff, William W (7006235747); Jimenez, Jose L. (57203776263); Boerstra, Atze (35766486200); Buonanno, Giorgio (7006985475); Dancer, Stephanie J. (7003919753); Kurnitski, Jarek (55940296200); Marr, Linsey C. (13308311400); Morawska, Lidia (7004773965); Noakes, Catherine (6603481396)","7406286894; 7006235747; 57203776263; 35766486200; 7006985475; 7003919753; 55940296200; 13308311400; 7004773965; 6603481396","Transmission of SARS-CoV-2 by inhalation of respiratory aerosol in the Skagit Valley Chorale superspreading event","2021","Indoor Air","31","2","","314","323","9","491","10.1111/ina.12751","https://www.scopus.com/inward/record.uri?eid=2-s2.0-85092413509&doi=10.1111%2fina.12751&partnerID=40&md5=f3e076df7339d069c92b7af6f0967fcc","Article","Final","All Open Access; Gold Open Access; Green Open Access","Scopus","2-s2.0-85092413509"
"Khaliq K.A.; Noakes C.; Kemp A.H.; Thompson C.","Khaliq, Kishwer Abdul (56081255200); Noakes, Catherine (6603481396); Kemp, Andrew H. (55567457800); Thompson, Carl (7404237601)","56081255200; 6603481396; 55567457800; 7404237601","Evaluating the performance of wearable devices for contact tracing in care home environments","2023","Journal of Occupational and Environmental Hygiene","20","10","","468","479","11","5","10.1080/15459624.2023.2241522","https://www.scopus.com/inward/record.uri?eid=2-s2.0-85170526313&doi=10.1080%2f15459624.2023.2241522&partnerID=40&md5=53d61e9561e61f4b5a9e079923943472","Article","Final","All Open Access; Hybrid Gold Open Access","Scopus","2-s2.0-85170526313"
"King M.-F.; Noakes C.J.; Barlow J.F.","King, Marco-Felipe (55383157200); Noakes, Catherine J. (6603481396); Barlow, Janet F. (7402197813)","55383157200; 6603481396; 7402197813","Urban pollution and indoor air quality, an undisputed relationship: CFD modelling of single-sided pollutant ingress","2015","Healthy Buildings Europe 2015, HB 2015 - Conference Proceedings","2015-May","","","","","","2","","https://www.scopus.com/inward/record.uri?eid=2-s2.0-85017019256&partnerID=40&md5=e992dec2003d5ec483ff77f850bd90a5","Conference paper","Final","","Scopus","2-s2.0-85017019256"
"López-García M.; King M.-F.; Noakes C.J.","López-García, Martín (36647824200); King, Marco-Felipe (55383157200); Noakes, Catherine J. (6603481396)","36647824200; 55383157200; 6603481396","A Multicompartment SIS Stochastic Model with Zonal Ventilation for the Spread of Nosocomial Infections: Detection, Outbreak Management, and Infection Control","2019","Risk Analysis","39","8","","1825","1842","17","18","10.1111/risa.13300","https://www.scopus.com/inward/record.uri?eid=2-s2.0-85063624113&doi=10.1111%2frisa.13300&partnerID=40&md5=c92b49ca74848039674697e2c79055aa","Article","Final","All Open Access; Green Open Access; Hybrid Gold Open Access","Scopus","2-s2.0-85063624113"
"Peng Z.; Pineda Rojas A.L.; Kropff E.; Bahnfleth W.; Buonanno G.; Dancer S.J.; Kurnitski J.; Li Y.; Loomans M.G.L.C.; Marr L.C.; Morawska L.; Nazaroff W.; Noakes C.; Querol X.; Sekhar C.; Tellier R.; Greenhalgh T.; Bourouiba L.; Boerstra A.; Tang J.W.; Miller S.L.; Jimenez J.L.","Peng, Zhe (56647321100); Pineda Rojas, Andrea L. (23989335300); Kropff, Emilio (8725867900); Bahnfleth, William (7004444149); Buonanno, Giorgio (7006985475); Dancer, Stefanie J. (7003919753); Kurnitski, Jarek (55940296200); Li, Yuguo (57204521929); Loomans, Marcel G.L.C. (6603078719); Marr, Linsey C. (13308311400); Morawska, Lidia (7004773965); Nazaroff, William (7006235747); Noakes, Catherine (6603481396); Querol, Xavier (7004532767); Sekhar, Chandra (57862297800); Tellier, Raymond (7004847486); Greenhalgh, Trisha (24344105700); Bourouiba, Lydia (23110380900); Boerstra, Atze (35766486200); Tang, Julian W. (57469383600); Miller, Shelly L. (7406286894); Jimenez, Jose L. (57203776263)","56647321100; 23989335300; 8725867900; 7004444149; 7006985475; 7003919753; 55940296200; 57204521929; 6603078719; 13308311400; 7004773965; 7006235747; 6603481396; 7004532767; 57862297800; 7004847486; 24344105700; 23110380900; 35766486200; 57469383600; 7406286894; 57203776263","Erratum: Practical Indicators for Risk of Airborne Transmission in Shared Indoor Environments and Their Application to COVID-19 Outbreaks (Environmental Science and Technology (2022) 56:2 (1125-1137) DOI: 10.1021/acs.est.1c06531)","2022","Environmental Science and Technology","56","5","","3302","3303","1","2","10.1021/acs.est.2c00792","https://www.scopus.com/inward/record.uri?eid=2-s2.0-85125389208&doi=10.1021%2facs.est.2c00792&partnerID=40&md5=4a812472949c8c945f9bb78a1d2c96b7","Erratum","Final","All Open Access; Hybrid Gold Open Access","Scopus","2-s2.0-85125389208"
"Hiwar W.; Kharrufa H.; King M.-F.; Salman N.; Fletcher L.; Noakes C.","Hiwar, Waseem (57217068581); Kharrufa, Harith (57193992558); King, Marco-Felipe (55383157200); Salman, Naveed (58133403800); Fletcher, Louise (7101843418); Noakes, Catherine (6603481396)","57217068581; 57193992558; 55383157200; 58133403800; 7101843418; 6603481396","Multiplate air passive sampler to measure deposition rate of airborne microorganisms over time","2020","16th Conference of the International Society of Indoor Air Quality and Climate: Creative and Smart Solutions for Better Built Environments, Indoor Air 2020","","","","","","","1","","https://www.scopus.com/inward/record.uri?eid=2-s2.0-85101648684&partnerID=40&md5=b7c898237c8aa5deb678973dfe4bc812","Conference paper","Final","","Scopus","2-s2.0-85101648684"
"Cowie A.; Noakes C.; Sleigh A.; Toropov V.","Cowie, Andrew (56035618600); Noakes, Catherine (6603481396); Sleigh, Andy (57266098300); Toropov, Vassili (7003629320)","56035618600; 6603481396; 57266098300; 7003629320","4 Meta-model based method for thermal comfort and energy use building optimisation at a local resolution","2015","14th International Conference of IBPSA - Building Simulation 2015, BS 2015, Conference Proceedings","","","","2325","2332","7","0","","https://www.scopus.com/inward/record.uri?eid=2-s2.0-84976402805&partnerID=40&md5=ab0a3fa6971b0c7387ac8450e0f7bf43","Conference paper","Final","","Scopus","2-s2.0-84976402805"
"de Mesquita P.J.B.; Noakes C.J.; Milton D.K.","de Mesquita, P. Jacob Bueno (57203126396); Noakes, Catherine J. (6603481396); Milton, Donald K. (35434286800)","57203126396; 6603481396; 35434286800","Quantitative aerobiologic analysis of an influenza human challenge-transmission trial","2020","16th Conference of the International Society of Indoor Air Quality and Climate: Creative and Smart Solutions for Better Built Environments, Indoor Air 2020","","","","","","","0","","https://www.scopus.com/inward/record.uri?eid=2-s2.0-85101630355&partnerID=40&md5=50732b3e6c9a8b342c44250247699139","Conference paper","Final","","Scopus","2-s2.0-85101630355"
"King M.-F.; Noakes C.J.; Sleigh P.A.; Bale S.; Waters L.","King, M-F. (55383157200); Noakes, C.J. (6603481396); Sleigh, P.A. (57266098300); Bale, S. (57190387447); Waters, L. (10140967500)","55383157200; 6603481396; 57266098300; 57190387447; 10140967500","Relationship between healthcare worker surface contacts, care type and hand hygiene: an observational study in a single-bed hospital ward","2016","Journal of Hospital Infection","94","1","","48","51","3","15","10.1016/j.jhin.2016.05.003","https://www.scopus.com/inward/record.uri?eid=2-s2.0-84979649194&doi=10.1016%2fj.jhin.2016.05.003&partnerID=40&md5=ac8380d3385ac68b1c7b61d7f7581273","Article","Final","All Open Access; Green Open Access; Hybrid Gold Open Access","Scopus","2-s2.0-84979649194"
"Bueno de Mesquita P.J.; Noakes C.J.; Milton D.K.","Bueno de Mesquita, Paul Jacob (57203126396); Noakes, Catherine J. (6603481396); Milton, Donald K. (35434286800)","57203126396; 6603481396; 35434286800","Quantitative aerobiologic analysis of an influenza human challenge-transmission trial","2020","Indoor Air","30","6","","1189","1198","9","21","10.1111/ina.12701","https://www.scopus.com/inward/record.uri?eid=2-s2.0-85086472537&doi=10.1111%2fina.12701&partnerID=40&md5=fcfb069d8415a74db666940254a41663","Article","Final","All Open Access; Gold Open Access; Green Open Access","Scopus","2-s2.0-85086472537"
"Sharpe T.; McGill G.; Dancer S.J.; King M.-F.; Fletcher L.; Noakes C.J.","Sharpe, T. (36451282900); McGill, G. (55775467100); Dancer, S.J. (7003919753); King, M.-F. (55383157200); Fletcher, L. (7101843418); Noakes, C.J. (6603481396)","36451282900; 55775467100; 7003919753; 55383157200; 7101843418; 6603481396","Influence of ventilation use and occupant behaviour on surface microorganisms in contemporary social housing","2020","Scientific Reports","10","1","11841","","","","13","10.1038/s41598-020-68809-2","https://www.scopus.com/inward/record.uri?eid=2-s2.0-85088131311&doi=10.1038%2fs41598-020-68809-2&partnerID=40&md5=428f20c4a1a0e78e46f7b6f3c23b3ea8","Article","Final","All Open Access; Green Open Access","Scopus","2-s2.0-85088131311"
"Flahault A.; Calmy A.; Costagliola D.; Drapkina O.; Eckerle I.; Larson H.J.; Legido-Quigley H.; Noakes C.; Kazatchkine M.; Kluge H.","Flahault, Antoine (55382983400); Calmy, Alexandra (35278293000); Costagliola, Dominique (57219731087); Drapkina, Oxana (57208852308); Eckerle, Isabella (26635024600); Larson, Heidi J (57223681247); Legido-Quigley, Helena (15837269400); Noakes, Catherine (6603481396); Kazatchkine, Michel (35392011700); Kluge, Hans (59466364500)","55382983400; 35278293000; 57219731087; 57208852308; 26635024600; 57223681247; 15837269400; 6603481396; 35392011700; 59466364500","No time for complacency on COVID-19 in Europe","2023","The Lancet","401","10392","","1909","1912","3","12","10.1016/S0140-6736(23)01012-7","https://www.scopus.com/inward/record.uri?eid=2-s2.0-85161053279&doi=10.1016%2fS0140-6736%2823%2901012-7&partnerID=40&md5=5323625cb36106174d76afa65b4607eb","Note","Final","All Open Access; Bronze Open Access; Green Open Access","Scopus","2-s2.0-85161053279"
"McDonagh A.; Noakes C.J.","McDonagh, Ann (55241532300); Noakes, Catherine J. (6603481396)","55241532300; 6603481396","A comparison of the sampling efficiency of bioaerosol samplers and particle counters in natural and controlled environments","2014","Indoor Air 2014 - 13th International Conference on Indoor Air Quality and Climate","","","","299","303","4","2","","https://www.scopus.com/inward/record.uri?eid=2-s2.0-84924689947&partnerID=40&md5=f0216330b257e83e45bff7e1e4802f59","Conference paper","Final","","Scopus","2-s2.0-84924689947"
"Khaliq K.A.; Mohamad S.; Edwards A.J.; Noakes C.; Kemp A.H.; Thompson C.; McGill G.; Sharpe T.","Khaliq, Kishwer Abdul (56081255200); Mohamad, Sara (58815300700); Edwards, Alexander J. (58209947400); Noakes, Catherine (6603481396); Kemp, Andrew H. (55567457800); Thompson, Carl (7404237601); McGill, Gráinne (55775467100); Sharpe, Tim (36451282900)","56081255200; 58815300700; 58209947400; 6603481396; 55567457800; 7404237601; 55775467100; 36451282900","Environmental data monitoring and infection risks in UK care-homes in the context of COVID-19","2024","Building and Environment","250","","111174","","","","3","10.1016/j.buildenv.2024.111174","https://www.scopus.com/inward/record.uri?eid=2-s2.0-85182514240&doi=10.1016%2fj.buildenv.2024.111174&partnerID=40&md5=138b9e81cd2b82ebdfce49b2cd04a599","Article","Final","All Open Access; Green Open Access; Hybrid Gold Open Access","Scopus","2-s2.0-85182514240"
"Short C.A.; Noakes C.J.; Gilkeson C.A.; Fair A.","Short, C. Alan (16054033700); Noakes, Catherine J. (6603481396); Gilkeson, Carl A. (30967495600); Fair, Alistair (53863590200)","16054033700; 6603481396; 30967495600; 53863590200","Functional recovery of a resilient hospital type","2014","Building Research and Information","42","6","","657","684","27","11","10.1080/09613218.2014.926605","https://www.scopus.com/inward/record.uri?eid=2-s2.0-84926073622&doi=10.1080%2f09613218.2014.926605&partnerID=40&md5=88b53f413927f41830e952b01c09b7b1","Article","Final","All Open Access; Green Open Access; Hybrid Gold Open Access","Scopus","2-s2.0-84926073622"
"Freeman A.L.J.; Parker S.; Noakes C.; Fitzgerald S.; Smyth A.; MacBeth R.; Spiegelhalter D.; Rutter H.","Freeman, Alexandra Lj (57195283937); Parker, Simon (26531794000); Noakes, Catherine (6603481396); Fitzgerald, Shaun (7202186336); Smyth, Alexandra (57373572600); MacBeth, Ron (57373572700); Spiegelhalter, David (35491822900); Rutter, Harry (12808065600)","57195283937; 26531794000; 6603481396; 7202186336; 57373572600; 57373572700; 35491822900; 12808065600","Expert elicitation on the relative importance of possible SARS-CoV-2 transmission routes and the effectiveness of mitigations","2021","BMJ Open","11","12","e050869","","","","12","10.1136/bmjopen-2021-050869","https://www.scopus.com/inward/record.uri?eid=2-s2.0-85121231573&doi=10.1136%2fbmjopen-2021-050869&partnerID=40&md5=7f67572ed0b0fbbdace7a15e8e7517da","Article","Final","All Open Access; Gold Open Access; Green Open Access","Scopus","2-s2.0-85121231573"
"Gough H.; King M.-F.; Nathan P.; Grimmond C.S.B.; Robins A.; Noakes C.J.; Luo Z.; Barlow J.F.","Gough, H. (57195310189); King, M.-F. (55383157200); Nathan, P. (57189035467); Grimmond, C.S.B. (55188785600); Robins, A. (7103256875); Noakes, C.J. (6603481396); Luo, Z. (35746716000); Barlow, J.F. (7402197813)","57195310189; 55383157200; 57189035467; 55188785600; 7103256875; 6603481396; 35746716000; 7402197813","Influence of neighbouring structures on building façade pressures: Comparison between full-scale, wind-tunnel, CFD and practitioner guidelines","2019","Journal of Wind Engineering and Industrial Aerodynamics","189","","","22","33","11","25","10.1016/j.jweia.2019.03.011","https://www.scopus.com/inward/record.uri?eid=2-s2.0-85063592077&doi=10.1016%2fj.jweia.2019.03.011&partnerID=40&md5=a000e87af558a95ba204178d6bfcaff7","Article","Final","All Open Access; Green Open Access","Scopus","2-s2.0-85063592077"
"Akande O.K.; King M.-F.; Noakes C.J.","Akande, Oluwafemi K. (36668313600); King, Marco-Felipe (55383157200); Noakes, Catherine J. (6603481396)","36668313600; 55383157200; 6603481396","Health risk assessment of residential characteristics and indoor air quality of naturally ventilated buildings in Nigeria","2018","15th Conference of the International Society of Indoor Air Quality and Climate, INDOOR AIR 2018","","","","","","","0","","https://www.scopus.com/inward/record.uri?eid=2-s2.0-85105621720&partnerID=40&md5=514b8725443c9f959ab9799348cea88a","Conference paper","Final","","Scopus","2-s2.0-85105621720"
"Morawska L.; Allen J.; Bahnfleth W.; Bluyssen P.M.; Boerstra A.; Buonanno G.; Cao J.; Dancer S.J.; Floto A.; Franchimon F.; Greenhalgh T.; Haworth C.; Hogeling J.; Isaxon C.; Jimenez J.L.; Kurnitski J.; Li Y.; Loomans M.; Marks G.; Marr L.C.; Mazzarella L.; Melikov A.K.; Miller S.; Milton D.K.; Nazaroff W.; Nielsen P.V.; Noakes C.; Peccia J.; Prather K.; Querol X.; Sekhar C.; Seppänen O.; Tanabe S.-I.; Tang J.W.; Tellier R.; Tham K.W.; Wargocki P.; Wierzbicka A.; Yao M.","Morawska, Lidia (7004773965); Allen, Joseph (16834469500); Bahnfleth, William (7004444149); Bluyssen, Philomena M. (6507274241); Boerstra, Atze (35766486200); Buonanno, Giorgio (7006985475); Cao, Junji (59064048100); Dancer, Stephanie J. (7003919753); Floto, Andres (6603520150); Franchimon, Francesco (24080354100); Greenhalgh, Trisha (24344105700); Haworth, Charles (7005598480); Hogeling, Jaap (55009480900); Isaxon, Christina (25936337400); Jimenez, Jose L. (57203776263); Kurnitski, Jarek (55940296200); Li, Yuguo (57204521929); Loomans, Marcel (6603078719); Marks, Guy (7202971580); Marr, Linsey C. (13308311400); Mazzarella, Livio (7007064923); Melikov, Arsen Krikor (7003537126); Miller, Shelly (7406286894); Milton, Donald K. (35434286800); Nazaroff, William (7006235747); Nielsen, Peter V. (24773772900); Noakes, Catherine (6603481396); Peccia, Jordan (6603601344); Prather, Kim (7005773698); Querol, Xavier (7004532767); Sekhar, Chandra (57862297800); Seppänen, Olli (7004826231); Tanabe, Shin-Ichi (55710820000); Tang, Julian W. (10341387300); Tellier, Raymond (7004847486); Tham, Kwok Wai (57210221751); Wargocki, Pawel (6602149538); Wierzbicka, Aneta (7004090929); Yao, Maosheng (8622183900)","7004773965; 16834469500; 7004444149; 6507274241; 35766486200; 7006985475; 59064048100; 7003919753; 6603520150; 24080354100; 24344105700; 7005598480; 55009480900; 25936337400; 57203776263; 55940296200; 57204521929; 6603078719; 7202971580; 13308311400; 7007064923; 7003537126; 7406286894; 35434286800; 7006235747; 24773772900; 6603481396; 6603601344; 7005773698; 7004532767; 57862297800; 7004826231; 55710820000; 10341387300; 7004847486; 57210221751; 6602149538; 7004090929; 8622183900","A paradigm shift to combat indoor respiratory infection","2021","Science","372","6543","","689","691","2","224","10.1126/science.abg2025","https://www.scopus.com/inward/record.uri?eid=2-s2.0-85105791725&doi=10.1126%2fscience.abg2025&partnerID=40&md5=23c6373a3bc4fef054da18a6f6e695bd","Review","Final","All Open Access; Green Open Access","Scopus","2-s2.0-85105791725"
"Morawska L.; Bahnfleth W.; Bluyssen P.M.; Boerstra A.; Buonanno G.; Dancer S.J.; Floto A.; Franchimon F.; Haworth C.; Hogeling J.; Isaxon C.; Jimenez J.L.; Kurnitski J.; Li Y.; Loomans M.; Marks G.; Marr L.C.; Mazzarella L.; Melikov A.K.; Miller S.; Milton D.K.; Nazaroff W.; Nielsen P.V.; Noakes C.; Peccia J.; Querol X.; Sekhar C.; Seppänen O.; Tanabe S.-I.; Tellier R.; Wai T.K.; Wargocki P.; Wierzbicka A.","Morawska, Lidia (7004773965); Bahnfleth, William (7004444149); Bluyssen, Philomena M. (6507274241); Boerstra, Atze (35766486200); Buonanno, Giorgio (7006985475); Dancer, Stephanie J. (7003919753); Floto, Andres (6603520150); Franchimon, Francesco (24080354100); Haworth, Charles (7005598480); Hogeling, Jaap (55009480900); Isaxon, Christina (25936337400); Jimenez, Jose L. (57203776263); Kurnitski, Jarek (55940296200); Li, Yuguo (57204521929); Loomans, Marcel (6603078719); Marks, Guy (7202971580); Marr, Linsey C. (13308311400); Mazzarella, Livio (7007064923); Melikov, Arsen Krikor (7003537126); Miller, Shelly (7406286894); Milton, Donald K. (35434286800); Nazaroff, William (7006235747); Nielsen, Peter V. (24773772900); Noakes, Catherine (6603481396); Peccia, Jordan (6603601344); Querol, Xavier (7004532767); Sekhar, Chandra (57862297800); Seppänen, Olli (7004826231); Tanabe, Shin-Ichi (55710820000); Tellier, Raymond (7004847486); Wai, Tham Kwok (57210221751); Wargocki, Pawel (6602149538); Wierzbicka, Aneta (7004090929)","7004773965; 7004444149; 6507274241; 35766486200; 7006985475; 7003919753; 6603520150; 24080354100; 7005598480; 55009480900; 25936337400; 57203776263; 55940296200; 57204521929; 6603078719; 7202971580; 13308311400; 7007064923; 7003537126; 7406286894; 35434286800; 7006235747; 24773772900; 6603481396; 6603601344; 7004532767; 57862297800; 7004826231; 55710820000; 7004847486; 57210221751; 6602149538; 7004090929","Coronavirus Disease 2019 and Airborne Transmission: Science Rejected, Lives Lost. Can Society Do Better?","2023","Clinical Infectious Diseases","76","10","","1854","1859","5","18","10.1093/cid/ciad068","https://www.scopus.com/inward/record.uri?eid=2-s2.0-85160206684&doi=10.1093%2fcid%2fciad068&partnerID=40&md5=106e550acdb43ccec027b2358b13b13b","Review","Final","All Open Access; Green Open Access; Hybrid Gold Open Access","Scopus","2-s2.0-85160206684"
"Capetillo A.; Noakes C.J.; Sleigh P.A.","Capetillo, Azael (56548900200); Noakes, Catherine J. (6603481396); Sleigh, P. Andrew (57266098300)","56548900200; 6603481396; 57266098300","Computational fluid dynamics analysis to assess performance variability of in-duct UV-C systems","2015","Science and Technology for the Built Environment","21","1","","45","53","8","21","10.1080/10789669.2014.968512","https://www.scopus.com/inward/record.uri?eid=2-s2.0-84940371637&doi=10.1080%2f10789669.2014.968512&partnerID=40&md5=321438db88c996dc6d98a19f7602d3de","Article","Final","All Open Access; Green Open Access","Scopus","2-s2.0-84940371637"
"Wilson A.M.; Abney S.E.; King M.-F.; Weir M.H.; López-García M.; Sexton J.D.; Dancer S.J.; Proctor J.; Noakes C.J.; Reynolds K.A.","Wilson, A.M. (57195611222); Abney, S.E. (57218163619); King, M.-F. (55383157200); Weir, M.H. (22137121000); López-García, M. (36647824200); Sexton, J.D. (35772961600); Dancer, S.J. (7003919753); Proctor, J. (57218161473); Noakes, C.J. (6603481396); Reynolds, K.A. (7201538123)","57195611222; 57218163619; 55383157200; 22137121000; 36647824200; 35772961600; 7003919753; 57218161473; 6603481396; 7201538123","COVID-19 and use of non-traditional masks: how do various materials compare in reducing the risk of infection for mask wearers?","2020","Journal of Hospital Infection","105","4","","640","642","2","39","10.1016/j.jhin.2020.05.036","https://www.scopus.com/inward/record.uri?eid=2-s2.0-85088086538&doi=10.1016%2fj.jhin.2020.05.036&partnerID=40&md5=1223d6da20d4118330b9799912757f8d","Note","Final","All Open Access; Green Open Access","Scopus","2-s2.0-85088086538"
"Burridge H.C.; Bontitsopoulos S.; Brown C.; Carter H.; Roberts K.; Vouriot C.; Weston D.; Mon-Williams M.; Williams N.; Noakes C.","Burridge, Henry C. (54893797500); Bontitsopoulos, Stavros (56951321400); Brown, Christopher (57989910400); Carter, Holly (36342364000); Roberts, Katherine (57989910500); Vouriot, Carolanne (57203940137); Weston, Dale (54400611100); Mon-Williams, Mark (7006287402); Williams, Natalie (57219834847); Noakes, Catherine (6603481396)","54893797500; 56951321400; 57989910400; 36342364000; 57989910500; 57203940137; 54400611100; 7006287402; 57219834847; 6603481396","Variations in classroom ventilation during the COVID-19 pandemic: Insights from monitoring 36 naturally ventilated classrooms in the UK during 2021","2023","Journal of Building Engineering","63","","105459","","","","21","10.1016/j.jobe.2022.105459","https://www.scopus.com/inward/record.uri?eid=2-s2.0-85143176473&doi=10.1016%2fj.jobe.2022.105459&partnerID=40&md5=d5cf50411c58982cf2b69f78dd206eba","Article","Final","All Open Access; Green Open Access; Hybrid Gold Open Access","Scopus","2-s2.0-85143176473"
"Wood R.; Borman D.J.; Noakes C.J.; Woods A.W.","Wood, Richard (56547921200); Borman, Duncan J. (6507564744); Noakes, Catherine J. (6603481396); Woods, Andrew W. (7201562573)","56547921200; 6507564744; 6603481396; 7201562573","Contaminant transport in a hospital corridor using a water-bath model","2014","Indoor Air 2014 - 13th International Conference on Indoor Air Quality and Climate","","","","532","537","5","1","","https://www.scopus.com/inward/record.uri?eid=2-s2.0-84924720604&partnerID=40&md5=02e578ace1e5817348e49b596813aa39","Conference paper","Final","","Scopus","2-s2.0-84924720604"
"Gilkeson C.A.; Noakes C.J.; Khan M.A.I.","Gilkeson, C.A. (30967495600); Noakes, C.J. (6603481396); Khan, M.A.I. (55800396100)","30967495600; 6603481396; 55800396100","Computational fluid dynamics modelling and optimisation of an upper-room ultraviolet germicidal irradiation system in a naturally ventilated hospital ward","2014","Indoor and Built Environment","23","3","","449","466","17","21","10.1177/1420326X14532933","https://www.scopus.com/inward/record.uri?eid=2-s2.0-84901709663&doi=10.1177%2f1420326X14532933&partnerID=40&md5=e0c1be02cd481e32ecd2807d29b599fb","Article","Final","All Open Access; Green Open Access","Scopus","2-s2.0-84901709663"
"Edwards A.J.; King M.-F.; Noakes C.J.; Peckham D.; López-García M.","Edwards, Alexander J. (58209947400); King, Marco-Felipe (55383157200); Noakes, Catherine J. (6603481396); Peckham, Daniel (7005935206); López-García, Martín (36647824200)","58209947400; 55383157200; 6603481396; 7005935206; 36647824200","The Wells–Riley model revisited: Randomness, heterogeneity, and transient behaviours","2024","Risk Analysis","44","9","","2125","2147","22","3","10.1111/risa.14295","https://www.scopus.com/inward/record.uri?eid=2-s2.0-85188582860&doi=10.1111%2frisa.14295&partnerID=40&md5=b87f11b0d33e02cbe4edec34d3dccf89","Article","Final","All Open Access; Hybrid Gold Open Access","Scopus","2-s2.0-85188582860"
"Thompson C.A.; Willis T.; Farrin A.; Gordon A.; Dafu-O’Reilly A.; Noakes C.; Khaliq K.; Kemp A.; Hall T.; Bojke C.; Spilsbury K.","Thompson, Carl A. (7404237601); Willis, Thomas (8643449400); Farrin, Amanda (57203614379); Gordon, Adam (23088143100); Dafu-O’Reilly, Amrit (59360182400); Noakes, Catherine (6603481396); Khaliq, Kishwer (56081255200); Kemp, Andrew (55567457800); Hall, Tom (57293513600); Bojke, Chris (6506446983); Spilsbury, Karen (6603559866)","7404237601; 8643449400; 57203614379; 23088143100; 59360182400; 6603481396; 56081255200; 55567457800; 57293513600; 6506446983; 6603559866","CONTACT: a non-randomised feasibility study of bluetooth-enabled wearables for contact tracing in UK care homes during the COVID-19 pandemic","2024","Pilot and Feasibility Studies","10","1","125","","","","0","10.1186/s40814-024-01549-6","https://www.scopus.com/inward/record.uri?eid=2-s2.0-85205893527&doi=10.1186%2fs40814-024-01549-6&partnerID=40&md5=7fc6fe0c3f6a410d728b7fe8d7d79be4","Article","Final","All Open Access; Gold Open Access; Green Open Access","Scopus","2-s2.0-85205893527"
"Thompson C.; Gordon A.; Khaliq K.; Daffu-O’Reilly A.; Willis T.; Noakes C.; Spilsbury K.","Thompson, Carl (7404237601); Gordon, Adam (23088143100); Khaliq, Kishwer (56081255200); Daffu-O’Reilly, Amrit (57194049605); Willis, Thomas (8643449400); Noakes, Catherine (6603481396); Spilsbury, Karen (6603559866)","7404237601; 23088143100; 56081255200; 57194049605; 8643449400; 6603481396; 6603559866","Quality in care homes: How wearable devices and social network analysis might help","2024","PLoS ONE","19","5 May","e0302478","","","","1","10.1371/journal.pone.0302478","https://www.scopus.com/inward/record.uri?eid=2-s2.0-85193208528&doi=10.1371%2fjournal.pone.0302478&partnerID=40&md5=e7605b36c563dc6c53fb047589ec1f8c","Article","Final","All Open Access; Gold Open Access; Green Open Access","Scopus","2-s2.0-85193208528"
"King M.-F.; López-García M.; Atedoghu K.P.; Zhang N.; Wilson A.M.; Weterings M.; Hiwar W.; Dancer S.J.; Noakes C.J.; Fletcher L.A.","King, Marco-Felipe (55383157200); López-García, Martín (36647824200); Atedoghu, Kalanne P. (57217070393); Zhang, Nan (56587197300); Wilson, Amanda M. (57195611222); Weterings, Martijn (36769593400); Hiwar, Waseem (57217068581); Dancer, Stephanie J. (7003919753); Noakes, Catherine J. (6603481396); Fletcher, Louise A. (7101843418)","55383157200; 36647824200; 57217070393; 56587197300; 57195611222; 36769593400; 57217068581; 7003919753; 6603481396; 7101843418","Bacterial transfer to fingertips during sequential surface contacts with and without gloves","2020","Indoor Air","30","5","","993","1004","11","30","10.1111/ina.12682","https://www.scopus.com/inward/record.uri?eid=2-s2.0-85086028411&doi=10.1111%2fina.12682&partnerID=40&md5=4d1a63b581b3bcfc15b5917cf15e415f","Article","Final","All Open Access; Gold Open Access; Green Open Access","Scopus","2-s2.0-85086028411"
"Salman N.; Kemp A.H.; Khan A.; Noakes C.J.","Salman, N. (58133403800); Kemp, Andrew H. (55567457800); Khan, A. (55800396100); Noakes, C.J. (6603481396)","58133403800; 55567457800; 55800396100; 6603481396","Real Time Wireless Sensor Network (WSN) based Indoor Air Quality Monitoring System","2019","IFAC-PapersOnLine","52","24","","324","327","3","37","10.1016/j.ifacol.2019.12.430","https://www.scopus.com/inward/record.uri?eid=2-s2.0-85081067408&doi=10.1016%2fj.ifacol.2019.12.430&partnerID=40&md5=3f039e5b9b3a0f0fbbf12cdd8ef4fce3","Conference paper","Final","All Open Access; Gold Open Access","Scopus","2-s2.0-85081067408"
"King M.-F.; Noakes C.J.; Sleigh P.A.","King, M.-F. (55383157200); Noakes, C.J. (6603481396); Sleigh, P.A. (57266098300)","55383157200; 6603481396; 57266098300","Modeling environmental contamination in hospital single- and four-bed rooms","2015","Indoor Air","25","6","","694","707","13","64","10.1111/ina.12186","https://www.scopus.com/inward/record.uri?eid=2-s2.0-84946488711&doi=10.1111%2fina.12186&partnerID=40&md5=b9bf0aff6c50f00bb9251ffdb9c0c295","Article","Final","All Open Access; Gold Open Access; Green Open Access","Scopus","2-s2.0-84946488711"
"Thompson C.A.; Daffu-O’Reilly A.; Willis T.; Gordon A.; Noakes C.; Khaliq K.; Farrin A.; Kemp A.; Hall T.; Bojke C.; Spilsbury K.","Thompson, Carl A. (7404237601); Daffu-O’Reilly, Amrit (57194049605); Willis, Thomas (8643449400); Gordon, Adam (23088143100); Noakes, Catherine (6603481396); Khaliq, Kishwer (56081255200); Farrin, Amanda (57203614379); Kemp, Andrew (55567457800); Hall, Tom (57293513600); Bojke, Chris (6506446983); Spilsbury, Karen (6603559866)","7404237601; 57194049605; 8643449400; 23088143100; 6603481396; 56081255200; 57203614379; 55567457800; 57293513600; 6506446983; 6603559866","‘Smart’ BLE wearables for digital contact tracing in care homes during the COVID-19 pandemic—a process evaluation of the CONTACT feasibility study","2023","Implementation Science Communications","4","1","155","","","","3","10.1186/s43058-023-00533-0","https://www.scopus.com/inward/record.uri?eid=2-s2.0-85178398154&doi=10.1186%2fs43058-023-00533-0&partnerID=40&md5=07a01b6f44c2e714428c80ba6c48fb5c","Article","Final","All Open Access; Gold Open Access; Green Open Access","Scopus","2-s2.0-85178398154"
"Khan M.A.I.; Delbosc N.; Noakes C.J.; Summers J.","Khan, M. Amirul Islam (55800396100); Delbosc, Nicolas (22984829800); Noakes, Catherine J. (6603481396); Summers, Jonathan (7202483248)","55800396100; 22984829800; 6603481396; 7202483248","Real-time flow simulation of indoor environments using lattice Boltzmann method","2015","Building Simulation","8","4","","405","414","9","40","10.1007/s12273-015-0232-9","https://www.scopus.com/inward/record.uri?eid=2-s2.0-84932618803&doi=10.1007%2fs12273-015-0232-9&partnerID=40&md5=57aa1f67566ea11617a524491adbcb81","Article","Final","","Scopus","2-s2.0-84932618803"
"Booth W.; Beato B.; Noakes C.; Fletcher L.; Sleigh A.; Tomlinson N.","Booth, William (16030172600); Beato, Blanca (55565162200); Noakes, Catherine (6603481396); Fletcher, Louise (7101843418); Sleigh, Andrew (57266098300); Tomlinson, Nigel (16319803800)","16030172600; 55565162200; 6603481396; 7101843418; 57266098300; 16319803800","Characterisation of the protection provided by the ventilation strategy in hospital isolation rooms","2009","9th International Conference and Exhibition - Healthy Buildings 2009, HB 2009","","","","","","","4","","https://www.scopus.com/inward/record.uri?eid=2-s2.0-84872665390&partnerID=40&md5=96ff2300bd0619232cb159b03337005d","Conference paper","Final","","Scopus","2-s2.0-84872665390"
"Noakes C.J.; Beggs C.B.; Sleigh P.A.","Noakes, Catherine J. (6603481396); Beggs, C.B. (7004007239); Sleigh, P.A. (57266098300)","6603481396; 7004007239; 57266098300","Modelling the performance of upper room ultraviolet germicidal irradiation devices in ventilated rooms: Comparison of analytical and CFD methods","2004","Indoor and Built Environment","13","6","","477","488","11","60","10.1177/1420326X04049343","https://www.scopus.com/inward/record.uri?eid=2-s2.0-10844291720&doi=10.1177%2f1420326X04049343&partnerID=40&md5=41886484b19cb330c304c0d34c5b6828","Article","Final","All Open Access; Green Open Access","Scopus","2-s2.0-10844291720"
"Noakes C.J.; Sleigh P.A.; Khan A.","Noakes, Catherine J. (6603481396); Sleigh, P. Andrew (57266098300); Khan, Amirul (55800396100)","6603481396; 57266098300; 55800396100","Appraising healthcare ventilation design from combined infection control and energy perspectives","2011","IAQ Conference","","","","","","","0","","https://www.scopus.com/inward/record.uri?eid=2-s2.0-84874176775&partnerID=40&md5=54278f6afcd6ccab572da835f2b76335","Conference paper","Final","","Scopus","2-s2.0-84874176775"
"Noakes C.J.; Beggs C.B.; Sleigh P.A.; Kerr K.G.","Noakes, C.J. (6603481396); Beggs, C.B. (7004007239); Sleigh, P.A. (57266098300); Kerr, K.G. (19134862800)","6603481396; 7004007239; 57266098300; 19134862800","Modelling the transmission of airborne infections in enclosed spaces","2006","Epidemiology and Infection","134","5","","1082","1091","9","112","10.1017/S0950268806005875","https://www.scopus.com/inward/record.uri?eid=2-s2.0-33748353242&doi=10.1017%2fS0950268806005875&partnerID=40&md5=5ea3470c6c1bad6643335a6f1c2e2663","Article","Final","All Open Access; Bronze Open Access; Green Open Access","Scopus","2-s2.0-33748353242"
"Fletcher L.A.; Noakes C.J.; Sleigh P.A.; Beggs C.B.; Shepherd S.J.","Fletcher, L.A. (7101843418); Noakes, C.J. (6603481396); Sleigh, P.A. (57266098300); Beggs, C.B. (7004007239); Shepherd, S.J. (7102792250)","7101843418; 6603481396; 57266098300; 7004007239; 7102792250","Air ion behavior in ventilated rooms","2008","Indoor and Built Environment","17","2","","173","182","9","21","10.1177/1420326X08089622","https://www.scopus.com/inward/record.uri?eid=2-s2.0-40549120907&doi=10.1177%2f1420326X08089622&partnerID=40&md5=717e58f0b58ab87a254bfd3e28d917d0","Article","Final","All Open Access; Green Open Access","Scopus","2-s2.0-40549120907"
"Ikin J.B.; Thompson H.M.; Gaskell P.H.; Noakes C.J.","Ikin, J.B. (6602306700); Thompson, H.M. (25928842900); Gaskell, P.H. (7101610009); Noakes, C.J. (6603481396)","6602306700; 25928842900; 7101610009; 6603481396","Practical limitations to carrier layer formation on inclined planes","2007","International Polymer Processing","22","1","","9","15","6","1","10.3139/217.0053","https://www.scopus.com/inward/record.uri?eid=2-s2.0-33947112457&doi=10.3139%2f217.0053&partnerID=40&md5=bdaf495568ba363e0408e46b7994e084","Conference paper","Final","","Scopus","2-s2.0-33947112457"
"Beggs C.B.; Noakes C.J.; Sleigh P.A.; Fletcher L.A.; Siddiqi K.","Beggs, Clive B. (7004007239); Noakes, C.J. (6603481396); Sleigh, P.A. (57266098300); Fletcher, L.A. (7101843418); Siddiqi, K. (9940051800)","7004007239; 6603481396; 57266098300; 7101843418; 9940051800","The transmission of tuberculosis in confined spaces: An analytical review of alternative epidemiological models","2003","International Journal of Tuberculosis and Lung Disease","7","11","","1015","1026","11","160","","https://www.scopus.com/inward/record.uri?eid=2-s2.0-0242416174&partnerID=40&md5=bf4f2dbcced0924c32dd63c720146e3e","Review","Final","","Scopus","2-s2.0-0242416174"
"Escombe A.R.; Oeser C.; Gilman R.H.; Navincopa M.; Ticona E.; Martínez C.; Caviedes L.; Sheen P.; Gonzalez A.; Noakes C.; Moore D.A.J.; Friedland J.S.; Evans C.A.","Escombe, A. Roderick (14028277400); Oeser, Clarissa (57188547262); Gilman, Robert H. (57202677769); Navincopa, Marcos (16028791800); Ticona, Eduardo (6602406993); Martínez, Carlos (57199408315); Caviedes, Luz (6603229919); Sheen, Patricia (7006570730); Gonzalez, Armando (7404584673); Noakes, Catherine (6603481396); Moore, David A. J. (14052683900); Friedland, Jon S. (7102333663); Evans, Carlton A. (35373596000)","14028277400; 57188547262; 57202677769; 16028791800; 6602406993; 57199408315; 6603229919; 7006570730; 7404584673; 6603481396; 14052683900; 7102333663; 35373596000","The detection of airborne transmission of tuberculosis from HIV-infected patients, using an in vivo air sampling model","2007","Clinical Infectious Diseases","44","10","","1349","1357","8","107","10.1086/515397","https://www.scopus.com/inward/record.uri?eid=2-s2.0-34248163027&doi=10.1086%2f515397&partnerID=40&md5=08e30821fe746cb59db3a94d52290328","Article","Final","All Open Access; Bronze Open Access; Green Open Access","Scopus","2-s2.0-34248163027"
"Noakes C.J.; Thompson H.M.; Gaskell P.H.; Lowe D.C.; Lowe S.; Osborn M.J.","Noakes, C.J. (6603481396); Thompson, H.M. (25928842900); Gaskell, P.H. (7101610009); Lowe, D.C. (56219308600); Lowe, S. (36768186300); Osborn, M.J. (7102450786)","6603481396; 25928842900; 7101610009; 56219308600; 36768186300; 7102450786","Heat transfer characteristics of air flotation dryers","2002","Paper Technology","43","10","","46","50","4","3","","https://www.scopus.com/inward/record.uri?eid=2-s2.0-0036904042&partnerID=40&md5=a7bbbed8f7b3c79cd2588d5233017dcd","Article","Final","","Scopus","2-s2.0-0036904042"
"Hathway E.A.; Noakes C.J.; Sleigh P.A.; Fletcher L.A.","Hathway, E.A. (36655544000); Noakes, C.J. (6603481396); Sleigh, P.A. (57266098300); Fletcher, L.A. (7101843418)","36655544000; 6603481396; 57266098300; 7101843418","CFD simulation of airborne pathogen transport due to human activities","2011","Building and Environment","46","12","","2500","2511","11","99","10.1016/j.buildenv.2011.06.001","https://www.scopus.com/inward/record.uri?eid=2-s2.0-79960923094&doi=10.1016%2fj.buildenv.2011.06.001&partnerID=40&md5=2a65547f37c2512e48ff6eea7c215efa","Article","Final","All Open Access; Green Open Access","Scopus","2-s2.0-79960923094"
"Noakes C.J.; Gaskell P.H.; Thompson H.M.; Ikin J.B.","Noakes, C.J. (6603481396); Gaskell, P.H. (7101610009); Thompson, H.M. (25928842900); Ikin, J.B. (6602306700)","6603481396; 7101610009; 25928842900; 6602306700","Streak-line defect minimization in multi-layer slide coating systems","2002","Chemical Engineering Research and Design","80","5","","449","463","14","9","10.1205/026387602320224030","https://www.scopus.com/inward/record.uri?eid=2-s2.0-0036661293&doi=10.1205%2f026387602320224030&partnerID=40&md5=fba80a5c4fc4b4fbe12a9dc73ed155c8","Article","Final","","Scopus","2-s2.0-0036661293"
"Noakes C.J.; Sleigh P.A.; Khan A.","Noakes, Catherine J. (6603481396); Sleigh, P. Andrew (57266098300); Khan, Amirul (55800396100)","6603481396; 57266098300; 55800396100","Appraising healthcare ventilation design from combined infection control and energy perspectives","2012","HVAC and R Research","18","4","","658","670","12","10","10.1080/10789669.2011.592054","https://www.scopus.com/inward/record.uri?eid=2-s2.0-84865213395&doi=10.1080%2f10789669.2011.592054&partnerID=40&md5=1711923d6bca321915bc45ad59cefc37","Conference paper","Final","All Open Access; Green Open Access","Scopus","2-s2.0-84865213395"
"Noakes C.J.; Thompson H.M.; Gaskell P.H.; Lowe D.C.; Lowe S.; Osborn M.J.","Noakes, C.J. (6603481396); Thompson, H.M. (25928842900); Gaskell, P.H. (7101610009); Lowe, D.C. (56219308600); Lowe, S. (36768186300); Osborn, M.J. (7102450786)","6603481396; 25928842900; 7101610009; 56219308600; 36768186300; 7102450786","Issues of pressure and web stability in the design of air flotation dryers","2002","Paper Technology","43","6","","34","38","4","2","","https://www.scopus.com/inward/record.uri?eid=2-s2.0-0036641532&partnerID=40&md5=28ab441d0f21682f0d4953734f7e57f7","Article","Final","","Scopus","2-s2.0-0036641532"
"King M.-F.; Pickin L.; Noakes C.; Fletcher L.; Gilkeson C.; Sleigh P.A.","King, Marco-Felipe (55383157200); Pickin, Laura (55672465400); Noakes, Catherine (6603481396); Fletcher, Louise (7101843418); Gilkeson, Carl (30967495600); Sleigh, P. Andrew (57266098300)","55383157200; 55672465400; 6603481396; 7101843418; 30967495600; 57266098300","The effectiveness of in-room UVGI disinfection devices at providing local control of airborne infection transmission","2011","12th International Conference on Indoor Air Quality and Climate 2011","3","","","2355","2356","1","0","","https://www.scopus.com/inward/record.uri?eid=2-s2.0-84880524680&partnerID=40&md5=b4f92c4732b945ced7c5920bc152469b","Conference paper","Final","","Scopus","2-s2.0-84880524680"
"Camargo-Valero M.A.; Gilkeson C.A.; Noakes C.J.","Camargo-Valero, Miller Alonso (16642000800); Gilkeson, Carl A. (30967495600); Noakes, Catherine J. (6603481396)","16642000800; 30967495600; 6603481396","Tracer-gas technique as a surrogate method for tracking airborne pathogen transport in indoor environments","2011","12th International Conference on Indoor Air Quality and Climate 2011","2","","","1611","1613","2","2","","https://www.scopus.com/inward/record.uri?eid=2-s2.0-84880529259&partnerID=40&md5=b18b5224b1bea44a78be0ee7b818fb55","Conference paper","Final","","Scopus","2-s2.0-84880529259"
"Fletcher L.A.; Noakes C.J.; Sleigh P.A.","Fletcher, Louise A. (7101843418); Noakes, Catherine J. (6603481396); Sleigh, P. Andrew (57266098300)","7101843418; 6603481396; 57266098300","Evaluation of the performance of air cleaning and disinfection devices using an aerobiological test chamber","2009","9th International Conference and Exhibition - Healthy Buildings 2009, HB 2009","","","","","","","0","","https://www.scopus.com/inward/record.uri?eid=2-s2.0-84872649274&partnerID=40&md5=4ddc534aa0aaea2e2809e91d76218611","Conference paper","Final","","Scopus","2-s2.0-84872649274"
"Gilkeson C.; Noakes C.; Sleigh A.","Gilkeson, Carl (30967495600); Noakes, Catherine (6603481396); Sleigh, Andrew (57266098300)","30967495600; 6603481396; 57266098300","Complexities of CFD modeling for large naturally ventilated hospital wards","2011","12th International Conference on Indoor Air Quality and Climate 2011","3","","","2369","2370","1","0","","https://www.scopus.com/inward/record.uri?eid=2-s2.0-84880549068&partnerID=40&md5=b024443d2f27760e567d9f1d55537d0a","Conference paper","Final","","Scopus","2-s2.0-84880549068"
"Noakes C.J.; Sleigh P.A.; Escombe A.R.; Beggs C.B.","Noakes, C.J. (6603481396); Sleigh, P.A. (57266098300); Escombe, A.R. (14028277400); Beggs, C.B. (7004007239)","6603481396; 57266098300; 14028277400; 7004007239","Use of CFD analysis in modifying a TB ward in Lima, Peru","2006","Indoor and Built Environment","15","1","","41","47","6","34","10.1177/1420326X06062364","https://www.scopus.com/inward/record.uri?eid=2-s2.0-33144462442&doi=10.1177%2f1420326X06062364&partnerID=40&md5=aa6dc2d40634ccc22d135601f6d95578","Conference paper","Final","","Scopus","2-s2.0-33144462442"
"Noakes C.J.; Gaskell P.H.; Thompson H.M.; Ikin J.B.","Noakes, C.J. (6603481396); Gaskell, P.H. (7101610009); Thompson, H.M. (25928842900); Ikin, J.B. (6602306700)","6603481396; 7101610009; 25928842900; 6602306700","Streak-line defect minimization in multi-layer slide coating systems","2002","Chemical Engineering Research and Design","80","5","","449","463","14","0","10.1016/S0263-8762(02)72210-7","https://www.scopus.com/inward/record.uri?eid=2-s2.0-33947112514&doi=10.1016%2fS0263-8762%2802%2972210-7&partnerID=40&md5=e4e5c0a3c6e233738867e5eab76d1d76","Article","Final","","Scopus","2-s2.0-33947112514"
"Escombe A.R.; Moore D.A.J.; Gilman R.H.; Navincopa M.; Ticona E.; Mitchell B.; Noakes C.; Martinez C.; Sheen P.; Ramirez R.; Quino W.; Gonzalez A.; Friedland J.S.; Evans C.A.","Escombe, A. Roderick (14028277400); Moore, David A. J. (14052683900); Gilman, Robert H. (57202677769); Navincopa, Marcos (16028791800); Ticona, Eduardo (6602406993); Mitchell, Bailey (7401949902); Noakes, Catherine (6603481396); Martinez, Carlos (57199408315); Sheen, Patricia (7006570730); Ramirez, Rocio (57197255942); Quino, Willi (12779187500); Gonzalez, Armando (7404584673); Friedland, Jon S. (7102333663); Evans, Carlton A. (35373596000)","14028277400; 14052683900; 57202677769; 16028791800; 6602406993; 7401949902; 6603481396; 57199408315; 7006570730; 57197255942; 12779187500; 7404584673; 7102333663; 35373596000","Upper-room ultraviolet light and negative air ionization to prevent tuberculosis transmissio","2009","PLoS Medicine","6","3","","0312","0323","11","188","10.1371/journal.pmed.1000043","https://www.scopus.com/inward/record.uri?eid=2-s2.0-63449137536&doi=10.1371%2fjournal.pmed.1000043&partnerID=40&md5=aa186b1de789751d0d51c7444648ffac","Article","Final","All Open Access; Gold Open Access; Green Open Access","Scopus","2-s2.0-63449137536"
"Fletcher L.A.; Gaunt L.F.; Beggs C.B.; Shepherd S.J.; Sleigh P.A.; Noakes C.J.; Kerr K.G.","Fletcher, Louise A. (7101843418); Gaunt, Lindsey F. (6701737871); Beggs, Clive B. (7004007239); Shepherd, Simon J. (7102792250); Sleigh, P. Andrew (57266098300); Noakes, Catherine J. (6603481396); Kerr, Kevin G. (19134862800)","7101843418; 6701737871; 7004007239; 7102792250; 57266098300; 6603481396; 19134862800","Bactericidal action of positive and negative ions in air","2007","BMC Microbiology","7","","32","","","","102","10.1186/1471-2180-7-32","https://www.scopus.com/inward/record.uri?eid=2-s2.0-34249660104&doi=10.1186%2f1471-2180-7-32&partnerID=40&md5=81e11d25fbda8a3976b4cce61757ba78","Article","Final","All Open Access; Gold Open Access; Green Open Access","Scopus","2-s2.0-34249660104"
"Gilkeson C.A.; Noakes C.J.; Sleigh P.A.; Khan M.A.I.; Camargo-Valero M.A.","Gilkeson, C.A. (30967495600); Noakes, C.J. (6603481396); Sleigh, P.A. (57266098300); Khan, M.A.I. (55800396100); Camargo-Valero, M.A. (16642000800)","30967495600; 6603481396; 57266098300; 55800396100; 16642000800","Simulating pathogen transport within a naturally ventilated hospital ward","2011","World Academy of Science, Engineering and Technology","79","","","119","125","6","5","","https://www.scopus.com/inward/record.uri?eid=2-s2.0-79960810592&partnerID=40&md5=95b9aad920ac8ae9129898b5c6ae61c0","Article","Final","","Scopus","2-s2.0-79960810592"
"Sleigh A.; Noakes C.; Hathway A.","Sleigh, Andrew (57266098300); Noakes, Catherine (6603481396); Hathway, Abigail (36655544000)","57266098300; 6603481396; 36655544000","Simulation of bioaerosol release and transport in a four-bay hospital ward using CFD and a multi-zone ventilation with quantification of infection risk","2009","9th International Conference and Exhibition - Healthy Buildings 2009, HB 2009","","","","","","","0","","https://www.scopus.com/inward/record.uri?eid=2-s2.0-84872654105&partnerID=40&md5=2ed0d12bf42c988dc34a383a0f392341","Conference paper","Final","","Scopus","2-s2.0-84872654105"
"Beggs C.B.; Kerr K.G.; Noakes C.J.; Hathway E.A.; Sleigh P.A.","Beggs, Clive B. (7004007239); Kerr, Kevin G. (19134862800); Noakes, Catherine J. (6603481396); Hathway, E. Abigail (36655544000); Sleigh, P. Andrew (57266098300)","7004007239; 19134862800; 6603481396; 36655544000; 57266098300","The ventilation of multiple-bed hospital wards: Review and analysis","2008","American Journal of Infection Control","36","4","","250","259","9","125","10.1016/j.ajic.2007.07.012","https://www.scopus.com/inward/record.uri?eid=2-s2.0-42949127764&doi=10.1016%2fj.ajic.2007.07.012&partnerID=40&md5=e92b04cbc275d4ff81f57f9b7addb6ef","Review","Final","All Open Access; Bronze Open Access","Scopus","2-s2.0-42949127764"
"Noakes C.J.; Beggs C.B.; Sleigh P.A.","Noakes, Catherine J. (6603481396); Beggs, Clive B. (7004007239); Sleigh, P. Andrew (57266098300)","6603481396; 7004007239; 57266098300","Effect of room mixing and ventilation strategy on the performance of upper-room ultraviolet germicidal irradiation systems","2004","IAQ Conference","","","","","","","10","","https://www.scopus.com/inward/record.uri?eid=2-s2.0-84874187877&partnerID=40&md5=bf4b76655ff43dca0ba72b136d219fd9","Conference paper","Final","","Scopus","2-s2.0-84874187877"
"Beggs C.B.; Noakes C.J.; Sleigh P.A.; Fletcher L.A.; Kerr K.G.","Beggs, C.B. (7004007239); Noakes, C.J. (6603481396); Sleigh, P.A. (57266098300); Fletcher, L.A. (7101843418); Kerr, K.G. (19134862800)","7004007239; 6603481396; 57266098300; 7101843418; 19134862800","Methodology for determining the susceptibility of airborne microorganisms to irradiation by an upper-room UVGI system","2006","Journal of Aerosol Science","37","7","","885","902","17","65","10.1016/j.jaerosci.2005.08.002","https://www.scopus.com/inward/record.uri?eid=2-s2.0-33745231683&doi=10.1016%2fj.jaerosci.2005.08.002&partnerID=40&md5=7922639faa4890ad52f6228d99ee0819","Article","Final","All Open Access; Green Open Access","Scopus","2-s2.0-33745231683"
"Noakes C.J.; Fletcher L.A.; Beggs C.B.; Sleigh P.A.; Kerr K.G.","Noakes, C.J. (6603481396); Fletcher, L.A. (7101843418); Beggs, C.B. (7004007239); Sleigh, P.A. (57266098300); Kerr, K.G. (19134862800)","6603481396; 7101843418; 7004007239; 57266098300; 19134862800","Development of a numerical model to simulate the biological inactivation of airborne microorganisms in the presence of ultraviolet light","2004","Journal of Aerosol Science","35","4","","489","507","18","68","10.1016/j.jaerosci.2003.10.011","https://www.scopus.com/inward/record.uri?eid=2-s2.0-1642619104&doi=10.1016%2fj.jaerosci.2003.10.011&partnerID=40&md5=7aaae86363d2fc3b7302ba9f9f357965","Article","Final","","Scopus","2-s2.0-1642619104"
"Armani U.; Khatir Z.; Khan A.; Toropov V.V.; Polynkin A.; Thompson H.; Kapur N.; Noakes C.J.","Armani, U. (56035661900); Khatir, Z. (8912195200); Khan, A. (56039507000); Toropov, V.V. (7003629320); Polynkin, A. (7801331591); Thompson, H. (25928842900); Kapur, N. (7006646043); Noakes, C.J. (6603481396)","56035661900; 8912195200; 56039507000; 7003629320; 7801331591; 25928842900; 7006646043; 6603481396","Control of physical consistency in metamodel building by genetic programming","2011","Civil-Comp Proceedings","97","","","","","","0","","https://www.scopus.com/inward/record.uri?eid=2-s2.0-84894108576&partnerID=40&md5=dd5093926958e0f48faf768d5c7616ba","Conference paper","Final","","Scopus","2-s2.0-84894108576"
"Shepherd S.J.; Beggs C.B.; Smith C.F.; Kerr K.G.; Noakes C.J.; Sleigh P.A.","Shepherd, Simon J. (7102792250); Beggs, Clive B. (7004007239); Smith, Caroline F. (23569842700); Kerr, Kevin G. (19134862800); Noakes, Catherine J. (6603481396); Sleigh, P Andrew (57266098300)","7102792250; 7004007239; 23569842700; 19134862800; 6603481396; 57266098300","Effect of negative air ions on the potential for bacterial contamination of plastic medical equipment","2010","BMC Infectious Diseases","10","","92","","","","22","10.1186/1471-2334-10-92","https://www.scopus.com/inward/record.uri?eid=2-s2.0-77950684428&doi=10.1186%2f1471-2334-10-92&partnerID=40&md5=2f134a6b5a41c228875aebc920a0a1b4","Article","Final","All Open Access; Gold Open Access; Green Open Access","Scopus","2-s2.0-77950684428"
"Hinitt I.; Noakes C.","Hinitt, Ian (24467855300); Noakes, Catherine (6603481396)","24467855300; 6603481396","Peruvian lessons to inform Bradford pilot.","2008","Health estate","62","5","","31","36","5","1","","https://www.scopus.com/inward/record.uri?eid=2-s2.0-47249147002&partnerID=40&md5=99ba145ac66e1ffa940a111544c3c7e8","Article","Final","","Scopus","2-s2.0-47249147002"
"Noakes C.J.; Thompson H.M.; Gaskell P.H.; Lowe D.C.; Lowe S.; Osborn M.J.","Noakes, C.J. (6603481396); Thompson, H.M. (25928842900); Gaskell, P.H. (7101610009); Lowe, D.C. (56219308600); Lowe, S. (36768186300); Osborn, M.J. (7102450786)","6603481396; 25928842900; 7101610009; 56219308600; 36768186300; 7102450786","Heat transfer characteristics of air flotation dryers","2002","Paper Technology","43","7","","22","26","4","0","","https://www.scopus.com/inward/record.uri?eid=2-s2.0-0036715070&partnerID=40&md5=1b2dce8898aca7acfc98e9a773544ea3","Article","Final","","Scopus","2-s2.0-0036715070"
"Khan M.A.I.; Noakes C.J.; Toropov V.V.","Khan, M Amirul Islam (55800396100); Noakes, Catherine J. (6603481396); Toropov, Vassili V. (7003629320)","55800396100; 6603481396; 7003629320","Development of a numerical optimization approach to ventilation system design to control airborne contaminant dispersion and occupant comfort","2012","Building Simulation","5","1","","39","50","11","8","10.1007/s12273-012-0058-7","https://www.scopus.com/inward/record.uri?eid=2-s2.0-84864761200&doi=10.1007%2fs12273-012-0058-7&partnerID=40&md5=580029582048ca47575d0b7bb7b8599b","Article","Final","","Scopus","2-s2.0-84864761200"
"Escombe A.R.; Moore D.A.J.; Gilman R.H.; Pan W.; Navincopa M.; Ticona E.; Martínez C.; Caviedes L.; Sheen P.; Gonzalez A.; Noakes C.J.; Friedland J.S.; Evans C.A.","Escombe, A. Roderick (14028277400); Moore, David A. J. (14052683900); Gilman, Robert H. (57202677769); Pan, William (12794080200); Navincopa, Marcos (16028791800); Ticona, Eduardo (6602406993); Martínez, Carlos (57199408315); Caviedes, Luz (6603229919); Sheen, Patricia (7006570730); Gonzalez, Armando (7404584673); Noakes, Catherine J. (6603481396); Friedland, Jon S. (7102333663); Evans, Carlton A. (35373596000)","14028277400; 14052683900; 57202677769; 12794080200; 16028791800; 6602406993; 57199408315; 6603229919; 7006570730; 7404584673; 6603481396; 7102333663; 35373596000","The infectiousness of tuberculosis patients coinfected with HIV","2008","PLoS Medicine","5","9","e188","1387","1396","9","137","10.1371/journal.pmed.0050188","https://www.scopus.com/inward/record.uri?eid=2-s2.0-53149113822&doi=10.1371%2fjournal.pmed.0050188&partnerID=40&md5=220916bb5279abb4189732bcf402276b","Article","Final","All Open Access; Gold Open Access; Green Open Access","Scopus","2-s2.0-53149113822"
"Roberts K.; Sleigh P.A.; Noakes C.J.; Fletcher L.A.; Gilkeson C.A.","Roberts, Katherine (57197686393); Sleigh, P. Andrew (57266098300); Noakes, Catherine J. (6603481396); Fletcher, Louise A. (7101843418); Gilkeson, Carl A. (30967495600)","57197686393; 57266098300; 6603481396; 7101843418; 30967495600","Mechanisms for the aerial dissemination of clostridium difficile spores and potential for engineering control","2011","IAQ Conference","","","","","","","0","","https://www.scopus.com/inward/record.uri?eid=2-s2.0-84874186881&partnerID=40&md5=529fcffef6d40452a083814419940ecb","Conference paper","Final","","Scopus","2-s2.0-84874186881"
"Tang J.W.; Noakes C.J.; Nielsen P.V.; Eames I.; Nicolle A.; Li Y.; Settles G.S.","Tang, J.W. (10341387300); Noakes, C.J. (6603481396); Nielsen, P.V. (24773772900); Eames, I. (7006126106); Nicolle, A. (6701407524); Li, Y. (57204521929); Settles, G.S. (7005061575)","10341387300; 6603481396; 24773772900; 7006126106; 6701407524; 57204521929; 7005061575","Observing and quantifying airflows in the infection control of aerosol- and airborne-transmitted diseases: An overview of approaches","2011","Journal of Hospital Infection","77","3","","213","222","9","116","10.1016/j.jhin.2010.09.037","https://www.scopus.com/inward/record.uri?eid=2-s2.0-79951853008&doi=10.1016%2fj.jhin.2010.09.037&partnerID=40&md5=d3889ea344db870e3c583fe3ded90bf7","Review","Final","All Open Access; Green Open Access; Hybrid Gold Open Access","Scopus","2-s2.0-79951853008"
"Beggs C.B.; Noakes C.J.; Shepherd S.J.; Kerr K.G.; Sleigh P.A.; Banfield K.","Beggs, Clive B. (7004007239); Noakes, Catherine J. (6603481396); Shepherd, Simon J. (7102792250); Kerr, Kevin G. (19134862800); Sleigh, P. Andrew (57266098300); Banfield, Katherine (16229775200)","7004007239; 6603481396; 7102792250; 19134862800; 57266098300; 16229775200","The influence of nurse cohorting on hand hygiene effectiveness","2006","American Journal of Infection Control","34","10","","621","626","5","43","10.1016/j.ajic.2006.06.011","https://www.scopus.com/inward/record.uri?eid=2-s2.0-33845193841&doi=10.1016%2fj.ajic.2006.06.011&partnerID=40&md5=4bb318ebbe859d0d625d8fb8316ab3d8","Article","Final","All Open Access; Green Open Access","Scopus","2-s2.0-33845193841"
"Noakes C.J.; Sleigh P.A.; Fletcher L.A.; Beggs C.B.","Noakes, C.J. (6603481396); Sleigh, P.A. (57266098300); Fletcher, L.A. (7101843418); Beggs, C.B. (7004007239)","6603481396; 57266098300; 7101843418; 7004007239","Use of CFD modelling to optimise the design of upper-room UVGI disinfection systems for ventilated rooms","2006","Indoor and Built Environment","15","4","","347","356","9","47","10.1177/1420326X06067353","https://www.scopus.com/inward/record.uri?eid=2-s2.0-33746150384&doi=10.1177%2f1420326X06067353&partnerID=40&md5=8bb0f86ced07f1b2a9272abf0fda91a7","Article","Final","All Open Access; Green Open Access","Scopus","2-s2.0-33746150384"
"Gormley M.; Swaffield J.A.; Sleigh P.A.; Noakes C.J.","Gormley, M. (56276237600); Swaffield, J.A. (7007091210); Sleigh, P.A. (57266098300); Noakes, C.J. (6603481396)","56276237600; 7007091210; 57266098300; 6603481396","An assessment of, and response to, potential cross-contamination routes due to defective appliance water trap seals in building drainage systems","2012","Building Services Engineering Research and Technology","33","2","","203","222","19","24","10.1177/0143624411410619","https://www.scopus.com/inward/record.uri?eid=2-s2.0-84860151656&doi=10.1177%2f0143624411410619&partnerID=40&md5=a5400bbfb8d7d9fb655a1f2a89d9a73c","Article","Final","","Scopus","2-s2.0-84860151656"
"Khan Md.A.I.; Noakes C.; Toropov V.","Khan, Md. Amirul I (55800396100); Noakes, Catherine (6603481396); Toropov, Vassili (7003629320)","55800396100; 6603481396; 7003629320","Optimisation of ventilation system design and operation in hospital wards","2011","12th International Conference on Indoor Air Quality and Climate 2011","3","","","2111","2112","1","1","","https://www.scopus.com/inward/record.uri?eid=2-s2.0-84880523041&partnerID=40&md5=1b4ac6268d1da32a1a411b293568016a","Conference paper","Final","","Scopus","2-s2.0-84880523041"
"Noakes C.J.; Andrew Sleigh P.","Noakes, Catherine J. (6603481396); Andrew Sleigh, P. (57266098300)","6603481396; 57266098300","Mathematical models for assessing the role of airflow on the risk of airborne infection in hospital wards","2009","Journal of the Royal Society Interface","6","SUPPL. 6","","S791","S800","9","102","10.1098/rsif.2009.0305.focus","https://www.scopus.com/inward/record.uri?eid=2-s2.0-73449139746&doi=10.1098%2frsif.2009.0305.focus&partnerID=40&md5=7bdbf9128648249ee4c01665de4a4529","Article","Final","All Open Access; Bronze Open Access; Green Open Access","Scopus","2-s2.0-73449139746"
"Noakes C.J.; Fletcher L.A.; Sleigh P.A.; Booth W.B.; Beato-Arribas B.; Tomlinson N.","Noakes, Catherine J. (6603481396); Fletcher, Louise A. (7101843418); Sleigh, P. Andrew (57266098300); Booth, William B. (16030172600); Beato-Arribas, Blanca (55565193200); Tomlinson, Nigel (16319803800)","6603481396; 7101843418; 57266098300; 16030172600; 55565193200; 16319803800","Comparison of tracer techniques for evaluating the behaviour of bioaerosols in hospital isolation rooms","2009","9th International Conference and Exhibition - Healthy Buildings 2009, HB 2009","","","","","","","16","","https://www.scopus.com/inward/record.uri?eid=2-s2.0-84872669510&partnerID=40&md5=f9ddcd0f7a0b70d9b7e2904f75f1681b","Conference paper","Final","","Scopus","2-s2.0-84872669510"
"King M.-F.; Camargo-Valero M.A.; Noakes C.J.; Sleigh P.A.","King, Marco-Felipe (55383157200); Camargo-Valero, Miller Alonso (16642000800); Noakes, Catherine J. (6603481396); Sleigh, P. Andrew (57266098300)","55383157200; 16642000800; 6603481396; 57266098300","CFD validation of controlled bioaerosol release for simulating droplet transmission of live pathogens","2011","12th International Conference on Indoor Air Quality and Climate 2011","3","","","2194","2196","2","1","","https://www.scopus.com/inward/record.uri?eid=2-s2.0-84880522991&partnerID=40&md5=978cb255461ccbb70ba822819b4ebd9d","Conference paper","Final","","Scopus","2-s2.0-84880522991"
