"Authors","Author full names","Author(s) ID","Title","Year","Source title","Volume","Issue","Art. No.","Page start","Page end","Page count","Cited by","DOI","Link","Document Type","Publication Stage","Open Access","Source","EID"
"Fisher M.B.; Danquah L.; Seidu Z.; Fechter A.N.; Saga B.; Bartram J.K.; Liang K.M.; Ramaswamy R.","Fisher, Michael B. (55466325000); Danquah, Leslie (57218440418); Seidu, Zakaria (57218174654); Fechter, Allison N. (57218173223); Saga, Bansaga (57204044445); Bartram, Jamie K. (6603696131); Liang, Kaida M. (54898489900); Ramaswamy, Rohit (7102730025)","55466325000; 57218440418; 57218174654; 57218173223; 57204044445; 6603696131; 54898489900; 7102730025","WaSH CQI: Applying continuous quality improvement methods to water service delivery in four districts of rural northern Ghana","2020","PLoS ONE","15","7","e0233679","","","","3","10.1371/journal.pone.0233679","https://www.scopus.com/inward/record.uri?eid=2-s2.0-85088156919&doi=10.1371%2fjournal.pone.0233679&partnerID=40&md5=1baa6fff8b61d1417d96ee93f24dded3","Article","Final","All Open Access; Gold Open Access; Green Open Access","Scopus","2-s2.0-85088156919"
"Setty K.; McConnell R.; Raucher R.; Bartram J.","Setty, Karen (23101398100); McConnell, Robert (57534487700); Raucher, Robert (57204380953); Bartram, Jamie (6603696131)","23101398100; 57534487700; 57204380953; 6603696131","Comparative evaluation of risk management frameworks for U.S. source waters","2019","AWWA Water Science","1","1","e1125","","","","9","10.1002/aws2.1125","https://www.scopus.com/inward/record.uri?eid=2-s2.0-85068824291&doi=10.1002%2faws2.1125&partnerID=40&md5=60db34ad81b0269cdb0f5d64d51bb775","Article","Final","All Open Access; Green Open Access; Hybrid Gold Open Access","Scopus","2-s2.0-85068824291"
"Moffa M.; Cronk R.; Fejfar D.; Dancausse S.; Padilla L.A.; Bartram J.","Moffa, Michelle (57195377833); Cronk, Ryan (35766082400); Fejfar, Donald (57205148256); Dancausse, Sarah (57205146757); Padilla, Leslie Acosta (57205146801); Bartram, Jamie (6603696131)","57195377833; 35766082400; 57205148256; 57205146757; 57205146801; 6603696131","A systematic scoping review of hygiene behaviors and environmental health conditions in institutional care settings for orphaned and abandoned children","2019","Science of the Total Environment","658","","","1161","1174","13","19","10.1016/j.scitotenv.2018.12.286","https://www.scopus.com/inward/record.uri?eid=2-s2.0-85058807712&doi=10.1016%2fj.scitotenv.2018.12.286&partnerID=40&md5=128a30f7325c39212111128d6039790f","Article","Final","","Scopus","2-s2.0-85058807712"
"Fejfar D.; Tracy W.; Kelly E.; Moffa M.; Bain R.; Bartram J.; Anderson D.; Cronk R.","Fejfar, Donald (57205148256); Tracy, Wren (58712887300); Kelly, Emma (56999862100); Moffa, Michelle (57195377833); Bain, Robert (55059412700); Bartram, Jamie (6603696131); Anderson, Darcy (57194513307); Cronk, Ryan (35766082400)","57205148256; 58712887300; 56999862100; 57195377833; 55059412700; 6603696131; 57194513307; 35766082400","Identifying predictors of E. coli in rural household water in sub-Saharan Africa using elimination regression","2024","Environmental Science: Water Research and Technology","10","5","","1147","1159","12","2","10.1039/d3ew00915g","https://www.scopus.com/inward/record.uri?eid=2-s2.0-85187323415&doi=10.1039%2fd3ew00915g&partnerID=40&md5=22cc6a52298c139734fe26bdfd8d02e0","Article","Final","","Scopus","2-s2.0-85187323415"
"Kelly E.; Shields K.F.; Cronk R.; Lee K.; Behnke N.; Klug T.; Bartram J.","Kelly, Emma (56999862100); Shields, Katherine F. (55226537800); Cronk, Ryan (35766082400); Lee, Kristen (57193553844); Behnke, Nikki (57193551829); Klug, Tori (57190842615); Bartram, Jamie (6603696131)","56999862100; 55226537800; 35766082400; 57193553844; 57193551829; 57190842615; 6603696131","Seasonality, water use and community management of water systems in rural settings: Qualitative evidence from Ghana, Kenya, and Zambia","2018","Science of the Total Environment","628-629","","","715","721","6","70","10.1016/j.scitotenv.2018.02.045","https://www.scopus.com/inward/record.uri?eid=2-s2.0-85044640550&doi=10.1016%2fj.scitotenv.2018.02.045&partnerID=40&md5=4569757df1b8c2e8576369e05888d146","Article","Final","All Open Access; Green Open Access","Scopus","2-s2.0-85044640550"
"Crocker J.; Saywell D.; Shields K.F.; Kolsky P.; Bartram J.","Crocker, Jonny (55328328900); Saywell, Darren (39862043600); Shields, Katherine F. (55226537800); Kolsky, Pete (6603361938); Bartram, Jamie (6603696131)","55328328900; 39862043600; 55226537800; 6603361938; 6603696131","The true costs of participatory sanitation: Evidence from community-led total sanitation studies in Ghana and Ethiopia","2017","Science of the Total Environment","601-602","","","1075","1083","8","30","10.1016/j.scitotenv.2017.05.279","https://www.scopus.com/inward/record.uri?eid=2-s2.0-85020234556&doi=10.1016%2fj.scitotenv.2017.05.279&partnerID=40&md5=2e8f2eae29c6015bbe6584f65c020ec4","Article","Final","All Open Access; Green Open Access; Hybrid Gold Open Access","Scopus","2-s2.0-85020234556"
"Elliott M.; MacDonald M.C.; Chan T.; Kearton A.; Shields K.F.; Bartram J.K.; Hadwen W.L.","Elliott, Mark (57189616985); MacDonald, Morgan C. (56462088200); Chan, Terence (7402680829); Kearton, Annika (57192078120); Shields, Katherine F. (55226537800); Bartram, Jamie K. (6603696131); Hadwen, Wade L. (6507327364)","57189616985; 56462088200; 7402680829; 57192078120; 55226537800; 6603696131; 6507327364","Multiple Household Water Sources and Their Use in Remote Communities With Evidence From Pacific Island Countries","2017","Water Resources Research","53","11","","9106","9117","11","67","10.1002/2017WR021047","https://www.scopus.com/inward/record.uri?eid=2-s2.0-85038908137&doi=10.1002%2f2017WR021047&partnerID=40&md5=f09e81f5b781c3fbc20003da7db5c9cb","Article","Final","All Open Access; Bronze Open Access","Scopus","2-s2.0-85038908137"
"Setty K.; Cronk R.; George S.; Anderson D.; O'flaherty G.; Bartram J.","Setty, Karen (23101398100); Cronk, Ryan (35766082400); George, Shannan (57205681021); Anderson, Darcy (57194513307); O'flaherty, Għanja (57204076499); Bartram, Jamie (6603696131)","23101398100; 35766082400; 57205681021; 57194513307; 57204076499; 6603696131","Adapting translational research methods to water, sanitation, and hygiene","2019","International Journal of Environmental Research and Public Health","16","20","4049","","","","9","10.3390/ijerph16204049","https://www.scopus.com/inward/record.uri?eid=2-s2.0-85074173168&doi=10.3390%2fijerph16204049&partnerID=40&md5=4e81665c994a0dcba51d36a0f54078cb","Review","Final","All Open Access; Gold Open Access; Green Open Access","Scopus","2-s2.0-85074173168"
"Setty K.; Bartram J.; De Roos A.J.; Beaudeau P.","Setty, Karen (23101398100); Bartram, Jamie (6603696131); De Roos, Anneclaire J. (7102835330); Beaudeau, Pascal (6602883889)","23101398100; 6603696131; 7102835330; 6602883889","Water safety plans and risk assessment: A novel procedure applied to treated water turbidity and gastrointestinal diseases","2020","International Journal of Hygiene and Environmental Health","229","","113435","","","","2","10.1016/j.ijheh.2019.113435","https://www.scopus.com/inward/record.uri?eid=2-s2.0-85082473179&doi=10.1016%2fj.ijheh.2019.113435&partnerID=40&md5=f6980bf1611fdc2fc6f3197933e196ff","Letter","Final","All Open Access; Green Open Access","Scopus","2-s2.0-85082473179"
"Jaber T.; Fame T.; Agho O.A.; Van de Walle B.; Bartram J.; Boelee E.","Jaber, Tarek (58523678500); Fame, Thiaba (58523561700); Agho, Osas Aizeyosabor (58522973600); Van de Walle, Bartel (8904784200); Bartram, Jamie (6603696131); Boelee, Eline (6505788447)","58523678500; 58523561700; 58522973600; 8904784200; 6603696131; 6505788447","Environmental, social, and WASH factors affecting the recurrence of cholera outbreaks in displacement camps in Northeast Nigeria: a rapid appraisal","2023","Journal of Water Sanitation and Hygiene for Development","13","7","","520","526","6","3","10.2166/washdev.2023.055","https://www.scopus.com/inward/record.uri?eid=2-s2.0-85166779840&doi=10.2166%2fwashdev.2023.055&partnerID=40&md5=ab4b8837a0364eed51bc81ee9d9a3b62","Article","Final","All Open Access; Gold Open Access; Green Open Access","Scopus","2-s2.0-85166779840"
"Howard G.; Bartram J.; Brocklehurst C.; Colford J.M., Jr.; Costa F.; Cunliffe D.; Dreibelbis R.; Eisenberg J.N.S.; Evans B.; Girones R.; Hrudey S.; Willetts J.; Wright C.Y.","Howard, Guy (7202022099); Bartram, Jamie (6603696131); Brocklehurst, Clarissa (35797978100); Colford, John M. (7004130553); Costa, Federico (55378617300); Cunliffe, David (7004500443); Dreibelbis, Robert (35366110600); Eisenberg, Joseph Neil Spindel (7102686314); Evans, Barbara (57199313235); Girones, Rosina (7003624105); Hrudey, Steve (7007062128); Willetts, Juliet (22236047100); Wright, Caradee Y. (16417972200)","7202022099; 6603696131; 35797978100; 7004130553; 55378617300; 7004500443; 35366110600; 7102686314; 57199313235; 7003624105; 7007062128; 22236047100; 16417972200","COVID-19: Urgent actions, critical reflections and future relevance of 'WaSH': Lessons for the current and future pandemics","2020","Journal of Water and Health","18","5","","613","630","17","73","10.2166/wh.2020.162","https://www.scopus.com/inward/record.uri?eid=2-s2.0-85089655940&doi=10.2166%2fwh.2020.162&partnerID=40&md5=489f45d93dbbe8a8c6fe90bc9a414cb8","Article","Final","All Open Access; Green Open Access; Hybrid Gold Open Access","Scopus","2-s2.0-85089655940"
"Abebe L.; Karon A.J.; Koltun A.J.; Cronk R.D.; Bain R.E.S.; Bartram J.","Abebe, Lydia (24066507700); Karon, Andrew J. (57193402492); Koltun, Andrew J. (57204953838); Cronk, Ryan D. (35766082400); Bain, Robert E. S. (55059412700); Bartram, Jamie (6603696131)","24066507700; 57193402492; 57204953838; 35766082400; 55059412700; 6603696131","Microbial contamination of non-household drinking water sources: A systematic review","2018","Journal of Water Sanitation and Hygiene for Development","8","3","","374","385","11","11","10.2166/washdev.2018.080","https://www.scopus.com/inward/record.uri?eid=2-s2.0-85058095432&doi=10.2166%2fwashdev.2018.080&partnerID=40&md5=75b62a557f6afa0a0d4531048568ace3","Review","Final","All Open Access; Bronze Open Access","Scopus","2-s2.0-85058095432"
"Miller M.; Cronk R.; Klug T.; Kelly E.R.; Behnke N.; Bartram J.","Miller, Meghan (57207929466); Cronk, Ryan (35766082400); Klug, Tori (57190842615); Kelly, Emma R. (56999862100); Behnke, Nikki (57193551829); Bartram, Jamie (6603696131)","57207929466; 35766082400; 57190842615; 56999862100; 57193551829; 6603696131","External support programs to improve rural drinking water service sustainability: A systematic review","2019","Science of the Total Environment","670","","","717","731","14","33","10.1016/j.scitotenv.2019.03.069","https://www.scopus.com/inward/record.uri?eid=2-s2.0-85063258493&doi=10.1016%2fj.scitotenv.2019.03.069&partnerID=40&md5=bd9457ed65e6c96b1f2fce3de72394c7","Review","Final","","Scopus","2-s2.0-85063258493"
"Lebu S.; Sprouse L.; Akudago J.A.; Baldwin-SoRelle C.; Muoghalu C.C.; Anthonj C.; Evans B.; Brown J.; Bartram J.; Manga M.","Lebu, Sarah (57219130251); Sprouse, Lauren (57952947000); Akudago, John Apambilla (16314984300); Baldwin-SoRelle, Carrie (59136564000); Muoghalu, Chimdi C. (58098694800); Anthonj, Carmen (56674612800); Evans, Barbara (57199313235); Brown, Joe (57205143695); Bartram, Jamie (6603696131); Manga, Musa (57208886381)","57219130251; 57952947000; 16314984300; 59136564000; 58098694800; 56674612800; 57199313235; 57205143695; 6603696131; 57208886381","Indicators for evaluating shared sanitation quality: a systematic review and recommendations for sanitation monitoring","2024","npj Clean Water","7","1","102","","","","2","10.1038/s41545-024-00386-7","https://www.scopus.com/inward/record.uri?eid=2-s2.0-85205957971&doi=10.1038%2fs41545-024-00386-7&partnerID=40&md5=2029fcee2fd775cc32e768b25afb4fc3","Article","Final","All Open Access; Gold Open Access","Scopus","2-s2.0-85205957971"
"Wolf J.; Hunter P.R.; Freeman M.C.; Cumming O.; Clasen T.; Bartram J.; Higgins J.P.T.; Johnston R.; Medlicott K.; Boisson S.; Prüss-Ustün A.","Wolf, Jennyfer (55307975800); Hunter, Paul R. (17135089100); Freeman, Matthew C. (23099628300); Cumming, Oliver (35069122800); Clasen, Thomas (6701896965); Bartram, Jamie (6603696131); Higgins, Julian P. T. (57307017300); Johnston, Richard (13003497100); Medlicott, Kate (22934654500); Boisson, Sophie (16030238900); Prüss-Ustün, Annette (9739021000)","55307975800; 17135089100; 23099628300; 35069122800; 6701896965; 6603696131; 57307017300; 13003497100; 22934654500; 16030238900; 9739021000","Impact of drinking water, sanitation and handwashing with soap on childhood diarrhoeal disease: updated meta-analysis and meta-regression","2018","Tropical Medicine and International Health","23","5","","508","525","17","279","10.1111/tmi.13051","https://www.scopus.com/inward/record.uri?eid=2-s2.0-85045849126&doi=10.1111%2ftmi.13051&partnerID=40&md5=b77f6d95cbc0b4abf3b95f3c7d55566a","Review","Final","All Open Access; Green Open Access; Hybrid Gold Open Access","Scopus","2-s2.0-85045849126"
"Lewis R.; Scott R.; Bala B.; Jahan H.; Bartram J.; Radu T.","Lewis, R. (57201456245); Scott, R. (9640323900); Bala, B. (55985848700); Jahan, H. (55538010900); Bartram, J. (6603696131); Radu, T. (23976562700)","57201456245; 9640323900; 55985848700; 55538010900; 6603696131; 23976562700","Household water use and greywater management in Khulna city, Bangladesh","2024","International Journal of Hygiene and Environmental Health","259","","114376","","","","1","10.1016/j.ijheh.2024.114376","https://www.scopus.com/inward/record.uri?eid=2-s2.0-85189493829&doi=10.1016%2fj.ijheh.2024.114376&partnerID=40&md5=7e50f194ba5139c429387f5a7f86e36f","Review","Final","All Open Access; Green Open Access; Hybrid Gold Open Access","Scopus","2-s2.0-85189493829"
"Barrington D.J.; Sridharan S.; Shields K.F.; Saunders S.G.; Souter R.T.; Bartram J.","Barrington, D.J. (25922053200); Sridharan, S. (25634591300); Shields, K.F. (55226537800); Saunders, S.G. (7202876344); Souter, R.T. (57188627468); Bartram, J. (6603696131)","25922053200; 25634591300; 55226537800; 7202876344; 57188627468; 6603696131","Sanitation marketing: A systematic review and theoretical critique using the capability approach","2017","Social Science and Medicine","194","","","128","134","6","24","10.1016/j.socscimed.2017.10.021","https://www.scopus.com/inward/record.uri?eid=2-s2.0-85032257472&doi=10.1016%2fj.socscimed.2017.10.021&partnerID=40&md5=cb69e77aab4496df2e162aadf3791971","Review","Final","All Open Access; Green Open Access","Scopus","2-s2.0-85032257472"
"Ferrero G.; Setty K.; Rickert B.; George S.; Rinehold A.; DeFrance J.; Bartram J.","Ferrero, Giuliana (56022491200); Setty, Karen (23101398100); Rickert, Bettina (57205682559); George, Shannan (57205681021); Rinehold, Angella (47562231600); DeFrance, Jennifer (57205682439); Bartram, Jamie (6603696131)","56022491200; 23101398100; 57205682559; 57205681021; 47562231600; 57205682439; 6603696131","Capacity building and training approaches for water safety plans: A comprehensive literature review","2019","International Journal of Hygiene and Environmental Health","222","4","","615","627","12","56","10.1016/j.ijheh.2019.01.011","https://www.scopus.com/inward/record.uri?eid=2-s2.0-85061075752&doi=10.1016%2fj.ijheh.2019.01.011&partnerID=40&md5=f700f814ff027a7f06ff7072094225d6","Review","Final","All Open Access; Green Open Access; Hybrid Gold Open Access","Scopus","2-s2.0-85061075752"
"Nijhawan A.; Budge S.; Reddy O.; Bartram J.; Howard G.","Nijhawan, Anisha (55499266900); Budge, Sophie (57207298008); Reddy, Olivia (57222237068); Bartram, Jamie (6603696131); Howard, Guy (7202022099)","55499266900; 57207298008; 57222237068; 6603696131; 7202022099","Environmental hygiene in outdoor food markets in Africa: a scoping review","2023","Journal of Water Sanitation and Hygiene for Development","13","4","","276","288","12","1","10.2166/washdev.2023.221","https://www.scopus.com/inward/record.uri?eid=2-s2.0-85159635318&doi=10.2166%2fwashdev.2023.221&partnerID=40&md5=0468130a904be97e8f3b6541136ec1bf","Review","Final","All Open Access; Gold Open Access; Green Open Access","Scopus","2-s2.0-85159635318"
"Budge S.; Ambelu A.; Bartram J.; Brown J.; Hutchings P.","Budge, Sophie (57207298008); Ambelu, Argaw (35279317000); Bartram, Jamie (6603696131); Brown, Joe (57205143695); Hutchings, Paul (56900871400)","57207298008; 35279317000; 6603696131; 57205143695; 56900871400","Environmental sanitation and the evolution of water, sanitation and hygiene","2022","Bulletin of the World Health Organization","100","4","","286","288","2","11","10.2471/BLT.21.287137","https://www.scopus.com/inward/record.uri?eid=2-s2.0-85127697355&doi=10.2471%2fBLT.21.287137&partnerID=40&md5=77800314370d6e63cf61ee1e37478108","Note","Final","All Open Access; Gold Open Access; Green Open Access","Scopus","2-s2.0-85127697355"
"Anthonj C.; Fleming L.; Cronk R.; Godfrey S.; Ambelu A.; Bevan J.; Sozzi E.; Bartram J.","Anthonj, Carmen (56674612800); Fleming, Lisa (57204114076); Cronk, Ryan (35766082400); Godfrey, Samuel (8895796000); Ambelu, Argaw (35279317000); Bevan, Jane (57197977111); Sozzi, Emanuele (24315134300); Bartram, Jamie (6603696131)","56674612800; 57204114076; 35766082400; 8895796000; 35279317000; 57197977111; 24315134300; 6603696131","Improving monitoring and water point functionality in rural Ethiopia","2018","Water (Switzerland)","10","11","1591","","","","19","10.3390/w10111591","https://www.scopus.com/inward/record.uri?eid=2-s2.0-85055965587&doi=10.3390%2fw10111591&partnerID=40&md5=b8930e9b148c7d067f119f1e657e4166","Article","Final","All Open Access; Gold Open Access; Green Open Access","Scopus","2-s2.0-85055965587"
"Christenson E.C.; Cronk R.; Atkinson H.; Bhatt A.; Berdiel E.; Cawley M.; Cho G.; Coleman C.K.; Harrington C.; Heilferty K.; Fejfar D.; Grant E.J.; Grigg K.; Joshi T.; Mohan S.; Pelak G.; Shu Y.; Bartram J.","Christenson, Elizabeth C. (56042284000); Cronk, Ryan (35766082400); Atkinson, Helen (57302911500); Bhatt, Aayush (57302755700); Berdiel, Emilio (57302117200); Cawley, Michelle (57200072944); Cho, Grace (57302911600); Coleman, Collin Knox (57248663700); Harrington, Cailee (57302274700); Heilferty, Kylie (57302274800); Fejfar, Don (57205148256); Grant, Emily J. (57302435700); Grigg, Karen (35931750400); Joshi, Tanmay (57302590000); Mohan, Suniti (59065407400); Pelak, Grace (59017601600); Shu, Yuhong (57303068600); Bartram, Jamie (6603696131)","56042284000; 35766082400; 57302911500; 57302755700; 57302117200; 57200072944; 57302911600; 57248663700; 57302274700; 57302274800; 57205148256; 57302435700; 35931750400; 57302590000; 59065407400; 59017601600; 57303068600; 6603696131","Evidence map and systematic review of disinfection efficacy on environmental surfaces in healthcare facilities","2021","International Journal of Environmental Research and Public Health","18","21","11100","","","","12","10.3390/ijerph182111100","https://www.scopus.com/inward/record.uri?eid=2-s2.0-85117495258&doi=10.3390%2fijerph182111100&partnerID=40&md5=7067b2ef605611454c97d4eb044cf024","Review","Final","All Open Access; Gold Open Access; Green Open Access","Scopus","2-s2.0-85117495258"
"Cronk R.; Guo A.; Fleming L.; Bartram J.","Cronk, Ryan (35766082400); Guo, Amy (57196065010); Fleming, Lisa (57204114076); Bartram, Jamie (6603696131)","35766082400; 57196065010; 57204114076; 6603696131","Factors associated with water quality, sanitation, and hygiene in rural schools in 14 low- and middle-income countries","2021","Science of the Total Environment","761","","144226","","","","32","10.1016/j.scitotenv.2020.144226","https://www.scopus.com/inward/record.uri?eid=2-s2.0-85098068173&doi=10.1016%2fj.scitotenv.2020.144226&partnerID=40&md5=506a52342b5c2df411d5c0d405f24ca0","Article","Final","","Scopus","2-s2.0-85098068173"
"Wren Tracy J.; Guo A.; Liang K.; Bartram J.; Fisher M.","Wren Tracy, J. (57210396342); Guo, Amy (57196065010); Liang, Kaida (54898489900); Bartram, Jamie (6603696131); Fisher, Michael (55466325000)","57210396342; 57196065010; 54898489900; 6603696131; 55466325000","Sources of and solutions to toxic metal and metalloid contamination in small rural drinking water systems: A rapid review","2020","International Journal of Environmental Research and Public Health","17","19","7076","1","17","16","19","10.3390/ijerph17197076","https://www.scopus.com/inward/record.uri?eid=2-s2.0-85091624239&doi=10.3390%2fijerph17197076&partnerID=40&md5=ad5c313195087b831e6e4d5d37c2fd74","Review","Final","All Open Access; Gold Open Access; Green Open Access","Scopus","2-s2.0-85091624239"
"Fisher M.B.; Guo A.Z.; Tracy J.W.; Prasad S.K.; Cronk R.D.; Browning E.G.; Liang K.R.; Kelly E.R.; Bartram J.K.","Fisher, Michael B. (55466325000); Guo, Amy Z. (57196065010); Tracy, J. Wren (57210396342); Prasad, Sridevi K. (57223284870); Cronk, Ryan D. (35766082400); Browning, Emily G. (57223309556); Liang, Kaida R. (54898489900); Kelly, Emma R. (56999862100); Bartram, Jamie K. (6603696131)","55466325000; 57196065010; 57210396342; 57223284870; 35766082400; 57223309556; 54898489900; 56999862100; 6603696131","Occurrence of lead and other toxic metals derived from drinking-water systems in three west african countries","2021","Environmental Health Perspectives","129","4","047012","","","","22","10.1289/EHP7804","https://www.scopus.com/inward/record.uri?eid=2-s2.0-85105467675&doi=10.1289%2fEHP7804&partnerID=40&md5=6678601dc64f0d93596c98a3324dc9a4","Article","Final","All Open Access; Bronze Open Access; Green Open Access","Scopus","2-s2.0-85105467675"
"Connolly K.; Mbutu M.; Bartram J.; Fuente D.","Connolly, Katherine (57202235875); Mbutu, Mwaura (57202233212); Bartram, Jamie (6603696131); Fuente, David (43861101200)","57202235875; 57202233212; 6603696131; 43861101200","Perceptions of climate-related risk among water sector professionals in Africa—Insights from the 2016 African Water Association Congress","2018","International Journal of Hygiene and Environmental Health","221","5","","838","846","8","3","10.1016/j.ijheh.2018.04.007","https://www.scopus.com/inward/record.uri?eid=2-s2.0-85047570539&doi=10.1016%2fj.ijheh.2018.04.007&partnerID=40&md5=d0c4641d6610368120689954f0e3f213","Conference paper","Final","","Scopus","2-s2.0-85047570539"
"Grandjean A.C.; Bartram J.K.","Grandjean, A.C. (7003551844); Bartram, J.K. (6603696131)","7003551844; 6603696131","Essential nature of water for health: Water as part of the dietary intake for nutrients and the role of water in hygiene","2019","Encyclopedia of Environmental Health","","","","708","718","10","0","10.1016/B978-0-444-63951-6.00279-5","https://www.scopus.com/inward/record.uri?eid=2-s2.0-85079515070&doi=10.1016%2fB978-0-444-63951-6.00279-5&partnerID=40&md5=f592ce811cd02c6814c6a506b7a02f64","Book chapter","Final","","Scopus","2-s2.0-85079515070"
"Guo W.; Cronk R.; Scherer E.; Oommen R.; Brogan J.; Sarr M.; Bartram J.","Guo, Wilson (59278534800); Cronk, Ryan (35766082400); Scherer, Elissa (57207259977); Oommen, Rachel (57208584007); Brogan, John (57203352981); Sarr, Mohamed (57208580250); Bartram, Jamie (6603696131)","59278534800; 35766082400; 57207259977; 57208584007; 57203352981; 57208580250; 6603696131","A systematic scoping review of environmental health conditions in penal institutions","2019","International Journal of Hygiene and Environmental Health","222","5","","790","803","13","22","10.1016/j.ijheh.2019.05.001","https://www.scopus.com/inward/record.uri?eid=2-s2.0-85065165859&doi=10.1016%2fj.ijheh.2019.05.001&partnerID=40&md5=919c6b668084e8d3c9d99c8a3bd143c9","Review","Final","","Scopus","2-s2.0-85065165859"
"Bartram J.; Brocklehurst C.; Bradley D.; Muller M.; Evans B.","Bartram, Jamie (6603696131); Brocklehurst, Clarissa (35797978100); Bradley, David (35446788400); Muller, Mike (57001838400); Evans, Barbara (57199313235)","6603696131; 35797978100; 35446788400; 57001838400; 57199313235","Policy review of the means of implementation targets and indicators for the sustainable development goal for water and sanitation","2018","npj Clean Water","1","1","3","","","","75","10.1038/s41545-018-0003-0","https://www.scopus.com/inward/record.uri?eid=2-s2.0-85056097934&doi=10.1038%2fs41545-018-0003-0&partnerID=40&md5=572ea2b149aea2b5da7c79743effd11f","Article","Final","All Open Access; Gold Open Access; Green Open Access","Scopus","2-s2.0-85056097934"
"Behnke N.; Shackelford B.B.; Dawood A.; Oommen R.A.; Tu R.; Snel M.; Al Samawi I.; Talozi S.; Anderson D.; Cronk R.; Bartram J.","Behnke, Nikki (57193551829); Shackelford, Brandie Banner (57214098851); Dawood, Amjad (59330360900); Oommen, Rachel A. (57208584007); Tu, Raymond (57214085060); Snel, Marielle (12789615400); Al Samawi, Iyad (59330596300); Talozi, Samer (6508223235); Anderson, Darcy (57194513307); Cronk, Ryan (35766082400); Bartram, Jamie (6603696131)","57193551829; 57214098851; 59330360900; 57208584007; 57214085060; 12789615400; 59330596300; 6508223235; 57194513307; 35766082400; 6603696131","The Evolution and Sustainability of Environmental Health Services in the Azraq Refugee Camp, Jordan: A Qualitative Study","2024","Sustainability (Switzerland)","16","17","7758","","","","0","10.3390/su16177758","https://www.scopus.com/inward/record.uri?eid=2-s2.0-85204121183&doi=10.3390%2fsu16177758&partnerID=40&md5=e5384293a75cb2ff7e963de26c946d2d","Article","Final","All Open Access; Gold Open Access","Scopus","2-s2.0-85204121183"
"Manga M.; Bartram J.; Evans B.E.","Manga, Musa (57208886381); Bartram, Jamie (6603696131); Evans, Barbara E. (57199313235)","57208886381; 6603696131; 57199313235","Economic cost analysis of low-cost sanitation technology options in informal settlement areas (case study: Soweto, Johannesburg)","2020","International Journal of Hygiene and Environmental Health","223","1","","289","298","9","32","10.1016/j.ijheh.2019.06.012","https://www.scopus.com/inward/record.uri?eid=2-s2.0-85068241167&doi=10.1016%2fj.ijheh.2019.06.012&partnerID=40&md5=5ec794649e38af23824b8981f40e6ab2","Article","Final","All Open Access; Green Open Access","Scopus","2-s2.0-85068241167"
"Moffa M.; Cronk R.; Fejfar D.; Dancausse S.; Padilla L.A.; Bartram J.","Moffa, Michelle (57195377833); Cronk, Ryan (35766082400); Fejfar, Donald (57205148256); Dancausse, Sarah (57205146757); Padilla, Leslie Acosta (57205146801); Bartram, Jamie (6603696131)","57195377833; 35766082400; 57205148256; 57205146757; 57205146801; 6603696131","A systematic scoping review of environmental health conditions and hygiene behaviors in homeless shelters","2019","International Journal of Hygiene and Environmental Health","222","3","","335","346","11","42","10.1016/j.ijheh.2018.12.004","https://www.scopus.com/inward/record.uri?eid=2-s2.0-85058785893&doi=10.1016%2fj.ijheh.2018.12.004&partnerID=40&md5=853d00577a48eda489eb3cf0d42c594b","Review","Final","","Scopus","2-s2.0-85058785893"
"Setty K.; Loret J.-F.; Courtois S.; Hammer C.C.; Hartemann P.; Lafforgue M.; Litrico X.; Manasfi T.; Medema G.; Shaheen M.; Tesson V.; Bartram J.","Setty, Karen (23101398100); Loret, Jean-Francois (6507884720); Courtois, Sophie (6701783742); Hammer, Charlotte Christiane (57204586742); Hartemann, Philippe (36881229900); Lafforgue, Michel (6508149496); Litrico, Xavier (23570893600); Manasfi, Tarek (56764597500); Medema, Gertjan (7004206857); Shaheen, Mohamed (57195769924); Tesson, Vincent (56124365300); Bartram, Jamie (6603696131)","23101398100; 6507884720; 6701783742; 57204586742; 36881229900; 6508149496; 23570893600; 56764597500; 7004206857; 57195769924; 56124365300; 6603696131","Faster and safer: Research priorities in water and health","2019","International Journal of Hygiene and Environmental Health","222","4","","593","606","13","9","10.1016/j.ijheh.2019.03.003","https://www.scopus.com/inward/record.uri?eid=2-s2.0-85063237698&doi=10.1016%2fj.ijheh.2019.03.003&partnerID=40&md5=33aa5d354bf12a469ed0c05d6678e34a","Article","Final","All Open Access; Bronze Open Access; Green Open Access","Scopus","2-s2.0-85063237698"
"Anthonj C.; Tracy J.W.; Fleming L.; Shields K.F.; Tikoisuva W.M.; Kelly E.; Thakkar M.B.; Cronk R.; Overmars M.; Bartram J.","Anthonj, Carmen (56674612800); Tracy, J. Wren (57210396342); Fleming, Lisa (57204114076); Shields, Katherine F. (55226537800); Tikoisuva, Waqairapoa M. (57208886568); Kelly, Emma (56999862100); Thakkar, Mamita Bora (57162899900); Cronk, Ryan (35766082400); Overmars, Marc (16307715400); Bartram, Jamie (6603696131)","56674612800; 57210396342; 57204114076; 55226537800; 57208886568; 56999862100; 57162899900; 35766082400; 16307715400; 6603696131","Geographical inequalities in drinking water in the Solomon Islands","2020","Science of the Total Environment","712","","135241","","","","21","10.1016/j.scitotenv.2019.135241","https://www.scopus.com/inward/record.uri?eid=2-s2.0-85076534748&doi=10.1016%2fj.scitotenv.2019.135241&partnerID=40&md5=88ecd75a23ca9005482b71c6ac1c268f","Article","Final","All Open Access; Green Open Access","Scopus","2-s2.0-85076534748"
"Kelly E.; Cronk R.; Fisher M.; Bartram J.","Kelly, Emma (56999862100); Cronk, Ryan (35766082400); Fisher, Michael (55466325000); Bartram, Jamie (6603696131)","56999862100; 35766082400; 55466325000; 6603696131","Sanitary inspection, microbial water quality analysis, and water safety in handpumps in rural sub-Saharan Africa","2021","npj Clean Water","4","1","3","","","","21","10.1038/s41545-020-00093-z","https://www.scopus.com/inward/record.uri?eid=2-s2.0-85098790548&doi=10.1038%2fs41545-020-00093-z&partnerID=40&md5=bd554c2af0c38b72a8c7dff134391a92","Article","Final","All Open Access; Gold Open Access","Scopus","2-s2.0-85098790548"
"Baum R.; Bartram J.","Baum, Rachel (55552135900); Bartram, Jamie (6603696131)","55552135900; 6603696131","A systematic literature review of the enabling environment elements to improve implementation of water safety plans in high-income countries","2018","Journal of Water and Health","16","1","","14","24","10","44","10.2166/wh.2017.175","https://www.scopus.com/inward/record.uri?eid=2-s2.0-85042168064&doi=10.2166%2fwh.2017.175&partnerID=40&md5=eb045e0602dc869ddccea83ef5541550","Review","Final","All Open Access; Bronze Open Access","Scopus","2-s2.0-85042168064"
"Miller M.; Appling C.; Ellis N.; Bartram J.","Miller, Meghan (57207929466); Appling, Clark (59358015900); Ellis, Natsumi (59358610900); Bartram, Jamie (6603696131)","57207929466; 59358015900; 59358610900; 6603696131","External Support for Solar-Powered Water Pumping Systems in Rural Areas: A Systematic Review","2024","Environmental Science and Technology","58","41","","18053","18063","10","0","10.1021/acs.est.4c01264","https://www.scopus.com/inward/record.uri?eid=2-s2.0-85205814614&doi=10.1021%2facs.est.4c01264&partnerID=40&md5=9b8f2dfe6a91a07b484b8edc43241b1c","Review","Final","","Scopus","2-s2.0-85205814614"
"Bayona-Valderrama Á.; Gunnarsdóttir M.J.; Rossi P.M.; Albrechtsen H.-J.; Bergkvist K.S.G.; Gardarsson S.M.; Eriksson M.; Hansen L.T.; Jensen P.E.; Maréchal J.Y.A.; Myrmel M.; Persson K.M.; Bjerkén A.; Kalheim F.C.; Bartram J.","Bayona-Valderrama, Ángela (57222270763); Gunnarsdóttir, María J. (21833889800); Rossi, Pekka M. (53164743100); Albrechtsen, Hans-Jörgen (35561135100); Bergkvist, Kim Steve Gerlach (58793080300); Gardarsson, Sigurður M. (6508351578); Eriksson, Magnus (57219123882); Hansen, Lisbeth Truelstrup (7801525549); Jensen, Pernille Erland (8201545300); Maréchal, Judith Y.A. (57949769600); Myrmel, Mette (6602232235); Persson, Kenneth M. (57534906700); Bjerkén, August (58793043000); Kalheim, Frida Celius (58793022900); Bartram, Jamie (6603696131)","57222270763; 21833889800; 53164743100; 35561135100; 58793080300; 6508351578; 57219123882; 7801525549; 8201545300; 57949769600; 6602232235; 57534906700; 58793043000; 58793022900; 6603696131","Water quality for citizen confidence: The implementation process of 2020 EU Drinking Water Directive in Nordic countries","2024","Water Policy","26","8","","793","816","23","2","10.2166/wp.2024.013","https://www.scopus.com/inward/record.uri?eid=2-s2.0-85203083401&doi=10.2166%2fwp.2024.013&partnerID=40&md5=7750f56c6608cf15602047f36f3179a0","Article","Final","","Scopus","2-s2.0-85203083401"
"Saunders S.G.; Sridharan S.; Barrington D.J.; Souter R.; Shields K.F.; Meo S.; Bartram J.K.","Saunders, Stephen G. (7202876344); Sridharan, Srinivas (25634591300); Barrington, Dani J. (25922053200); Souter, Regina (57188627468); Shields, Katherine F. (55226537800); Meo, Semisi (15747710700); Bartram, Jamie K. (6603696131)","7202876344; 25634591300; 25922053200; 57188627468; 55226537800; 15747710700; 6603696131","Consumer marketplaces and self-sufficiency: Meeting consumption needs in community","2021","Journal of Consumer Affairs","55","4","","1691","1711","20","1","10.1111/joca.12403","https://www.scopus.com/inward/record.uri?eid=2-s2.0-85114355039&doi=10.1111%2fjoca.12403&partnerID=40&md5=a8b1fa8961deb66c9e586769be24d31b","Article","Final","All Open Access; Green Open Access","Scopus","2-s2.0-85114355039"
"Geere J.-A.; Bartram J.; Bates L.; Danquah L.; Evans B.; Fisher M.B.; Groce N.; Majuru B.; Mokoena M.M.; Mukhola M.S.; Nguyen-Viet H.; Duc P.P.; Williams A.R.; Schmidt W.-P.; Hunter P.R.","Geere, Jo-Anne (23491742600); Bartram, Jamie (6603696131); Bates, Laura (57533448700); Danquah, Leslie (57218440418); Evans, Barbara (57199313235); Fisher, Michael B. (55466325000); Groce, Nora (57204340273); Majuru, Batsirai (36657365200); Mokoena, Michael M. (36731344200); Mukhola, Murembiwa S. (55985641300); Nguyen-Viet, Hung (6507427267); Duc, Phuc Pham (59157959700); Williams, Ashley Rhoderick (56834892700); Schmidt, Wolf-Peter (55391830600); Hunter, Paul R. (17135089100)","23491742600; 6603696131; 57533448700; 57218440418; 57199313235; 55466325000; 57204340273; 36657365200; 36731344200; 55985641300; 6507427267; 59157959700; 56834892700; 55391830600; 17135089100","Carrying water may be a major contributor to disability from musculoskeletal disorders in low income countries: A cross-sectional survey in South Africa, Ghana and Vietnam","2018","Journal of Global Health","8","1","010406","","","","68","10.7189/jogh.08.010406","https://www.scopus.com/inward/record.uri?eid=2-s2.0-85045370124&doi=10.7189%2fjogh.08.010406&partnerID=40&md5=4afcac35dbeb80643b536d8fec60898d","Article","Final","All Open Access; Gold Open Access; Green Open Access","Scopus","2-s2.0-85045370124"
"Guo A.Z.; Bartram J.K.","Guo, Amy Z. (57196065010); Bartram, Jamie K. (6603696131)","57196065010; 6603696131","Predictors of water quality in rural healthcare facilities in 14 low- and middle-income countries","2019","Journal of Cleaner Production","237","","117836","","","","17","10.1016/j.jclepro.2019.117836","https://www.scopus.com/inward/record.uri?eid=2-s2.0-85070077114&doi=10.1016%2fj.jclepro.2019.117836&partnerID=40&md5=cfa8cdaf53e67acfe9f468cbde3ce943","Article","Final","All Open Access; Green Open Access","Scopus","2-s2.0-85070077114"
"Kelly E.R.; Cronk R.; Kumpel E.; Howard G.; Bartram J.","Kelly, Emma R. (56999862100); Cronk, Ryan (35766082400); Kumpel, Emily (55537478500); Howard, Guy (7202022099); Bartram, Jamie (6603696131)","56999862100; 35766082400; 55537478500; 7202022099; 6603696131","How we assess water safety: A critical review of sanitary inspection and water quality analysis","2020","Science of the Total Environment","718","","137237","","","","42","10.1016/j.scitotenv.2020.137237","https://www.scopus.com/inward/record.uri?eid=2-s2.0-85079892452&doi=10.1016%2fj.scitotenv.2020.137237&partnerID=40&md5=29f47b9509e7b5069ec9278890ca3000","Review","Final","All Open Access; Green Open Access","Scopus","2-s2.0-85079892452"
"Reuland F.; Behnke N.; Cronk R.; McCord R.; Fisher M.; Abebe L.; Suhlrie L.; Joca L.; Mofolo I.; Kafanikhale H.; Mmodzi Tseka J.; Rehfuess E.; Tomaro J.; Hoffman I.; Bartram J.","Reuland, Frances (57208709606); Behnke, Nikki (57193551829); Cronk, Ryan (35766082400); McCord, Ryan (57205341863); Fisher, Michael (55466325000); Abebe, Lydia (24066507700); Suhlrie, Laura (57200327703); Joca, Lauren (57200295888); Mofolo, Innocent (24173784200); Kafanikhale, Holystone (57208703572); Mmodzi Tseka, Jennifer (57208702874); Rehfuess, Eva (12767500200); Tomaro, John (6603358182); Hoffman, Irving (7006682600); Bartram, Jamie (6603696131)","57208709606; 57193551829; 35766082400; 57205341863; 55466325000; 24066507700; 57200327703; 57200295888; 24173784200; 57208703572; 57208702874; 12767500200; 6603358182; 7006682600; 6603696131","Energy access in Malawian healthcare facilities: Consequences for health service delivery and environmental health conditions","2020","Health Policy and Planning","35","2","","142","152","10","11","10.1093/heapol/czz118","https://www.scopus.com/inward/record.uri?eid=2-s2.0-85078097208&doi=10.1093%2fheapol%2fczz118&partnerID=40&md5=47b7a3861e7938e7d5a031cf59022f0c","Article","Final","All Open Access; Green Open Access","Scopus","2-s2.0-85078097208"
"Kelly E.; Lee K.; Shields K.F.; Cronk R.; Behnke N.; Klug T.; Bartram J.","Kelly, Emma (56999862100); Lee, Kristen (57193553844); Shields, Katherine F. (55226537800); Cronk, Ryan (35766082400); Behnke, Nikki (57193551829); Klug, Tori (57190842615); Bartram, Jamie (6603696131)","56999862100; 57193553844; 55226537800; 35766082400; 57193551829; 57190842615; 6603696131","The role of social capital and sense of ownership in rural community-managed water systems: Qualitative evidence from Ghana, Kenya, and Zambia","2017","Journal of Rural Studies","56","","","156","166","10","47","10.1016/j.jrurstud.2017.08.021","https://www.scopus.com/inward/record.uri?eid=2-s2.0-85030710449&doi=10.1016%2fj.jrurstud.2017.08.021&partnerID=40&md5=c9a195d7a6d99d61ae567760b90738f1","Article","Final","","Scopus","2-s2.0-85030710449"
"Anderson D.M.; Fisher M.B.; Kwena O.; Kambou H.; Broseus R.; Williams A.R.; Liang K.; Ramaswamy R.; Bartram J.","Anderson, Darcy M. (57194513307); Fisher, Michael B. (55466325000); Kwena, Osborn (57354573600); Kambou, Hermann (57354895000); Broseus, Romain (35075769400); Williams, Ashley R. (56834892700); Liang, Kaida (54898489900); Ramaswamy, Rohit (7102730025); Bartram, Jamie (6603696131)","57194513307; 55466325000; 57354573600; 57354895000; 35075769400; 56834892700; 54898489900; 7102730025; 6603696131","Adapting a safe water storage container to improve household stored water quality in rural burkina faso: A cluster randomized trial","2021","Journal of Water Sanitation and Hygiene for Development","11","5","","719","731","12","6","10.2166/washdev.2021.065","https://www.scopus.com/inward/record.uri?eid=2-s2.0-85119968109&doi=10.2166%2fwashdev.2021.065&partnerID=40&md5=a09ea6a170cbad3e5df9e20c30a447d5","Article","Final","All Open Access; Gold Open Access","Scopus","2-s2.0-85119968109"
"Jalloh M.F.; Williams A.R.; Jalloh M.B.; Sengeh P.; Saquee G.; Bartram J.","Jalloh, Mohamed Falilu (56835467800); Williams, Ashley Rhoderick (56834892700); Jalloh, Mohammad Bailor (59123186000); Sengeh, Paul (6508214070); Saquee, George (56835663400); Bartram, Jamie (6603696131)","56835467800; 56834892700; 59123186000; 6508214070; 56835663400; 6603696131","Consumer perceptions and purchasing of packaged water products in Sierra Leone","2018","Pan African Medical Journal","30","","262","","","","6","10.11604/pamj.2018.30.262.13676","https://www.scopus.com/inward/record.uri?eid=2-s2.0-85055523424&doi=10.11604%2fpamj.2018.30.262.13676&partnerID=40&md5=1dbd97fec20a989c5b11d83907658bae","Article","Final","All Open Access; Gold Open Access; Green Open Access","Scopus","2-s2.0-85055523424"
"Bauza V.; Furey S.; Alvarez-Sala J.; Bartram J.; Danert K.; De France J.; Diarra S.; Fisher M.B.; Hansen D.; Hutchings P.; Lindsay C.; Mulhern R.; Norman R.; Ramseier C.; Strandberg J.; Studer P.; Salzberg A.","Bauza, Valerie (56624427400); Furey, Sean (23767920700); Alvarez-Sala, Jorge (57215722681); Bartram, James (6603696131); Danert, Kerstin (6507561416); De France, Jennifer (50061025100); Diarra, Samuel (57204043709); Fisher, Michael B. (55466325000); Hansen, Dain (59334212200); Hutchings, Paul (56900871400); Lindsay, Christopher (57354719700); Mulhern, Riley (57194496389); Norman, Ray (59333947300); Ramseier, Claude (59333672800); Strandberg, Johan (58389502500); Studer, Pierre (59334080800); Salzberg, Aaron (57754717900)","56624427400; 23767920700; 57215722681; 6603696131; 6507561416; 50061025100; 57204043709; 55466325000; 59334212200; 56900871400; 57354719700; 57194496389; 59333947300; 59333672800; 58389502500; 59334080800; 57754717900","Eliminating lead exposure from drinking water—A global call to action","2023","PLOS Water","2","4 April","e0000122","","","","1","10.1371/journal.pwat.0000122","https://www.scopus.com/inward/record.uri?eid=2-s2.0-85194220585&doi=10.1371%2fjournal.pwat.0000122&partnerID=40&md5=798e6196e7f5df71f2005f66420ecd4e","Note","Final","All Open Access; Gold Open Access; Green Open Access","Scopus","2-s2.0-85194220585"
"Wilcox J.; Kuria N.; Rutayisire B.; Sklar R.; Bartram J.; Evans B.","Wilcox, Jonathan (58789652400); Kuria, Nicholas (57441766100); Rutayisire, Bruce (57442516100); Sklar, Rachel (56594717800); Bartram, Jamie (6603696131); Evans, Barbara (57199313235)","58789652400; 57441766100; 57442516100; 56594717800; 6603696131; 57199313235","Cross-subsidies are a viable option to fund formal pit latrine emptying services: Evidence from Kigali, Rwanda","2024","PLoS ONE","19","8","e0307471","","","","0","10.1371/journal.pone.0307471","https://www.scopus.com/inward/record.uri?eid=2-s2.0-85201731058&doi=10.1371%2fjournal.pone.0307471&partnerID=40&md5=381b0c0c836e02f695989a77372da252","Article","Final","All Open Access; Gold Open Access; Green Open Access","Scopus","2-s2.0-85201731058"
"Bartram J.; Salas H.; Dufour A.","Bartram, J. (6603696131); Salas, H. (6603766025); Dufour, A. (7102685256)","6603696131; 6603766025; 7102685256","Viral and Bacterial Contamination of Beaches","2019","Encyclopedia of Ocean Sciences, Third Edition: Volume 1-5","1-5","","","V6","395","389","0","10.1016/B978-0-12-813081-0.00059-8","https://www.scopus.com/inward/record.uri?eid=2-s2.0-85174120731&doi=10.1016%2fB978-0-12-813081-0.00059-8&partnerID=40&md5=bf551e6ddf4fbfdcedb76594fe2ff5a3","Book chapter","Final","","Scopus","2-s2.0-85174120731"
"Cooper B.; Behnke N.L.; Cronk R.; Anthonj C.; Shackelford B.B.; Tu R.; Bartram J.","Cooper, Brittany (57214095476); Behnke, Nikki L. (57193551829); Cronk, Ryan (35766082400); Anthonj, Carmen (56674612800); Shackelford, Brandie Banner (57214098851); Tu, Raymond (57214085060); Bartram, Jamie (6603696131)","57214095476; 57193551829; 35766082400; 56674612800; 57214098851; 57214085060; 6603696131","Environmental health conditions in the transitional stage of forcible displacement: A systematic scoping review","2021","Science of the Total Environment","762","","143136","","","","13","10.1016/j.scitotenv.2020.143136","https://www.scopus.com/inward/record.uri?eid=2-s2.0-85096374133&doi=10.1016%2fj.scitotenv.2020.143136&partnerID=40&md5=1d4c2f2e5dca2bb6666d547d4e357c66","Review","Final","All Open Access; Green Open Access","Scopus","2-s2.0-85096374133"
"Gunnarsdottir M.J.; Gardarsson S.M.; Eriksson M.; Albrechtsen H.-J.; Bergkvist K.S.G.; Rossi P.M.; Matilainen R.; Hansen L.T.; Jensen P.E.; Maréchal J.Y.A.; Myrmel M.; Kalheim F.C.; Persson K.M.; Bjerkén A.; Bartram J.","Gunnarsdottir, Maria J. (21833889800); Gardarsson, Sigurdur M. (6508351578); Eriksson, Magnus (57219123882); Albrechtsen, Hans-Jörgen (35561135100); Bergkvist, Kim Steve Gerlach (58793080300); Rossi, Pekka M. (53164743100); Matilainen, Riikka (58793134200); Hansen, Lisbeth Truelstrup (7801525549); Jensen, Pernille Erland (8201545300); Maréchal, Judith Y.A. (57949769600); Myrmel, Mette (6602232235); Kalheim, Frida Celius (58793022900); Persson, Kenneth M. (57534906700); Bjerkén, August (58793043000); Bartram, Jamie (6603696131)","21833889800; 6508351578; 57219123882; 35561135100; 58793080300; 53164743100; 58793134200; 7801525549; 8201545300; 57949769600; 6602232235; 58793022900; 57534906700; 58793043000; 6603696131","Implementing risk-basedãpproaches to improve drinking water quality in small water supplies in the Nordic region - barriersãnd solutions","2023","Journal of Water and Health","21","12","","1747","1760","13","3","10.2166/wh.2023.088","https://www.scopus.com/inward/record.uri?eid=2-s2.0-85181395874&doi=10.2166%2fwh.2023.088&partnerID=40&md5=661459325959bf03bf81ab6119891cb8","Article","Final","All Open Access; Gold Open Access; Green Open Access","Scopus","2-s2.0-85181395874"
"Jaber T.; Boelee E.; Bleser J.; Bartram J.K.","Jaber, Tarek (58523678500); Boelee, Eline (6505788447); Bleser, Julia (59351012500); Bartram, Jamie K. (6603696131)","58523678500; 6505788447; 59351012500; 6603696131","Outbreaks of faecal-orally transmitted diseases in displacement camps: A scoping review of pathogens, risk factors, exposure routes, and drivers of transmission","2024","Global Public Health","19","1","2380847","","","","0","10.1080/17441692.2024.2380847","https://www.scopus.com/inward/record.uri?eid=2-s2.0-85199641409&doi=10.1080%2f17441692.2024.2380847&partnerID=40&md5=bad72181b0ec64cd18fa6e1d9ebd81b3","Review","Final","All Open Access; Gold Open Access","Scopus","2-s2.0-85199641409"
"Kayser G.; Loret J.F.; Setty K.; Blaudin De Thé C.; Martin J.; Puigdomenech C.; Bartram J.","Kayser, G. (55626770700); Loret, J.F. (6507884720); Setty, K. (23101398100); Blaudin De Thé, C. (57211348368); Martin, J. (58506426200); Puigdomenech, C. (57210916026); Bartram, J. (6603696131)","55626770700; 6507884720; 23101398100; 57211348368; 58506426200; 57210916026; 6603696131","Water safety plans for water supply utilities in China, Cuba, France, Morocco and Spain: costs, benefits, and enabling environment elements","2019","Urban Water Journal","16","4","","277","288","11","13","10.1080/1573062X.2019.1669191","https://www.scopus.com/inward/record.uri?eid=2-s2.0-85073632516&doi=10.1080%2f1573062X.2019.1669191&partnerID=40&md5=9e1daccc2554dca48de7021681bf00d2","Article","Final","All Open Access; Green Open Access","Scopus","2-s2.0-85073632516"
"Luh J.; Bartram J.","Luh, Jeanne (7006771208); Bartram, Jamie (6603696131)","7006771208; 6603696131","BENCHMARKING PROGRESS ON REDUCING INEQUALITIES OVER TIME","2018","Equality in Water and Sanitation Services","","","","253","285","32","0","10.4324/9781315471532-14","https://www.scopus.com/inward/record.uri?eid=2-s2.0-85139698491&doi=10.4324%2f9781315471532-14&partnerID=40&md5=4b286b27107dc114e23b35c9c7598a9f","Book chapter","Final","","Scopus","2-s2.0-85139698491"
"Anderson D.M.; Birken S.A.; Bartram J.K.; Freeman M.C.","Anderson, Darcy M. (57194513307); Birken, Sarah A. (26026215100); Bartram, Jamie K. (6603696131); Freeman, Matthew C. (23099628300)","57194513307; 26026215100; 6603696131; 23099628300","Adaptation of Water, Sanitation, and Hygiene Interventions: A Model and Scoping Review of Key Concepts and Tools","2022","Frontiers in Health Services","2","","896234","","","","7","10.3389/frhs.2022.896234","https://www.scopus.com/inward/record.uri?eid=2-s2.0-85183631065&doi=10.3389%2ffrhs.2022.896234&partnerID=40&md5=66a845bb1f8c5c2d04ac93200de384e4","Review","Final","All Open Access; Gold Open Access; Green Open Access","Scopus","2-s2.0-85183631065"
"Bartram J.; Salas H.; Dufour A.","Bartram, J. (6603696131); Salas, H. (6603766025); Dufour, A. (7102685256)","6603696131; 6603766025; 7102685256","Viral and bacterial contamination of beaches","2019","Encyclopedia of Ocean Sciences","","","","395","404","9","0","10.1016/B978-0-12-813081-0.00059-8","https://www.scopus.com/inward/record.uri?eid=2-s2.0-85079083227&doi=10.1016%2fB978-0-12-813081-0.00059-8&partnerID=40&md5=686ab319cb5e7e63ad2ab021d0bb542e","Book chapter","Final","","Scopus","2-s2.0-85079083227"
"Oza H.H.; Fisher M.B.; Abebe L.; Cronk R.; McCord R.; Reuland F.; Behnke N.; Kafanikhale H.; Mofolo I.; Hoffman I.; Bartram J.","Oza, Hemali Harish (57214093932); Fisher, Michael Benjamin (55466325000); Abebe, Lydia (24066507700); Cronk, Ryan (35766082400); McCord, Ryan (57205341863); Reuland, Frances (57208709606); Behnke, Nikki (57193551829); Kafanikhale, Holystone (57208703572); Mofolo, Innocent (24173784200); Hoffman, Irving (7006682600); Bartram, Jamie (6603696131)","57214093932; 55466325000; 24066507700; 35766082400; 57205341863; 57208709606; 57193551829; 57208703572; 24173784200; 7006682600; 6603696131","Application of tools to monitor environmental conditions, identify exposures, and inform decision-making to improve infection prevention and control practices in Malawian maternity wards","2020","Environmental Monitoring and Assessment","192","2","134","","","","3","10.1007/s10661-020-8089-5","https://www.scopus.com/inward/record.uri?eid=2-s2.0-85078165140&doi=10.1007%2fs10661-020-8089-5&partnerID=40&md5=8e4f9a90f9697519a38db28c5b3beb8f","Article","Final","All Open Access; Green Open Access","Scopus","2-s2.0-85078165140"
"Howard G.; Bartram J.; Brocklehurst C.; Colford J.M., Jr.; Costa F.; Cunliffe D.; Dreibelbis R.; Eisenberg J.N.S.; Evans B.; Girones R.; Hrudey S.; Willetts J.; Wright C.Y.","Howard, Guy (7202022099); Bartram, Jamie (6603696131); Brocklehurst, Clarissa (35797978100); Colford, John M. (7004130553); Costa, Federico (55378617300); Cunliffe, David (7004500443); Dreibelbis, Robert (35366110600); Eisenberg, Joseph Neil Spindel (7102686314); Evans, Barbara (57199313235); Girones, Rosina (7003624105); Hrudey, Steve (7007062128); Willetts, Juliet (22236047100); Wright, Caradee Y. (16417972200)","7202022099; 6603696131; 35797978100; 7004130553; 55378617300; 7004500443; 35366110600; 7102686314; 57199313235; 7003624105; 7007062128; 22236047100; 16417972200","COVID-19: Urgent actions, critical reflections and future relevance of ‘WaSH’: Lessons for the current and future pandemics","2020","Journal of Water Sanitation and Hygiene for Development","10","3","","379","396","17","11","10.2166/washdev.2020.218","https://www.scopus.com/inward/record.uri?eid=2-s2.0-85089772819&doi=10.2166%2fwashdev.2020.218&partnerID=40&md5=f0c4a209736e16165e5fa37c88cbf75a","Review","Final","All Open Access; Gold Open Access; Green Open Access","Scopus","2-s2.0-85089772819"
"Anthonj C.; Fleming L.; Godfrey S.; Ambelu A.; Bevan J.; Cronk R.; Bartram J.","Anthonj, Carmen (56674612800); Fleming, Lisa (57204114076); Godfrey, Samuel (8895796000); Ambelu, Argaw (35279317000); Bevan, Jane (57197977111); Cronk, Ryan (35766082400); Bartram, Jamie (6603696131)","56674612800; 57204114076; 8895796000; 35279317000; 57197977111; 35766082400; 6603696131","Health risk perceptions are associated with domestic use of basic water and sanitation services—evidence from rural Ethiopia","2018","International Journal of Environmental Research and Public Health","15","10","2112","","","","25","10.3390/ijerph15102112","https://www.scopus.com/inward/record.uri?eid=2-s2.0-85054489287&doi=10.3390%2fijerph15102112&partnerID=40&md5=7f116a8e20c6108e5309fd481f93127b","Article","Final","All Open Access; Gold Open Access; Green Open Access","Scopus","2-s2.0-85054489287"
"Klug T.; Cronk R.; Shields K.F.; Bartram J.","Klug, Tori (57190842615); Cronk, Ryan (35766082400); Shields, Katherine F. (55226537800); Bartram, Jamie (6603696131)","57190842615; 35766082400; 55226537800; 6603696131","A categorization of water system breakdowns: Evidence from Liberia, Nigeria, Tanzania, and Uganda","2018","Science of the Total Environment","619-620","","","1126","1132","6","38","10.1016/j.scitotenv.2017.11.183","https://www.scopus.com/inward/record.uri?eid=2-s2.0-85034636146&doi=10.1016%2fj.scitotenv.2017.11.183&partnerID=40&md5=c01747ed0735e54dc792a3de613ba718","Article","Final","","Scopus","2-s2.0-85034636146"
"Drechsel P.; Bartram J.; Qadir M.; Medlicott K.O.","Drechsel, Pay (55904341200); Bartram, James (6603696131); Qadir, Manzoor (55215160300); Medlicott, Kate O. (22934654500)","55904341200; 6603696131; 55215160300; 22934654500","The challenge of supporting and monitoring safe wastewater use in agriculture in LMIC","2024","npj Clean Water","7","1","67","","","","0","10.1038/s41545-024-00364-z","https://www.scopus.com/inward/record.uri?eid=2-s2.0-85199443703&doi=10.1038%2fs41545-024-00364-z&partnerID=40&md5=44d91bb724b116c37c6a32a2469ee295","Note","Final","All Open Access; Gold Open Access","Scopus","2-s2.0-85199443703"
"Cronk R.; Bartram J.","Cronk, Ryan (35766082400); Bartram, Jamie (6603696131)","35766082400; 6603696131","Identifying opportunities to improve piped water continuity and water system monitoring in Honduras, Nicaragua, and Panama: Evidence from Bayesian networks and regression analysis","2018","Journal of Cleaner Production","196","","","1","10","9","17","10.1016/j.jclepro.2018.06.017","https://www.scopus.com/inward/record.uri?eid=2-s2.0-85049312331&doi=10.1016%2fj.jclepro.2018.06.017&partnerID=40&md5=ef3c4fb36b6729a9b2e945abaafd167c","Article","Final","","Scopus","2-s2.0-85049312331"
"Gunnarsdottir M.J.; Gardarsson S.M.; Schultz A.C.; Albrechtsen H.-J.; Hansen L.T.; Gerlach Bergkvist K.S.; Rossi P.M.; Klöve B.; Myrmel M.; Persson K.M.; Eriksson M.; Bartram J.","Gunnarsdottir, Maria J. (21833889800); Gardarsson, Sigurdur M. (6508351578); Schultz, Anna Charlotte (7202835559); Albrechtsen, Hans-Jörgen (35561135100); Hansen, Lisbeth Truelstrup (7801525549); Gerlach Bergkvist, Kim Steve (57219123867); Rossi, Pekka M. (53164743100); Klöve, Björn (6602979743); Myrmel, Mette (6602232235); Persson, Kenneth M. (57534906700); Eriksson, Magnus (57219123882); Bartram, Jamie (6603696131)","21833889800; 6508351578; 7202835559; 35561135100; 7801525549; 57219123867; 53164743100; 6602979743; 6602232235; 57534906700; 57219123882; 6603696131","Status of risk-based approach and national framework for safe drinking water in small water supplies of the Nordic water sector","2020","International Journal of Hygiene and Environmental Health","230","","113627","","","","20","10.1016/j.ijheh.2020.113627","https://www.scopus.com/inward/record.uri?eid=2-s2.0-85091393027&doi=10.1016%2fj.ijheh.2020.113627&partnerID=40&md5=6251bece6ab905b03faa9f91fc4f4ebd","Article","Final","All Open Access; Green Open Access","Scopus","2-s2.0-85091393027"
"MacDonald M.C.; Elliott M.; Langidrik D.; Chan T.; Saunders A.; Stewart-Koster B.; Taafaki I.J.; Bartram J.; Hadwen W.L.","MacDonald, Morgan C. (56462088200); Elliott, Mark (57189616985); Langidrik, Dustin (57217479862); Chan, Terry (7402680829); Saunders, Angela (57217479536); Stewart-Koster, Ben (18134494100); Taafaki, Irene J. (56445863800); Bartram, Jamie (6603696131); Hadwen, Wade L. (6507327364)","56462088200; 57189616985; 57217479862; 7402680829; 57217479536; 18134494100; 56445863800; 6603696131; 6507327364","Mitigating drought impacts in remote island atolls with traditional water usage behaviors and modern technology","2020","Science of the Total Environment","741","","140230","","","","15","10.1016/j.scitotenv.2020.140230","https://www.scopus.com/inward/record.uri?eid=2-s2.0-85087283166&doi=10.1016%2fj.scitotenv.2020.140230&partnerID=40&md5=0ba2d778380378b8dfa22259ba03c263","Article","Final","All Open Access; Green Open Access","Scopus","2-s2.0-85087283166"
"Mercer J.; Bartram J.","Mercer, J. (57210183794); Bartram, J. (6603696131)","57210183794; 6603696131","Worldwide regulatory strategies and policies for drinking water","2019","Encyclopedia of Environmental Health","","","","458","467","9","0","10.1016/B978-0-444-63951-6.00290-4","https://www.scopus.com/inward/record.uri?eid=2-s2.0-85079555116&doi=10.1016%2fB978-0-444-63951-6.00290-4&partnerID=40&md5=57cc7fba8c7e66763abd4811c5870df7","Book chapter","Final","","Scopus","2-s2.0-85079555116"
"Charles K.J.; Nowicki S.; Bartram J.K.","Charles, Katrina J. (9337584000); Nowicki, Saskia (57203120388); Bartram, Jamie K. (6603696131)","9337584000; 57203120388; 6603696131","A framework for monitoring the safety of water services: from measurements to security","2020","npj Clean Water","3","1","36","","","","34","10.1038/s41545-020-00083-1","https://www.scopus.com/inward/record.uri?eid=2-s2.0-85089743390&doi=10.1038%2fs41545-020-00083-1&partnerID=40&md5=c0062f44836a575f3da3e5da1aa55010","Review","Final","All Open Access; Gold Open Access","Scopus","2-s2.0-85089743390"
"Crocker J.; Fuente D.; Bartram J.","Crocker, Jonny (55328328900); Fuente, David (43861101200); Bartram, Jamie (6603696131)","55328328900; 43861101200; 6603696131","Cost effectiveness of community led total sanitation in Ethiopia and Ghana","2021","International Journal of Hygiene and Environmental Health","232","","113682","","","","7","10.1016/j.ijheh.2020.113682","https://www.scopus.com/inward/record.uri?eid=2-s2.0-85098129972&doi=10.1016%2fj.ijheh.2020.113682&partnerID=40&md5=f1b7ddc4747d6241454dc8d29705257b","Article","Final","All Open Access; Green Open Access; Hybrid Gold Open Access","Scopus","2-s2.0-85098129972"
"Behnke N.; Cronk R.; Snel M.; Moffa M.; Tu R.; Banner B.; Folz C.; Anderson D.; Macintyre A.; Stowe E.; Bartram J.","Behnke, Nikki (57193551829); Cronk, Ryan (35766082400); Snel, Marielle (12789615400); Moffa, Michelle (57195377833); Tu, Raymond (57214085060); Banner, Brandie (57220005660); Folz, Caroline (57756242600); Anderson, Darcy (57194513307); Macintyre, Alison (55851161900); Stowe, Eric (57190692759); Bartram, Jamie (6603696131)","57193551829; 35766082400; 12789615400; 57195377833; 57214085060; 57220005660; 57756242600; 57194513307; 55851161900; 57190692759; 6603696131","Improving environmental conditions for involuntarily displaced populations: Water, sanitation, and hygiene in orphanages, prisons, and refugee and idp settlements","2018","Journal of Water Sanitation and Hygiene for Development","8","4","","785","791","6","16","10.2166/washdev.2018.019","https://www.scopus.com/inward/record.uri?eid=2-s2.0-85058824656&doi=10.2166%2fwashdev.2018.019&partnerID=40&md5=fa3595537f5d35625705a6a5872566ce","Article","Final","All Open Access; Bronze Open Access","Scopus","2-s2.0-85058824656"
"Cronk R.; Guo A.; Folz C.; Hynes P.; Labat A.; Liang K.; Bartram J.","Cronk, Ryan (35766082400); Guo, Amy (57196065010); Folz, Caroline (57756242600); Hynes, Peter (57221110904); Labat, Ashley (57221085194); Liang, Kaida (54898489900); Bartram, Jamie (6603696131)","35766082400; 57196065010; 57756242600; 57221110904; 57221085194; 54898489900; 6603696131","Environmental conditions in maternity wards: Evidence from rural healthcare facilities in 14 low- and middle-income countries","2021","International Journal of Hygiene and Environmental Health","232","","113681","","","","4","10.1016/j.ijheh.2020.113681","https://www.scopus.com/inward/record.uri?eid=2-s2.0-85098189227&doi=10.1016%2fj.ijheh.2020.113681&partnerID=40&md5=24c988f05c1927c4c7c3014bfd443f08","Article","Final","All Open Access; Green Open Access","Scopus","2-s2.0-85098189227"
"Chan T.; MacDonald M.C.; Kearton A.; Elliott M.; Shields K.F.; Powell B.; Bartram J.K.; Hadwen W.L.","Chan, T. (7402680829); MacDonald, M.C. (56462088200); Kearton, A. (57192078120); Elliott, M. (57189616985); Shields, K.F. (55226537800); Powell, B. (56124530800); Bartram, J.K. (6603696131); Hadwen, W.L. (6507327364)","7402680829; 56462088200; 57192078120; 57189616985; 55226537800; 56124530800; 6603696131; 6507327364","Climate adaptation for rural water and sanitation systems in the Solomon Islands: A community scale systems model for decision support","2020","Science of the Total Environment","714","","136681","","","","11","10.1016/j.scitotenv.2020.136681","https://www.scopus.com/inward/record.uri?eid=2-s2.0-85078128242&doi=10.1016%2fj.scitotenv.2020.136681&partnerID=40&md5=559b164827ca6f1e063b9b7426611d94","Article","Final","All Open Access; Green Open Access","Scopus","2-s2.0-85078128242"
"Wu J.; Stewart J.R.; Sobsey M.D.; Cormency C.; Fisher M.B.; Bartram J.K.","Wu, Jianyong (55636315949); Stewart, Jill R. (15021299100); Sobsey, Mark D. (7005538244); Cormency, Chris (57200702001); Fisher, Michael B. (55466325000); Bartram, Jamie K. (6603696131)","55636315949; 15021299100; 7005538244; 57200702001; 55466325000; 6603696131","Rapid Detection of Escherichia coli in Water Using Sample Concentration and Optimized Enzymatic Hydrolysis of Chromogenic Substrates","2018","Current Microbiology","75","7","","827","834","7","11","10.1007/s00284-018-1454-8","https://www.scopus.com/inward/record.uri?eid=2-s2.0-85042237012&doi=10.1007%2fs00284-018-1454-8&partnerID=40&md5=11c871b2c6ea97db4218b269097eea63","Article","Final","","Scopus","2-s2.0-85042237012"
"Gon G.; Dramowski A.; Hornsey E.; Graham W.; Fardousi N.; Aiken A.; Allegranzi B.; Anderson D.; Bartram J.; Bhattacharya S.; Brogan J.; Caluwaerts A.; Padoveze M.C.; Damani N.; Dancer S.; Deeves M.; Denny L.; Feasey N.; Hall L.; Hopman J.; Chettry L.K.; Kiernan M.; Kilpatrick C.; Mehtar S.; Moe C.; Nurse-Findlay S.; Ogunsola F.; Okwor T.; Pascual B.; Patrick M.; Pearse O.; Peters A.; Pittet D.; Storr J.; Tomczyk S.; Weiser T.G.; Yakubu H.","Gon, Giorgia (56465813000); Dramowski, Angela (26221608000); Hornsey, Emilio (57209990134); Graham, Wendy (57203257052); Fardousi, Nasser (57210885771); Aiken, Alexander (14524100600); Allegranzi, Benedetta (6701852746); Anderson, Darcy (57194513307); Bartram, James (6603696131); Bhattacharya, Sanjay (7404284513); Brogan, John (57203352981); Caluwaerts, An (56646388000); Padoveze, Maria Clara (6507377272); Damani, Nizam (6602696824); Dancer, Stephanie (7003919753); Deeves, Miranda (58745881100); Denny, Lindsay (57215206934); Feasey, Nicholas (36479968900); Hall, Lisa (37101712900); Hopman, Joost (30267661000); Chettry, Laxman Kharal (55980783200); Kiernan, Martin (21640244400); Kilpatrick, Claire (26531420900); Mehtar, Shaheen (7003877174); Moe, Christine (7005362343); Nurse-Findlay, Stephen (55959680400); Ogunsola, Folasade (6603110324); Okwor, Tochi (57201461892); Pascual, Bruno (59349314100); Patrick, Molly (54411198700); Pearse, Oliver (58045937800); Peters, Alexandra (57202461375); Pittet, Didier (7102541220); Storr, Julie (23968083700); Tomczyk, Sara (57055490600); Weiser, Thomas G. (36088225800); Yakubu, Habib (56891512500)","56465813000; 26221608000; 57209990134; 57203257052; 57210885771; 14524100600; 6701852746; 57194513307; 6603696131; 7404284513; 57203352981; 56646388000; 6507377272; 6602696824; 7003919753; 58745881100; 57215206934; 36479968900; 37101712900; 30267661000; 55980783200; 21640244400; 26531420900; 7003877174; 7005362343; 55959680400; 6603110324; 57201461892; 59349314100; 54411198700; 58045937800; 57202461375; 7102541220; 23968083700; 57055490600; 36088225800; 56891512500","Research priorities to strengthen environmental cleaning in healthcare facilities: the CLEAN Group Consensus","2024","Antimicrobial Resistance and Infection Control","13","1","112","","","","0","10.1186/s13756-024-01463-9","https://www.scopus.com/inward/record.uri?eid=2-s2.0-85205335653&doi=10.1186%2fs13756-024-01463-9&partnerID=40&md5=ef0abc8b211c63c0df8147a65d32cdfb","Note","Final","All Open Access; Gold Open Access","Scopus","2-s2.0-85205335653"
"Prüss-Ustün A.; Wolf J.; Bartram J.; Clasen T.; Cumming O.; Freeman M.C.; Gordon B.; Hunter P.R.; Medlicott K.; Johnston R.","Prüss-Ustün, Annette (9739021000); Wolf, Jennyfer (55307975800); Bartram, Jamie (6603696131); Clasen, Thomas (6701896965); Cumming, Oliver (35069122800); Freeman, Matthew C. (23099628300); Gordon, Bruce (50161377600); Hunter, Paul R. (17135089100); Medlicott, Kate (22934654500); Johnston, Richard (13003497100)","9739021000; 55307975800; 6603696131; 6701896965; 35069122800; 23099628300; 50161377600; 17135089100; 22934654500; 13003497100","Burden of disease from inadequate water, sanitation and hygiene for selected adverse health outcomes: An updated analysis with a focus on low- and middle-income countries","2019","International Journal of Hygiene and Environmental Health","222","5","","765","777","12","484","10.1016/j.ijheh.2019.05.004","https://www.scopus.com/inward/record.uri?eid=2-s2.0-85065412545&doi=10.1016%2fj.ijheh.2019.05.004&partnerID=40&md5=d729849a723a9a28fd3c516c5ac8973b","Article","Final","All Open Access; Green Open Access; Hybrid Gold Open Access","Scopus","2-s2.0-85065412545"
"Setty K.; O’Flaherty G.; Enault J.; Lapouge S.; Loret J.F.; Bartram J.","Setty, K. (23101398100); O’Flaherty, G. (57202931007); Enault, J. (56703371900); Lapouge, S. (57202926354); Loret, J.F. (6507884720); Bartram, J. (6603696131)","23101398100; 57202931007; 56703371900; 57202926354; 6507884720; 6603696131","Assessing operational performance benefits of a Water Safety Plan implemented in Southwestern France","2018","Perspectives in Public Health","138","5","","270","278","8","18","10.1177/1757913918787846","https://www.scopus.com/inward/record.uri?eid=2-s2.0-85049834926&doi=10.1177%2f1757913918787846&partnerID=40&md5=4f2dd23000748a5d4f130537c2d422d4","Review","Final","All Open Access; Green Open Access; Hybrid Gold Open Access","Scopus","2-s2.0-85049834926"
"Setty K.; Jiménez A.; Willetts J.; Leifels M.; Bartram J.","Setty, Karen (23101398100); Jiménez, Alejandro (26025151800); Willetts, Juliet (22236047100); Leifels, Mats (56537014400); Bartram, Jamie (6603696131)","23101398100; 26025151800; 22236047100; 56537014400; 6603696131","Global water, sanitation and hygiene research priorities and learning challenges under Sustainable Development Goal 6","2020","Development Policy Review","38","1","","64","84","20","25","10.1111/dpr.12475","https://www.scopus.com/inward/record.uri?eid=2-s2.0-85074115583&doi=10.1111%2fdpr.12475&partnerID=40&md5=cc95ea09dcac980bf11fe94495343434","Article","Final","All Open Access; Green Open Access","Scopus","2-s2.0-85074115583"
"McCord R.; Cronk R.; Tomaro J.; Reuland F.; Behnke N.; Mmodzi Tseka J.; Banda C.; Kafanikhale H.; Mofolo I.; Hoffman I.; Bartram J.","McCord, R. (57205341863); Cronk, R. (35766082400); Tomaro, J. (6603358182); Reuland, F. (57208709606); Behnke, N. (57193551829); Mmodzi Tseka, J. (57208702874); Banda, C. (26022928300); Kafanikhale, H. (57208703572); Mofolo, I. (24173784200); Hoffman, I. (7006682600); Bartram, J. (6603696131)","57205341863; 35766082400; 6603358182; 57208709606; 57193551829; 57208702874; 26022928300; 57208703572; 24173784200; 7006682600; 6603696131","The implementation of environmental health policies in health care facilities: The case of Malawi","2019","International Journal of Hygiene and Environmental Health","222","4","","705","716","11","10","10.1016/j.ijheh.2019.05.003","https://www.scopus.com/inward/record.uri?eid=2-s2.0-85065568352&doi=10.1016%2fj.ijheh.2019.05.003&partnerID=40&md5=c990fe1d003b04e0be50b0f307c6b742","Article","Final","","Scopus","2-s2.0-85065568352"
"Amjad U.Q.; Dalcanale F.; Kayser G.; Bentley P.; Bartram J.","Amjad, Urooj Quezon (14833764300); Dalcanale, Fernanda (36971126800); Kayser, Georgia (55626770700); Bentley, Peggy (57203874505); Bartram, Jamie (6603696131)","14833764300; 36971126800; 55626770700; 57203874505; 6603696131","Evidence-based decision-making on water quality in domestic water supply in Malawi, Ecuador, and Brazil","2018","Water Policy","20","3","","530","545","15","5","10.2166/wp.2017.184","https://www.scopus.com/inward/record.uri?eid=2-s2.0-85053330262&doi=10.2166%2fwp.2017.184&partnerID=40&md5=a137bf6f1801163948fadbf33622258d","Article","Final","All Open Access; Bronze Open Access; Green Open Access","Scopus","2-s2.0-85053330262"
"Anderson D.M.; Cronk R.; Fejfar D.; Pak E.; Cawley M.; Bartram J.","Anderson, Darcy M. (57194513307); Cronk, Ryan (35766082400); Fejfar, Donald (57205148256); Pak, Emily (57221783626); Cawley, Michelle (57200072944); Bartram, Jamie (6603696131)","57194513307; 35766082400; 57205148256; 57221783626; 57200072944; 6603696131","Safe healthcare facilities: A systematic review on the costs of establishing and maintaining environmental health in facilities in low-and middle-income countries","2021","International Journal of Environmental Research and Public Health","18","2","817","1","22","21","9","10.3390/ijerph18020817","https://www.scopus.com/inward/record.uri?eid=2-s2.0-85100180099&doi=10.3390%2fijerph18020817&partnerID=40&md5=3cb9aefcf81ccb0fb869fe59dd51d817","Review","Final","All Open Access; Gold Open Access; Green Open Access","Scopus","2-s2.0-85100180099"
"Strande L.; Evans B.; von Sperling M.; Bartram J.; Harada H.; Nakagiri A.; Nguyen V.-A.","Strande, Linda (57222160017); Evans, Barbara (57199313235); von Sperling, Marcos (7004116660); Bartram, Jamie (6603696131); Harada, Hidenori (57195634839); Nakagiri, Anne (56719581400); Nguyen, Viet-Anh (57210161030)","57222160017; 57199313235; 7004116660; 6603696131; 57195634839; 56719581400; 57210161030","Urban Sanitation: New Terminology for Globally Relevant Solutions?","2023","Environmental Science and Technology","57","42","","15771","15779","8","11","10.1021/acs.est.3c04431","https://www.scopus.com/inward/record.uri?eid=2-s2.0-85175357429&doi=10.1021%2facs.est.3c04431&partnerID=40&md5=0345b47bbd6161045208dd4d92bb48b0","Article","Final","All Open Access; Green Open Access; Hybrid Gold Open Access","Scopus","2-s2.0-85175357429"
"Venkataramanan V.; Crocker J.; Karon A.; Bartram J.","Venkataramanan, Vidya (53980500500); Crocker, Jonny (55328328900); Karon, Andrew (57193402492); Bartram, Jamie (6603696131)","53980500500; 55328328900; 57193402492; 6603696131","Community-led total sanitation: A mixed-methods systematic review of evidence and its quality","2018","Environmental Health Perspectives","126","2","026001","","","17","123","10.1289/EHP1965","https://www.scopus.com/inward/record.uri?eid=2-s2.0-85042223990&doi=10.1289%2fEHP1965&partnerID=40&md5=816054b80e03269e97a216775f220f4b","Review","Final","All Open Access; Gold Open Access; Green Open Access","Scopus","2-s2.0-85042223990"
"Bartram J.; Setty K.","Bartram, Jamie (6603696131); Setty, Karen (23101398100)","6603696131; 23101398100","Environmental Health Science and Engineering for Policy, Programming, and Practice","2021","Journal of Environmental Engineering (United States)","147","10","03121002","","","","6","10.1061/(ASCE)EE.1943-7870.0001880","https://www.scopus.com/inward/record.uri?eid=2-s2.0-85113161560&doi=10.1061%2f%28ASCE%29EE.1943-7870.0001880&partnerID=40&md5=e4f1527ceac1cdca12ff741a500a9873","Review","Final","All Open Access; Green Open Access; Hybrid Gold Open Access","Scopus","2-s2.0-85113161560"
"Anderson D.M.; Wren Tracy J.; Cronk R.; Schram H.; Behnke N.; Bartram J.","Anderson, Darcy M. (57194513307); Wren Tracy, J. (57210396342); Cronk, Ryan (35766082400); Schram, Hayley (57203759818); Behnke, Nikki (57193551829); Bartram, Jamie (6603696131)","57194513307; 57210396342; 35766082400; 57203759818; 57193551829; 6603696131","A toolkit for costing environmental health services in healthcare facilities","2021","Journal of Water Sanitation and Hygiene for Development","11","4","","668","675","7","1","10.2166/washdev.2021.018","https://www.scopus.com/inward/record.uri?eid=2-s2.0-85119957421&doi=10.2166%2fwashdev.2021.018&partnerID=40&md5=091378c2d5a65a45b65b1dd361bee525","Article","Final","All Open Access; Gold Open Access; Green Open Access","Scopus","2-s2.0-85119957421"
"Morgan C.E.; Bowling J.M.; Bartram J.; Kayser G.L.","Morgan, Camille E. (57194388981); Bowling, J. Michael (7005526932); Bartram, Jamie (6603696131); Kayser, Georgia L. (55626770700)","57194388981; 7005526932; 6603696131; 55626770700","Attributes of drinking water, sanitation, and hygiene associated with microbiological water quality of stored drinking water in rural schools in Mozambique and Uganda","2021","International Journal of Hygiene and Environmental Health","236","","113804","","","","18","10.1016/j.ijheh.2021.113804","https://www.scopus.com/inward/record.uri?eid=2-s2.0-85109129732&doi=10.1016%2fj.ijheh.2021.113804&partnerID=40&md5=7e8d125eaa276e6eac0fcb8d8ee1b7e2","Article","Final","All Open Access; Green Open Access","Scopus","2-s2.0-85109129732"
"Fleming L.; Anthonj C.; Thakkar M.B.; Tikoisuva W.M.; Manga M.; Howard G.; Shields K.F.; Kelly E.; Overmars M.; Bartram J.","Fleming, Lisa (57204114076); Anthonj, Carmen (56674612800); Thakkar, Mamita Bora (57162899900); Tikoisuva, Waqairapoa M. (57208886568); Manga, Musa (57208886381); Howard, Guy (7202022099); Shields, Katherine F. (55226537800); Kelly, Emma (56999862100); Overmars, Marc (16307715400); Bartram, Jamie (6603696131)","57204114076; 56674612800; 57162899900; 57208886568; 57208886381; 7202022099; 55226537800; 56999862100; 16307715400; 6603696131","Urban and rural sanitation in the Solomon Islands: How resilient are these to extreme weather events?","2019","Science of the Total Environment","683","","","331","340","9","29","10.1016/j.scitotenv.2019.05.253","https://www.scopus.com/inward/record.uri?eid=2-s2.0-85066046254&doi=10.1016%2fj.scitotenv.2019.05.253&partnerID=40&md5=335242f6cacade05608ae7f77fa97ccf","Article","Final","All Open Access; Green Open Access","Scopus","2-s2.0-85066046254"
"Shields K.F.; Moffa M.; Behnke N.L.; Kelly E.; Klug T.; Lee K.; Cronk R.; Bartram J.","Shields, Katherine F. (55226537800); Moffa, Michelle (57195377833); Behnke, Nikki L. (57193551829); Kelly, Emma (56999862100); Klug, Tori (57190842615); Lee, Kristen (57193553844); Cronk, Ryan (35766082400); Bartram, Jamie (6603696131)","55226537800; 57195377833; 57193551829; 56999862100; 57190842615; 57193553844; 35766082400; 6603696131","Community management does not equate to participation: Fostering community participation in rural water supplies","2021","Journal of Water Sanitation and Hygiene for Development","11","6","","937","947","10","8","10.2166/washdev.2021.089","https://www.scopus.com/inward/record.uri?eid=2-s2.0-85119971609&doi=10.2166%2fwashdev.2021.089&partnerID=40&md5=b4d3c0fcd5308e47ff1d4f34cd0b2e00","Article","Final","All Open Access; Gold Open Access; Green Open Access","Scopus","2-s2.0-85119971609"
"Wilcox J.; Rutayisire B.; Kuria N.; Evans B.; Bartram J.; Sklar R.","Wilcox, Jonathan (58789652400); Rutayisire, Bruce (57442516100); Kuria, Nicholas (57441766100); Evans, Barbara (57199313235); Bartram, Jamie (6603696131); Sklar, Rachel (56594717800)","58789652400; 57442516100; 57441766100; 57199313235; 6603696131; 56594717800","Developing formal pit-latrine emptying businesses for hard-to-serve customers: resources, methods, and pricing structures","2023","Journal of Water Sanitation and Hygiene for Development","13","12","","941","951","10","1","10.2166/washdev.2023.110","https://www.scopus.com/inward/record.uri?eid=2-s2.0-85181169501&doi=10.2166%2fwashdev.2023.110&partnerID=40&md5=e684e6a31944fbe7bcace532631ea30a","Article","Final","All Open Access; Gold Open Access; Green Open Access","Scopus","2-s2.0-85181169501"
"Hales G.; Hasan B.S.F.; Balongo O.; Meshvania J.; Sanchez-Martinez R.; Shachinda C.; Hutchings P.; Bartram J.","Hales, Georgia (57222216922); Hasan, Bushra S. F. (58167135400); Balongo, Oscar (59347830200); Meshvania, Jay (59347830300); Sanchez-Martinez, Reychel (59346881500); Shachinda, Charles (59347286400); Hutchings, Paul (56900871400); Bartram, James (6603696131)","57222216922; 58167135400; 59347830200; 59347830300; 59346881500; 59347286400; 56900871400; 6603696131","‘WaSH Futurism’: exploring post-SDG6 targets using the Nominal Group Technique for more equitable global agenda setting","2023","Journal of Water Sanitation and Hygiene for Development","13","8","","529","539","10","1","10.2166/WASHDEV.2023.246","https://www.scopus.com/inward/record.uri?eid=2-s2.0-85205249683&doi=10.2166%2fWASHDEV.2023.246&partnerID=40&md5=6ac7fd3b19fde41c7be53656521d2ea9","Article","Final","All Open Access; Gold Open Access; Green Open Access","Scopus","2-s2.0-85205249683"
"Anderson D.M.; Cronk R.; Pak E.; Malima P.; Fuente D.; Tracy J.W.; Mofolo I.; Kafanikhale H.; Hoffman I.; Bartram J.","Anderson, Darcy M. (57194513307); Cronk, Ryan (35766082400); Pak, Emily (57221783626); Malima, Precious (57222984935); Fuente, David (43861101200); Tracy, J. Wren (57210396342); Mofolo, Innocent (24173784200); Kafanikhale, Holystone (57208703572); Hoffman, Irving (7006682600); Bartram, Jamie (6603696131)","57194513307; 35766082400; 57221783626; 57222984935; 43861101200; 57210396342; 24173784200; 57208703572; 7006682600; 6603696131","Development and application of tools to cost the delivery of environmental health services in healthcare facilities: a financial analysis in urban Malawi","2021","BMC Health Services Research","21","1","329","","","","2","10.1186/s12913-021-06325-3","https://www.scopus.com/inward/record.uri?eid=2-s2.0-85104320819&doi=10.1186%2fs12913-021-06325-3&partnerID=40&md5=27d3c8b645c37881178a102343e8ce7e","Article","Final","All Open Access; Gold Open Access; Green Open Access","Scopus","2-s2.0-85104320819"
"Setty K.E.; Enault J.; Loret J.-F.; Puigdomenech Serra C.; Martin-Alonso J.; Bartram J.","Setty, Karen E. (23101398100); Enault, Jerome (56703371900); Loret, Jean-Francois (6507884720); Puigdomenech Serra, Claudia (57201655762); Martin-Alonso, Jordi (8629161400); Bartram, Jamie (6603696131)","23101398100; 56703371900; 6507884720; 57201655762; 8629161400; 6603696131","Time series study of weather, water quality, and acute gastroenteritis at Water Safety Plan implementation sites in France and Spain","2018","International Journal of Hygiene and Environmental Health","221","4","","714","726","12","23","10.1016/j.ijheh.2018.04.001","https://www.scopus.com/inward/record.uri?eid=2-s2.0-85045577499&doi=10.1016%2fj.ijheh.2018.04.001&partnerID=40&md5=b6dac4e284c54f108423ee710c85fe3e","Article","Final","All Open Access; Green Open Access; Hybrid Gold Open Access","Scopus","2-s2.0-85045577499"
"Cronk R.; Bartram J.","Cronk, Ryan (35766082400); Bartram, Jamie (6603696131)","35766082400; 6603696131","Environmental conditions in health care facilities in low- and middle-income countries: Coverage and inequalities","2018","International Journal of Hygiene and Environmental Health","221","3","","409","422","13","100","10.1016/j.ijheh.2018.01.004","https://www.scopus.com/inward/record.uri?eid=2-s2.0-85040509808&doi=10.1016%2fj.ijheh.2018.01.004&partnerID=40&md5=bc7217fa111fc101280ccdfc058c48ce","Article","Final","All Open Access; Hybrid Gold Open Access","Scopus","2-s2.0-85040509808"
"Shackelford B.B.; Cronk R.; Behnke N.; Cooper B.; Tu R.; D'Souza M.; Bartram J.; Schweitzer R.; Jaff D.","Shackelford, Brandie Banner (57214098851); Cronk, Ryan (35766082400); Behnke, Nikki (57193551829); Cooper, Brittany (57214095476); Tu, Raymond (57214085060); D'Souza, Mabel (57214093220); Bartram, Jamie (6603696131); Schweitzer, Ryan (57524773200); Jaff, Dilshad (57190047790)","57214098851; 35766082400; 57193551829; 57214095476; 57214085060; 57214093220; 6603696131; 57524773200; 57190047790","Environmental health in forced displacement: A systematic scoping review of the emergency phase","2020","Science of the Total Environment","714","","136553","","","","17","10.1016/j.scitotenv.2020.136553","https://www.scopus.com/inward/record.uri?eid=2-s2.0-85078101752&doi=10.1016%2fj.scitotenv.2020.136553&partnerID=40&md5=cab3eeaa7845b871c22217a67cf70e52","Article","Final","","Scopus","2-s2.0-85078101752"
"Marks S.J.; Kumpel E.; Guo J.; Bartram J.; Davis J.","Marks, Sara J. (55195343000); Kumpel, Emily (55537478500); Guo, Jean (57203970263); Bartram, Jamie (6603696131); Davis, Jennifer (56018424300)","55195343000; 55537478500; 57203970263; 6603696131; 56018424300","Pathways to sustainability: A fuzzy-set qualitative comparative analysis of rural water supply programs","2018","Journal of Cleaner Production","205","","","789","798","9","48","10.1016/j.jclepro.2018.09.029","https://www.scopus.com/inward/record.uri?eid=2-s2.0-85053823895&doi=10.1016%2fj.jclepro.2018.09.029&partnerID=40&md5=25cb6cd71ae85076fc9e742c1050ac38","Article","Final","All Open Access; Green Open Access; Hybrid Gold Open Access","Scopus","2-s2.0-85053823895"
"Anderson D.M.; Cronk R.; Best L.; Radin M.; Schram H.; Tracy J.W.; Bartram J.","Anderson, Darcy M. (57194513307); Cronk, Ryan (35766082400); Best, Lucy (57202469700); Radin, Mark (57207952226); Schram, Hayley (57203759818); Tracy, J. Wren (57210396342); Bartram, Jamie (6603696131)","57194513307; 35766082400; 57202469700; 57207952226; 57203759818; 57210396342; 6603696131","Budgeting for environmental health services in healthcare facilities: A ten-step model for planning and costing","2020","International Journal of Environmental Research and Public Health","17","6","2075","","","","18","10.3390/ijerph17062075","https://www.scopus.com/inward/record.uri?eid=2-s2.0-85082713914&doi=10.3390%2fijerph17062075&partnerID=40&md5=4cd13fab9fc2a2dee501768a57c1b6c2","Review","Final","All Open Access; Gold Open Access; Green Open Access","Scopus","2-s2.0-85082713914"
"Suhlrie L.; Bartram J.; Burns J.; Joca L.; Tomaro J.; Rehfuess E.","Suhlrie, Laura (57200327703); Bartram, Jamie (6603696131); Burns, Jacob (56006575900); Joca, Lauren (57200295888); Tomaro, John (6603358182); Rehfuess, Eva (12767500200)","57200327703; 6603696131; 56006575900; 57200295888; 6603358182; 12767500200","The role of energy in health facilities: A conceptual framework and complementary data assessment in Malawi","2018","PLoS ONE","13","7","e0200261","","","","24","10.1371/journal.pone.0200261","https://www.scopus.com/inward/record.uri?eid=2-s2.0-85051765105&doi=10.1371%2fjournal.pone.0200261&partnerID=40&md5=be380e7c8a9ebc1fae0766f698b6e3c2","Article","Final","All Open Access; Gold Open Access; Green Open Access","Scopus","2-s2.0-85051765105"
"Shields K.F.; Barrington D.J.; Meo S.; Sridharan S.; Saunders S.G.; Bartram J.; Souter R.T.","Shields, Katherine F. (55226537800); Barrington, Dani J. (25922053200); Meo, Semisi (15747710700); Sridharan, Srinivas (25634591300); Saunders, Stephen G. (7202876344); Bartram, Jamie (6603696131); Souter, Regina T. (57188627468)","55226537800; 25922053200; 15747710700; 25634591300; 7202876344; 6603696131; 57188627468","Achieving Development Outcomes by Building Practical Authority in WASH Participatory Collectives in Melanesia","2022","Water Alternatives","15","2","","363","412","49","5","","https://www.scopus.com/inward/record.uri?eid=2-s2.0-85131769959&partnerID=40&md5=72f49116b217dcb7c25f5b6e58850d02","Article","Final","","Scopus","2-s2.0-85131769959"
"Behnke N.L.; Cronk R.; Shackelford B.B.; Cooper B.; Tu R.; Heller L.; Bartram J.","Behnke, Nikki L. (57193551829); Cronk, Ryan (35766082400); Shackelford, Brandie Banner (57214098851); Cooper, Brittany (57214095476); Tu, Raymond (57214085060); Heller, Leo (13807691200); Bartram, Jamie (6603696131)","57193551829; 35766082400; 57214098851; 57214095476; 57214085060; 13807691200; 6603696131","Environmental health conditions in protracted displacement: A systematic scoping review","2020","Science of the Total Environment","726","","138234","","","","19","10.1016/j.scitotenv.2020.138234","https://www.scopus.com/inward/record.uri?eid=2-s2.0-85083818728&doi=10.1016%2fj.scitotenv.2020.138234&partnerID=40&md5=dee09ace9009372a0e40bcffa629cd04","Article","Final","All Open Access; Green Open Access","Scopus","2-s2.0-85083818728"
"Fuente D.; Bartram J.","Fuente, D. (43861101200); Bartram, J. (6603696131)","43861101200; 6603696131","Pro-poor governance in water and sanitation service delivery: evidence from Global Analysis and Assessment of Sanitation and Drinking Water surveys","2018","Perspectives in Public Health","138","5","","261","269","8","7","10.1177/1757913918788109","https://www.scopus.com/inward/record.uri?eid=2-s2.0-85050188057&doi=10.1177%2f1757913918788109&partnerID=40&md5=95f17fd6ba71450b1b1626ae13cd4c87","Review","Final","","Scopus","2-s2.0-85050188057"
"Manga M.; Kolsky P.; Rosenboom J.W.; Ramalingam S.; Sriramajayam L.; Bartram J.; Stewart J.","Manga, Musa (57208886381); Kolsky, Pete (6603361938); Rosenboom, Jan Willem (11940725300); Ramalingam, Sudha (24471942000); Sriramajayam, Lavanya (57286952500); Bartram, Jamie (6603696131); Stewart, Jill (57214498749)","57208886381; 6603361938; 11940725300; 24471942000; 57286952500; 6603696131; 57214498749","Public health performance of sanitation technologies in Tamil Nadu, India: Initial perspectives based on E. coli release","2022","International Journal of Hygiene and Environmental Health","243","","113987","","","","28","10.1016/j.ijheh.2022.113987","https://www.scopus.com/inward/record.uri?eid=2-s2.0-85131068137&doi=10.1016%2fj.ijheh.2022.113987&partnerID=40&md5=8cdd024608be45ca797fd3902070fa0c","Article","Final","All Open Access; Green Open Access; Hybrid Gold Open Access","Scopus","2-s2.0-85131068137"
"Yang A.R.; Bowling J.M.; Morgan C.E.; Bartram J.; Kayser G.L.","Yang, Audrey R. (57222738789); Bowling, James M. (7005526932); Morgan, Camille E. (57194388981); Bartram, Jamie (6603696131); Kayser, Georgia L. (55626770700)","57222738789; 7005526932; 57194388981; 6603696131; 55626770700","Predictors of household drinking water E. coli contamination: Population-based results from rural areas of Ghana, Malawi, Mozambique, Niger, Rwanda, Uganda, and Zambia","2025","International Journal of Hygiene and Environmental Health","264","","114507","","","","0","10.1016/j.ijheh.2024.114507","https://www.scopus.com/inward/record.uri?eid=2-s2.0-85211491241&doi=10.1016%2fj.ijheh.2024.114507&partnerID=40&md5=3b30bce287a1a2342d336698e2e5cb69","Article","Final","All Open Access; Hybrid Gold Open Access","Scopus","2-s2.0-85211491241"
"Jiménez A.; LeDeunff H.; Giné R.; Sjödin J.; Cronk R.; Murad S.; Takane M.; Bartram J.","Jiménez, Alejandro (26025151800); LeDeunff, Hélène (57193562877); Giné, Ricard (37261151600); Sjödin, Johanna (57225224271); Cronk, Ryan (35766082400); Murad, Sofia (57205767431); Takane, Marina (56418222000); Bartram, Jamie (6603696131)","26025151800; 57193562877; 37261151600; 57225224271; 35766082400; 57205767431; 56418222000; 6603696131","The enabling environment for participation in water and sanitation: A conceptual framework","2019","Water (Switzerland)","11","2","308","","","","54","10.3390/w11020308","https://www.scopus.com/inward/record.uri?eid=2-s2.0-85061510824&doi=10.3390%2fw11020308&partnerID=40&md5=3818a4042bed95e89088e5cfed27eb08","Article","Final","All Open Access; Gold Open Access","Scopus","2-s2.0-85061510824"
"Barrington D.J.; Sridharan S.; Saunders S.G.; Souter R.T.; Bartram J.; Shields K.F.; Meo S.; Kearton A.; Hughes R.K.","Barrington, D.J. (25922053200); Sridharan, S. (25634591300); Saunders, S.G. (7202876344); Souter, R.T. (57188627468); Bartram, J. (6603696131); Shields, K.F. (55226537800); Meo, S. (15747710700); Kearton, A. (57192078120); Hughes, R.K. (57192083084)","25922053200; 25634591300; 7202876344; 57188627468; 6603696131; 55226537800; 15747710700; 57192078120; 57192083084","Improving community health through marketing exchanges: A participatory action research study on water, sanitation, and hygiene in three Melanesian countries","2016","Social Science and Medicine","171","","","84","93","9","17","10.1016/j.socscimed.2016.11.003","https://www.scopus.com/inward/record.uri?eid=2-s2.0-84996931943&doi=10.1016%2fj.socscimed.2016.11.003&partnerID=40&md5=6b5772970c73ffded027537be20a7d58","Article","Final","All Open Access; Green Open Access","Scopus","2-s2.0-84996931943"
"Bartram J.; Godfrey S.","Bartram, Jamie (6603696131); Godfrey, Samuel (8895796000)","6603696131; 8895796000","Drinking-water supply","2015","Routledge Handbook of Water and Health","","","","191","202","11","0","10.4324/9781315693606-27","https://www.scopus.com/inward/record.uri?eid=2-s2.0-85153641973&doi=10.4324%2f9781315693606-27&partnerID=40&md5=d1a4c8ef6256015e9b69006fd9a08c1b","Book chapter","Final","","Scopus","2-s2.0-85153641973"
"Dodds F.; Bartram J.","Dodds, Felix (6507252232); Bartram, Jamie (6603696131)","6507252232; 6603696131","Introduction","2016","The Water, Food, Energy and Climate Nexus: Challenges and an Agenda for Action","","","","1","2","1","2","10.4324/9781315640716","https://www.scopus.com/inward/record.uri?eid=2-s2.0-84978224306&doi=10.4324%2f9781315640716&partnerID=40&md5=53c983d7e6fb4257834682b812c9f6a2","Editorial","Final","","Scopus","2-s2.0-84978224306"
"Gunnarsdottir M.J.; Gardarsson S.M.; St. Jonsson G.; Armannsson H.; Bartram J.","Gunnarsdottir, Maria J. (21833889800); Gardarsson, Sigurdur M. (6508351578); St. Jonsson, Gunnar (55665295600); Armannsson, Halldor (6603792968); Bartram, Jamie (6603696131)","21833889800; 6508351578; 55665295600; 6603792968; 6603696131","Natural background levels for chemicals in Icelandic aquifers","2015","Hydrology Research","46","4","","647","660","13","20","10.2166/nh.2014.123","https://www.scopus.com/inward/record.uri?eid=2-s2.0-84938240509&doi=10.2166%2fnh.2014.123&partnerID=40&md5=490d1cae935978b0b21142f93b89ad3e","Article","Final","All Open Access; Bronze Open Access","Scopus","2-s2.0-84938240509"
"Morgan C.; Bowling M.; Bartram J.; Lyn Kayser G.","Morgan, Camille (57194388981); Bowling, Michael (57193551185); Bartram, Jamie (6603696131); Lyn Kayser, Georgia (55626770700)","57194388981; 57193551185; 6603696131; 55626770700","Water, sanitation, and hygiene in schools: Status and implications of low coverage in Ethiopia, Kenya, Mozambique, Rwanda, Uganda, and Zambia","2017","International Journal of Hygiene and Environmental Health","220","6","","950","959","9","61","10.1016/j.ijheh.2017.03.015","https://www.scopus.com/inward/record.uri?eid=2-s2.0-85019844021&doi=10.1016%2fj.ijheh.2017.03.015&partnerID=40&md5=27d7ae35fbdb50c591e9a4022b562a58","Article","Final","","Scopus","2-s2.0-85019844021"
"Bain R.E.S.; Wright J.A.; Christenson E.; Bartram J.K.","Bain, R.E.S. (55059412700); Wright, J.A. (55276508600); Christenson, E. (56042284000); Bartram, J.K. (6603696131)","55059412700; 55276508600; 56042284000; 6603696131","Rural: Urban inequalities in post 2015 targets and indicators for drinking-water","2014","Science of the Total Environment","490","","","509","513","4","98","10.1016/j.scitotenv.2014.05.007","https://www.scopus.com/inward/record.uri?eid=2-s2.0-84901627350&doi=10.1016%2fj.scitotenv.2014.05.007&partnerID=40&md5=844c2d285542b17ceeedf31e7aa323e9","Article","Final","","Scopus","2-s2.0-84901627350"
"Hunter P.R.; Bartram J.; Cairncross S.","Hunter, Paul R. (17135089100); Bartram, Jamie (6603696131); Cairncross, Sandy (7005811380)","17135089100; 6603696131; 7005811380","Comment on ""randomized intervention study of solar disinfection of drinking water in the prevention of dysentery in Kenyan children aged under 5 years""","2012","Environmental Science and Technology","46","5","","3035","","","8","10.1021/es204500c","https://www.scopus.com/inward/record.uri?eid=2-s2.0-84857853474&doi=10.1021%2fes204500c&partnerID=40&md5=7239729a796d59017ea6a3511c25d02d","Letter","Final","","Scopus","2-s2.0-84857853474"
"Luh J.; Ojomo E.; Evans B.; Bartram J.","Luh, Jeanne (7006771208); Ojomo, Edema (35179879200); Evans, Barbara (57199313235); Bartram, Jamie (6603696131)","7006771208; 35179879200; 57199313235; 6603696131","National drinking water targets-trends and factors associated with target-setting","2017","Water Policy","19","5","","851","866","15","0","10.2166/wp.2017.108","https://www.scopus.com/inward/record.uri?eid=2-s2.0-85032210003&doi=10.2166%2fwp.2017.108&partnerID=40&md5=a03746e91c8f27052cf7fcf01acd5dff","Article","Final","All Open Access; Bronze Open Access; Green Open Access","Scopus","2-s2.0-85032210003"
"Luh J.; Bartram J.","Luh, Jeanne (7006771208); Bartram, Jamie (6603696131)","7006771208; 6603696131","Drinking water and sanitation: Progress in 73 countries in relation to socioeconomic indicators; [Eau potable et assainissement: Progrès réalisés dans 73 pays par rapport aux indicateurs socioéconomiques]; [Agua potable y saneamiento: Progreso en 73 países en relación con los indicadores socioeconómicos]","2016","Bulletin of the World Health Organization","94","2","","111A","121A","10","22","10.2471/BLT.15.162974","https://www.scopus.com/inward/record.uri?eid=2-s2.0-84957579739&doi=10.2471%2fBLT.15.162974&partnerID=40&md5=501359def179c3573018d532fb97dd94","Article","Final","All Open Access; Gold Open Access; Green Open Access","Scopus","2-s2.0-84957579739"
"Jasper C.; Le T.-T.; Bartram J.","Jasper, Christian (57189651261); Le, Thanh-Tam (55990000800); Bartram, Jamie (6603696131)","57189651261; 55990000800; 6603696131","Water and sanitation in schools: A systematic review of the health and educational outcomes","2012","International Journal of Environmental Research and Public Health","9","8","","2772","2787","15","162","10.3390/ijerph9082772","https://www.scopus.com/inward/record.uri?eid=2-s2.0-84865104645&doi=10.3390%2fijerph9082772&partnerID=40&md5=2bf5520451fd6e5265f97f3578989327","Review","Final","All Open Access; Gold Open Access; Green Open Access","Scopus","2-s2.0-84865104645"
"Crocker J.; Abodoo E.; Asamani D.; Domapielle W.; Gyapong B.; Bartram J.","Crocker, Jonny (55328328900); Abodoo, Elvis (57190809486); Asamani, Daniel (57190818616); Domapielle, William (57190815862); Gyapong, Benedict (57190813102); Bartram, Jamie (6603696131)","55328328900; 57190809486; 57190818616; 57190815862; 57190813102; 6603696131","Impact Evaluation of Training Natural Leaders during a Community-Led Total Sanitation Intervention: A Cluster-Randomized Field Trial in Ghana","2016","Environmental Science and Technology","50","16","","8867","8875","8","50","10.1021/acs.est.6b01557","https://www.scopus.com/inward/record.uri?eid=2-s2.0-84983320465&doi=10.1021%2facs.est.6b01557&partnerID=40&md5=7d55803b315dcf6f1566e6ae88beb0bf","Article","Final","All Open Access; Bronze Open Access; Green Open Access","Scopus","2-s2.0-84983320465"
"Fisher M.B.; Shields K.F.; Chan T.U.; Christenson E.; Cronk R.D.; Leker H.; Samani D.; Apoya P.; Lutz A.; Bartram J.","Fisher, Michael B. (55466325000); Shields, Katherine F. (55226537800); Chan, Terence U. (7402680829); Christenson, Elizabeth (56042284000); Cronk, Ryan D. (35766082400); Leker, Hannah (57003737400); Samani, Destina (57003278900); Apoya, Patrick (56712879500); Lutz, Alexandra (22035636300); Bartram, Jamie (6603696131)","55466325000; 55226537800; 7402680829; 56042284000; 35766082400; 57003737400; 57003278900; 56712879500; 22035636300; 6603696131","Understanding handpump sustainability: Determinants of rural water source functionality in the Greater Afram Plains region of Ghana","2015","Water Resources Research","51","10","","8431","8449","18","89","10.1002/2014WR016770","https://www.scopus.com/inward/record.uri?eid=2-s2.0-84956848426&doi=10.1002%2f2014WR016770&partnerID=40&md5=beb8da3b117539ec2123a2781d8bb117","Article","Final","All Open Access; Green Open Access; Hybrid Gold Open Access","Scopus","2-s2.0-84956848426"
"Dodds F.; Bartram J.","Dodds, Felix (6507252232); Bartram, Jamie (6603696131)","6507252232; 6603696131","The history of the Nexus at the intergovernmental level","2016","The Water, Food, Energy and Climate Nexus: Challenges and an Agenda for Action","","","","7","45","38","29","10.4324/9781315640716","https://www.scopus.com/inward/record.uri?eid=2-s2.0-84978218372&doi=10.4324%2f9781315640716&partnerID=40&md5=db922c5e64878061660d5c37998543ce","Book chapter","Final","","Scopus","2-s2.0-84978218372"
"Luh J.; Christenson E.C.; Toregozhina A.; Holcomb D.A.; Witsil T.; Hamrick L.R.; Ojomo E.; Bartram J.","Luh, Jeanne (7006771208); Christenson, Elizabeth C. (56042284000); Toregozhina, Aizhan (56835657100); Holcomb, David A. (56725237300); Witsil, Tucker (57208957910); Hamrick, Laura R. (56041874300); Ojomo, Edema (35179879200); Bartram, Jamie (6603696131)","7006771208; 56042284000; 56835657100; 56725237300; 57208957910; 56041874300; 35179879200; 6603696131","Vulnerability assessment for loss of access to drinking water due to extreme weather events","2015","Climatic Change","133","4","","665","679","14","16","10.1007/s10584-015-1493-0","https://www.scopus.com/inward/record.uri?eid=2-s2.0-84948096438&doi=10.1007%2fs10584-015-1493-0&partnerID=40&md5=0a203089697ea26127a31cac53e74a64","Article","Final","","Scopus","2-s2.0-84948096438"
"Bain R.E.S.; Woodall C.; Elliott J.; Arnold B.F.; Tung R.; Morley R.; Du Preez M.; Bartram J.K.; Davis A.P.; Gundry S.W.; Pedley S.","Bain, Robert E. S. (55059412700); Woodall, Claire (7003840699); Elliott, John (55422916400); Arnold, Benjamin F. (16174532400); Tung, Rosalind (55229536300); Morley, Robert (56996921800); Du Preez, Martella (6701333477); Bartram, Jamie K. (6603696131); Davis, Anthony P. (7404295889); Gundry, Stephen W. (7005035787); Pedley, Stephen (6603049002)","55059412700; 7003840699; 55422916400; 16174532400; 55229536300; 56996921800; 6701333477; 6603696131; 7404295889; 7005035787; 6603049002","Evaluation of an inexpensive growth medium for direct detection of Escherichia coli in temperate and sub-tropical waters","2015","PLoS ONE","10","10","e0140997","","","","18","10.1371/journal.pone.0140997","https://www.scopus.com/inward/record.uri?eid=2-s2.0-84949523692&doi=10.1371%2fjournal.pone.0140997&partnerID=40&md5=42fe16ecc7497ad07f0cc5c406b8c742","Article","Final","All Open Access; Gold Open Access; Green Open Access","Scopus","2-s2.0-84949523692"
"Bartram J.; Baum R.; Coclanis P.A.; Gute D.M.; Kay D.; McFadyen S.; Pond K.; Robertson W.; Rouse M.J.","Bartram, Jamie (6603696131); Baum, Rachel (55552135900); Coclanis, Peter A. (6602309120); Gute, David M. (6603747556); Kay, David (7102720901); McFadyen, Stéphanie (55537304900); Pond, Katherine (8349687900); Robertson, William (7402990681); Rouse, Michael J. (7007052271)","6603696131; 55552135900; 6602309120; 6603747556; 7102720901; 55537304900; 8349687900; 7402990681; 7007052271","Routledge handbook of water and health","2015","Routledge Handbook of Water and Health","","","","1","732","731","18","10.4324/9781315693606","https://www.scopus.com/inward/record.uri?eid=2-s2.0-84960232381&doi=10.4324%2f9781315693606&partnerID=40&md5=f5cb4225e2e0e1c140bf791654c80fb1","Book","Final","","Scopus","2-s2.0-84960232381"
"Meier B.M.; Kestenbaum J.G.; Kayser G.L.; Amjad U.Q.; Bartram J.","Meier, Benjamin Mason (8296585300); Kestenbaum, Jocelyn Getgen (55975735100); Kayser, Georgia Lyn (55626770700); Amjad, Urooj Quezon (14833764300); Bartram, Jamie (6603696131)","8296585300; 55975735100; 55626770700; 14833764300; 6603696131","Examining the practice of developing human rights indicators to facilitate accountability for the human right to water and sanitation","2014","Journal of Human Rights Practice","6","1","","159","181","22","15","10.1093/jhuman/hut031","https://www.scopus.com/inward/record.uri?eid=2-s2.0-84897803126&doi=10.1093%2fjhuman%2fhut031&partnerID=40&md5=f17d04fe2f398cd7c557ccb62dc456f7","Article","Final","All Open Access; Green Open Access","Scopus","2-s2.0-84897803126"
"Bradley D.J.; Bartram J.K.","Bradley, David J. (35446788400); Bartram, Jamie K. (6603696131)","35446788400; 6603696131","Domestic water and sanitation as water security: Monitoring, concepts and strategy","2013","Philosophical Transactions of the Royal Society A: Mathematical, Physical and Engineering Sciences","371","2002","20120420","","","","54","10.1098/rsta.2012.0420","https://www.scopus.com/inward/record.uri?eid=2-s2.0-84885005965&doi=10.1098%2frsta.2012.0420&partnerID=40&md5=afca4f586c8c2095b835536d8ee20769","Article","Final","All Open Access; Green Open Access; Hybrid Gold Open Access","Scopus","2-s2.0-84885005965"
"Wolf J.; Prüss-Ustün A.; Cumming O.; Bartram J.; Bonjour S.; Cairncross S.; Clasen T.; Colford J.M.; Curtis V.; De France J.; Fewtrell L.; Freeman M.C.; Gordon B.; Hunter P.R.; Jeandron A.; Johnston R.B.; Mäusezahl D.; Mathers C.; Neira M.; Higgins J.P.T.","Wolf, Jennyfer (55307975800); Prüss-Ustün, Annette (9739021000); Cumming, Oliver (35069122800); Bartram, Jamie (6603696131); Bonjour, Sophie (23990227200); Cairncross, Sandy (7005811380); Clasen, Thomas (6701896965); Colford, John M. (7004130553); Curtis, Valerie (57206446363); De France, Jennifer (50061025100); Fewtrell, Lorna (6603864414); Freeman, Matthew C. (23099628300); Gordon, Bruce (50161377600); Hunter, Paul R. (17135089100); Jeandron, Aurelie (36450388700); Johnston, Richard B. (13003497100); Mäusezahl, Daniel (6603396446); Mathers, Colin (7003510045); Neira, Maria (7004024861); Higgins, Julian P. T. (57307017300)","55307975800; 9739021000; 35069122800; 6603696131; 23990227200; 7005811380; 6701896965; 7004130553; 57206446363; 50061025100; 6603864414; 23099628300; 50161377600; 17135089100; 36450388700; 13003497100; 6603396446; 7003510045; 7004024861; 57307017300","Systematic review: Assessing the impact of drinking water and sanitation on diarrhoeal disease in low- and middle-income settings: Systematic review and meta-regression","2014","Tropical Medicine and International Health","19","8","","928","942","14","370","10.1111/tmi.12331","https://www.scopus.com/inward/record.uri?eid=2-s2.0-84903540002&doi=10.1111%2ftmi.12331&partnerID=40&md5=e700f7a0c0895d85224ad112bc3f51c1","Article","Final","All Open Access; Green Open Access","Scopus","2-s2.0-84903540002"
"Gunnarsdottir M.J.; Gardarsson S.M.; Jonsson G.S.; Bartram J.","Gunnarsdottir, Maria J. (21833889800); Gardarsson, Sigurdur M. (6508351578); Jonsson, Gunnar St. (57191840146); Bartram, Jamie (6603696131)","21833889800; 6508351578; 57191840146; 6603696131","Chemical quality and regulatory compliance of drinking water in Iceland","2016","International Journal of Hygiene and Environmental Health","219","8","","724","733","9","32","10.1016/j.ijheh.2016.09.011","https://www.scopus.com/inward/record.uri?eid=2-s2.0-84994120927&doi=10.1016%2fj.ijheh.2016.09.011&partnerID=40&md5=d544d4f6f445ad0a256abbdab635069a","Review","Final","All Open Access; Green Open Access","Scopus","2-s2.0-84994120927"
"Crocker J.; Bartram J.","Crocker, Jonny (55328328900); Bartram, Jamie (6603696131)","55328328900; 6603696131","Comparison and cost analysis of drinking water quality monitoring requirements versus practice in seven developing countries","2014","International Journal of Environmental Research and Public Health","11","7","","7333","7346","13","61","10.3390/ijerph110707333","https://www.scopus.com/inward/record.uri?eid=2-s2.0-84904490557&doi=10.3390%2fijerph110707333&partnerID=40&md5=0b1144fcc556c6d71a3f70faa6c97ab9","Article","Final","All Open Access; Gold Open Access; Green Open Access","Scopus","2-s2.0-84904490557"
"MacDonald M.C.; Chan T.; Elliott M.; Kearton A.; Shields K.F.; Barrington D.J.; Souter R.T.; Powell B.R.; Bartram J.; Hadwen W.L.","MacDonald, Morgan C. (56462088200); Chan, Terence (7402680829); Elliott, Mark (57189616985); Kearton, Annika (57192078120); Shields, Katherine F. (55226537800); Barrington, Dani J. (25922053200); Souter, Regina T. (57188627468); Powell, Bronwyn R. (56124530800); Bartram, Jamie (6603696131); Hadwen, Wade L. (6507327364)","56462088200; 7402680829; 57189616985; 57192078120; 55226537800; 25922053200; 57188627468; 56124530800; 6603696131; 6507327364","Temporal and thematic trends in water, sanitation and hygiene (WASH) research in pacific island Countries: A systematic review","2017","Journal of Water Sanitation and Hygiene for Development","7","3","","352","368","16","26","10.2166/washdev.2017.021","https://www.scopus.com/inward/record.uri?eid=2-s2.0-85029952204&doi=10.2166%2fwashdev.2017.021&partnerID=40&md5=a573f95a679e205d6a9d760324c89554","Review","Final","All Open Access; Bronze Open Access; Green Open Access","Scopus","2-s2.0-85029952204"
"Saunders S.G.; Barrington D.J.; Sridharan S.; Meo S.; Hadwen W.; Shields K.F.; Souter R.; Bartram J.K.","Saunders, Stephen Graham (7202876344); Barrington, Dani J. (25922053200); Sridharan, Srinivas (25634591300); Meo, Semisi (15747710700); Hadwen, Wade (6507327364); Shields, Katherine F. (55226537800); Souter, Regina (57188627468); Bartram, Jamie K. (6603696131)","7202876344; 25922053200; 25634591300; 15747710700; 6507327364; 55226537800; 57188627468; 6603696131","Addressing WaSH challenges in Pacific Island Countries: A participatory marketing systems mapping approach to empower informal settlement community action","2016","Habitat International","55","","","159","166","7","14","10.1016/j.habitatint.2016.03.010","https://www.scopus.com/inward/record.uri?eid=2-s2.0-84961924654&doi=10.1016%2fj.habitatint.2016.03.010&partnerID=40&md5=0379517f2a07fe9a16c30bb200b8a141","Article","Final","","Scopus","2-s2.0-84961924654"
"Meier B.M.; Kayser G.L.; Amjad U.Q.; Bartram J.","Meier, Benjamin Mason (8296585300); Kayser, Georgia Lyn (55626770700); Amjad, Urooj Quezon (14833764300); Bartram, Jamie (6603696131)","8296585300; 55626770700; 14833764300; 6603696131","Implementing an evolving human right through water and sanitation policy","2013","Water Policy","15","1","","116","133","17","48","10.2166/wp.2012.198","https://www.scopus.com/inward/record.uri?eid=2-s2.0-84875193255&doi=10.2166%2fwp.2012.198&partnerID=40&md5=6cca03c8dd97b7a56fd45f99de81dfbd","Article","Final","All Open Access; Green Open Access","Scopus","2-s2.0-84875193255"
"Amjad U.Q.; Ojomo E.; Downs K.; Cronk R.; Bartram J.","Amjad, Urooj Q. (14833764300); Ojomo, Edema (35179879200); Downs, Kristen (58363696800); Cronk, Ryan (35766082400); Bartram, Jamie (6603696131)","14833764300; 35179879200; 58363696800; 35766082400; 6603696131","Rethinking Sustainability, Scaling Up, and Enabling Environment: A Framework for Their Implementation in Drinking Water Supply","2015","Water (Switzerland)","7","4","","1497","1514","17","26","10.3390/W7041497","https://www.scopus.com/inward/record.uri?eid=2-s2.0-84962596807&doi=10.3390%2fW7041497&partnerID=40&md5=6393dec6f34745dae7aa916fcc6e82b3","Article","Final","All Open Access; Gold Open Access; Green Open Access","Scopus","2-s2.0-84962596807"
"Setty K.E.; Kayser G.L.; Bowling M.; Enault J.; Loret J.-F.; Serra C.P.; Alonso J.M.; Mateu A.P.; Bartram J.","Setty, Karen E. (23101398100); Kayser, Georgia L. (55626770700); Bowling, Michael (57193551185); Enault, Jerome (56703371900); Loret, Jean-Francois (6507884720); Serra, Claudia Puigdomenech (57193550866); Alonso, Jordi Martin (57193546840); Mateu, Arnau Pla (57193546913); Bartram, Jamie (6603696131)","23101398100; 55626770700; 57193551185; 56703371900; 6507884720; 57193550866; 57193546840; 57193546913; 6603696131","Water quality, compliance, and health outcomes among utilities implementing Water Safety Plans in France and Spain","2017","International Journal of Hygiene and Environmental Health","220","3","","513","530","17","45","10.1016/j.ijheh.2017.02.004","https://www.scopus.com/inward/record.uri?eid=2-s2.0-85014750147&doi=10.1016%2fj.ijheh.2017.02.004&partnerID=40&md5=3ecd26484751ae6fcb5520ae37f0305f","Article","Final","All Open Access; Green Open Access; Hybrid Gold Open Access","Scopus","2-s2.0-85014750147"
"Bartram J.; Baum R.","Bartram, Jamie (6603696131); Baum, Rachel (55552135900)","6603696131; 55552135900","Introduction","2015","Routledge Handbook of Water and Health","","","","1","11","10","1","10.4324/9781315693606","https://www.scopus.com/inward/record.uri?eid=2-s2.0-84960225724&doi=10.4324%2f9781315693606&partnerID=40&md5=a115717e614b9e25365b38ecc8e1e831","Editorial","Final","","Scopus","2-s2.0-84960225724"
"Chang Z.K.; Chong M.L.; Bartram J.","Chang, Zai Kang (55953832300); Chong, Mien Ling (35236103000); Bartram, Jamie (6603696131)","55953832300; 35236103000; 6603696131","Analysis of water safety plan costs from case studies in the western pacific region","2013","Water Science and Technology: Water Supply","13","5","","1358","1366","8","9","10.2166/ws.2013.146","https://www.scopus.com/inward/record.uri?eid=2-s2.0-84889609305&doi=10.2166%2fws.2013.146&partnerID=40&md5=dab4cd6b544652b121f5f5a65a2813ef","Article","Final","","Scopus","2-s2.0-84889609305"
"Cowman G.; Otipo S.; Njeru I.; Achia T.; Thirumurthy H.; Bartram J.; Kioko J.","Cowman, Gretchen (57196148575); Otipo, Shikanga (57196146856); Njeru, Ian (55886456900); Achia, Thomas (24472654100); Thirumurthy, Harsha (24559254500); Bartram, Jamie (6603696131); Kioko, Jackson (54794202200)","57196148575; 57196146856; 55886456900; 24472654100; 24559254500; 6603696131; 54794202200","Factors associated with cholera in Kenya, 2008-2013","2017","Pan African Medical Journal","28","","101","","","","24","10.11604/pamj.2017.28.101.12806","https://www.scopus.com/inward/record.uri?eid=2-s2.0-85032006241&doi=10.11604%2fpamj.2017.28.101.12806&partnerID=40&md5=1682cb2d20333fe06b076812d71a64cb","Article","Final","All Open Access; Gold Open Access; Green Open Access","Scopus","2-s2.0-85032006241"
"Peletz R.; Mahin T.; Elliott M.; Harris M.S.; Chan K.S.; Cohen M.S.; Bartram J.K.; Clasen T.F.","Peletz, Rachel (23767350400); Mahin, Thomas (55672717900); Elliott, Mark (57189616985); Harris, Mamie S. (55879491100); Chan, Ka Seen (55880135400); Cohen, Myron S. (54790532400); Bartram, Jamie K. (6603696131); Clasen, Thomas F. (6701896965)","23767350400; 55672717900; 57189616985; 55879491100; 55880135400; 54790532400; 6603696131; 6701896965","Water, sanitation, and hygiene interventions to improve health among people living with HIV/AIDS: A systematic review","2013","AIDS","27","16","","2593","2601","8","19","10.1097/QAD.0b013e3283633a5f","https://www.scopus.com/inward/record.uri?eid=2-s2.0-84885396244&doi=10.1097%2fQAD.0b013e3283633a5f&partnerID=40&md5=18ff40a92a497cdad528fd8a253ba293","Review","Final","All Open Access; Bronze Open Access; Green Open Access","Scopus","2-s2.0-84885396244"
"Meier B.M.; Kayser G.L.; Kestenbaum J.G.; Amjad U.Q.; Dalcanale F.; Bartram J.","Meier, Benjamin Mason (8296585300); Kayser, Georgia Lyn (55626770700); Kestenbaum, Jocelyn Getgen (55975735100); Amjad, Urooj Quezon (14833764300); Dalcanale, Fernanda (36971126800); Bartram, Jamie (6603696131)","8296585300; 55626770700; 55975735100; 14833764300; 36971126800; 6603696131","Translating the Human Right to Water and Sanitation into Public Policy Reform","2014","Science and Engineering Ethics","20","4","","833","848","15","23","10.1007/s11948-013-9504-x","https://www.scopus.com/inward/record.uri?eid=2-s2.0-84911997025&doi=10.1007%2fs11948-013-9504-x&partnerID=40&md5=10fe6db956eeaa3f1064f8575f2b6933","Article","Final","All Open Access; Green Open Access","Scopus","2-s2.0-84911997025"
"Brown J.; Cumming O.; Bartram J.; Cairncross S.; Ensink J.; Holcomb D.; Knee J.; Kolsky P.; Liang K.; Liang S.; Nala R.; Norman G.; Rheingans R.; Stewart J.; Zavale O.; Zuin V.; Schmidt W.-P.","Brown, Joe (57205143695); Cumming, Oliver (35069122800); Bartram, Jamie (6603696131); Cairncross, Sandy (7005811380); Ensink, Jeroen (18834952700); Holcomb, David (56725237300); Knee, Jackie (56461162300); Kolsky, Peter (6603361938); Liang, Kaida (54898489900); Liang, Song (55506203600); Nala, Rassul (6504039082); Norman, Guy (36158564200); Rheingans, Richard (9436248300); Stewart, Jill (15021299100); Zavale, Olimpio (56725678700); Zuin, Valentina (54907825300); Schmidt, Wolf-Peter (55391830600)","57205143695; 35069122800; 6603696131; 7005811380; 18834952700; 56725237300; 56461162300; 6603361938; 54898489900; 55506203600; 6504039082; 36158564200; 9436248300; 15021299100; 56725678700; 54907825300; 55391830600","A controlled, before-and-after trial of an urban sanitation intervention to reduce enteric infections in children: Research protocol for the Maputo Sanitation (MapSan) study, Mozambique","2015","BMJ Open","5","6","e008215","","","","58","10.1136/bmjopen-2015-008215","https://www.scopus.com/inward/record.uri?eid=2-s2.0-84937242906&doi=10.1136%2fbmjopen-2015-008215&partnerID=40&md5=a7425463850b6dfdbeb5029591868344","Article","Final","All Open Access; Gold Open Access; Green Open Access","Scopus","2-s2.0-84937242906"
"Kayser G.L.; Amjad U.; Dalcanale F.; Bartram J.; Bentley M.E.","Kayser, Georgia L. (55626770700); Amjad, Urooj (14833764300); Dalcanale, Fernanda (36971126800); Bartram, Jamie (6603696131); Bentley, Margaret E. (35598537900)","55626770700; 14833764300; 36971126800; 6603696131; 35598537900","Drinking water quality governance: A comparative case study of Brazil, Ecuador, and Malawi","2015","Environmental Science and Policy","48","","","186","195","9","64","10.1016/j.envsci.2014.12.019","https://www.scopus.com/inward/record.uri?eid=2-s2.0-84922371452&doi=10.1016%2fj.envsci.2014.12.019&partnerID=40&md5=daaf7724fa5d6d54c809ac001d68b391","Article","Final","All Open Access; Green Open Access","Scopus","2-s2.0-84922371452"
"Kayser G.L.; Moriarty P.; Fonseca C.; Bartram J.","Kayser, Georgia L. (55626770700); Moriarty, Patrick (7006056259); Fonseca, Catarina (55397467200); Bartram, Jamie (6603696131)","55626770700; 7006056259; 55397467200; 6603696131","Domestic water service delivery indicators and frameworks for monitoring, evaluation, policy and planning: A review","2013","International Journal of Environmental Research and Public Health","10","10","","4812","4835","23","88","10.3390/ijerph10104812","https://www.scopus.com/inward/record.uri?eid=2-s2.0-84885451060&doi=10.3390%2fijerph10104812&partnerID=40&md5=41aa8e98ead2d4e96c73532924916f6b","Review","Final","All Open Access; Gold Open Access; Green Open Access","Scopus","2-s2.0-84885451060"
"Bartram J.; Baum R.","Bartram, Jamie (6603696131); Baum, Rachel (55552135900)","6603696131; 55552135900","Introduction","2015","Routledge Handbook of Water and Health","","","","1","11","10","0","10.4324/9781315693606-7","https://www.scopus.com/inward/record.uri?eid=2-s2.0-85153654501&doi=10.4324%2f9781315693606-7&partnerID=40&md5=7abeb9327b9c8be773a4a0c00bda6dde","Book chapter","Final","","Scopus","2-s2.0-85153654501"
"Luh J.; Baum R.; Bartram J.","Luh, Jeanne (7006771208); Baum, Rachel (55552135900); Bartram, Jamie (6603696131)","7006771208; 55552135900; 6603696131","Equity in water and sanitation: Developing an index to measure progressive realization of the human right","2013","International Journal of Hygiene and Environmental Health","216","6","","662","671","9","74","10.1016/j.ijheh.2012.12.007","https://www.scopus.com/inward/record.uri?eid=2-s2.0-84884586646&doi=10.1016%2fj.ijheh.2012.12.007&partnerID=40&md5=8d01b7b85991a022ffac1dfd5ee550c5","Article","Final","","Scopus","2-s2.0-84884586646"
"Onda K.; Crocker J.; Kayser G.L.; Bartram J.","Onda, Kyle (55146991200); Crocker, Jonny (55328328900); Kayser, Georgia Lyn (55626770700); Bartram, Jamie (6603696131)","55146991200; 55328328900; 55626770700; 6603696131","Country clustering applied to the water and sanitation sector: A new tool with potential applications in research and policy","2014","International Journal of Hygiene and Environmental Health","217","2-3","","379","385","6","28","10.1016/j.ijheh.2013.07.017","https://www.scopus.com/inward/record.uri?eid=2-s2.0-84892670239&doi=10.1016%2fj.ijheh.2013.07.017&partnerID=40&md5=dc1cab2e5ed96df74b1495c1dc45a0ef","Article","Final","All Open Access; Green Open Access","Scopus","2-s2.0-84892670239"
"Godfrey S.; Labhasetwar P.; Chakma T.; Wate S.; Swami A.; Bartram J.","Godfrey, Sam (8895796000); Labhasetwar, Pawan (26025738100); Chakma, Tapas (6506002999); Wate, Satish (26025769700); Swami, Aditya (53868450000); Bartram, Jamie (6603696131)","8895796000; 26025738100; 6506002999; 26025769700; 53868450000; 6603696131","Assessing and managing fluorosis risk in children and adults in rural Madhya Pradesh, India","2011","Journal of Water Sanitation and Hygiene for Development","1","2","","136","143","7","3","10.2166/washdev.2011.101","https://www.scopus.com/inward/record.uri?eid=2-s2.0-84883016181&doi=10.2166%2fwashdev.2011.101&partnerID=40&md5=97bd5948e65badf005a28e1ff7b31bba","Article","Final","","Scopus","2-s2.0-84883016181"
"Mellor J.E.; Levy K.; Zimmerman J.; Elliott M.; Bartram J.; Carlton E.; Clasen T.; Dillingham R.; Eisenberg J.; Guerrant R.; Lantagne D.; Mihelcic J.; Nelson K.","Mellor, Jonathan E. (55336424100); Levy, Karen (35576075400); Zimmerman, Julie (7401859671); Elliott, Mark (57189616985); Bartram, Jamie (6603696131); Carlton, Elizabeth (6701665177); Clasen, Thomas (6701896965); Dillingham, Rebecca (57216109041); Eisenberg, Joseph (7102686314); Guerrant, Richard (7101799297); Lantagne, Daniele (24766009500); Mihelcic, James (7004170368); Nelson, Kara (7403228247)","55336424100; 35576075400; 7401859671; 57189616985; 6603696131; 6701665177; 6701896965; 57216109041; 7102686314; 7101799297; 24766009500; 7004170368; 7403228247","Planning for climate change: The need for mechanistic systems-based approaches to study climate change impacts on diarrheal diseases","2016","Science of the Total Environment","548-549","","","82","90","8","52","10.1016/j.scitotenv.2015.12.087","https://www.scopus.com/inward/record.uri?eid=2-s2.0-84955277871&doi=10.1016%2fj.scitotenv.2015.12.087&partnerID=40&md5=7cc1c2666a37dbee9abeabb71a39a130","Note","Final","All Open Access; Green Open Access","Scopus","2-s2.0-84955277871"
"Baum R.; Amjad U.; Luh J.; Bartram J.","Baum, Rachel (55552135900); Amjad, Urooj (14833764300); Luh, Jeanne (7006771208); Bartram, Jamie (6603696131)","55552135900; 14833764300; 7006771208; 6603696131","An examination of the potential added value of water safety plans to the United States national drinking water legislation","2015","International Journal of Hygiene and Environmental Health","218","8","","677","685","8","38","10.1016/j.ijheh.2014.12.004","https://www.scopus.com/inward/record.uri?eid=2-s2.0-84940557203&doi=10.1016%2fj.ijheh.2014.12.004&partnerID=40&md5=2916f6884b06a49818d0de01f0155e51","Article","Final","","Scopus","2-s2.0-84940557203"
"Baum R.; Luh J.; Bartram J.","Baum, Rachel (55552135900); Luh, Jeanne (7006771208); Bartram, Jamie (6603696131)","55552135900; 7006771208; 6603696131","Sanitation: A global estimate of sewerage connections without treatment and the resulting impact on MDG progress","2013","Environmental Science and Technology","47","4","","1994","2000","6","168","10.1021/es304284f","https://www.scopus.com/inward/record.uri?eid=2-s2.0-84874053891&doi=10.1021%2fes304284f&partnerID=40&md5=264d276ba02b508bf40d357e8ab72f80","Article","Final","","Scopus","2-s2.0-84874053891"
"Bain R.E.S.; Gundry S.W.; Wright J.A.; Yang H.; Pedley S.; Bartram J.K.","Bain, Rob E.S. (55059412700); Gundry, Stephen W. (7005035787); Wright, Jim A. (55276508600); Yang, Hong (56180542700); Pedley, Steve (6603049002); Bartram, Jamie K. (6603696131)","55059412700; 7005035787; 55276508600; 56180542700; 6603049002; 6603696131","Accounting for water quality in monitoring access to safe drinking-water as part of the millennium development goals: Lessons from fve countries; [Rapport sur la qualité de l'eau du suivi de l'accès à l'eau potable dans le cadre des objectifs du millénaire pour le développement: Les leçons de cinq pays]","2012","Bulletin of the World Health Organization","90","3","","228","235","7","145","10.2471/BLT.11.094284","https://www.scopus.com/inward/record.uri?eid=2-s2.0-84863230328&doi=10.2471%2fBLT.11.094284&partnerID=40&md5=17fb518027abb80d5b977b37211fe56e","Article","Final","All Open Access; Gold Open Access; Green Open Access","Scopus","2-s2.0-84863230328"
"Bartram J.; Hunter P.","Bartram, Jamie (6603696131); Hunter, Paul (17135089100)","6603696131; 17135089100","Bradley classification of disease transmission routes for waterrelated hazards","2015","Routledge Handbook of Water and Health","","","","20","37","17","34","10.4324/9781315693606","https://www.scopus.com/inward/record.uri?eid=2-s2.0-84960221913&doi=10.4324%2f9781315693606&partnerID=40&md5=af8c58467d11958405a10ea835cd7454","Book chapter","Final","","Scopus","2-s2.0-84960221913"
"Godfrey S.; van der Velden M.; Muianga A.; Xavier A.; Downs K.; Morgan C.; Bartram J.","Godfrey, S. (8895796000); van der Velden, M. (56033102300); Muianga, A. (55980599800); Xavier, A. (56364329600); Downs, K. (58363696800); Morgan, C. (57194388981); Bartram, J. (6603696131)","8895796000; 56033102300; 55980599800; 56364329600; 58363696800; 57194388981; 6603696131","Sustainability check: Five-year annual sustainability audits of the water supply and open defecation free status in the ‘One Million initiative’, Mozambique","2014","Journal of Water Sanitation and Hygiene for Development","4","3","","471","483","12","13","10.2166/washdev.2014.118","https://www.scopus.com/inward/record.uri?eid=2-s2.0-84907209287&doi=10.2166%2fwashdev.2014.118&partnerID=40&md5=a54048fcbba8bac502514c23862f5250","Article","Final","","Scopus","2-s2.0-84907209287"
"Luh J.; Royster S.; Sebastian D.; Ojomo E.; Bartram J.","Luh, Jeanne (7006771208); Royster, Sarah (57193651525); Sebastian, Daniel (57193646079); Ojomo, Edema (35179879200); Bartram, Jamie (6603696131)","7006771208; 57193651525; 57193646079; 35179879200; 6603696131","Expert assessment of the resilience of drinking water and sanitation systems to climate-related hazards","2017","Science of the Total Environment","592","","","334","344","10","46","10.1016/j.scitotenv.2017.03.084","https://www.scopus.com/inward/record.uri?eid=2-s2.0-85015430777&doi=10.1016%2fj.scitotenv.2017.03.084&partnerID=40&md5=a15282eaef983199c0baa783eefc8568","Article","Final","","Scopus","2-s2.0-85015430777"
"Bartram J.; Elliott M.; Chuang P.","Bartram, Jamie (6603696131); Elliott, Mark (57189616985); Chuang, Patty (55229107100)","6603696131; 57189616985; 55229107100","Getting wet, clean, and healthy: Why households matter","2012","The Lancet","380","9837","","85","86","1","10","10.1016/S0140-6736(12)60903-9","https://www.scopus.com/inward/record.uri?eid=2-s2.0-84863724243&doi=10.1016%2fS0140-6736%2812%2960903-9&partnerID=40&md5=6feb3ac73fd3aaea4b72e5d692895031","Note","Final","","Scopus","2-s2.0-84863724243"
"Li T.; Abebe L.S.; Cronk R.; Bartram J.","Li, Trudy (57193088506); Abebe, Lydia S. (24066507700); Cronk, Ryan (35766082400); Bartram, Jamie (6603696131)","57193088506; 24066507700; 35766082400; 6603696131","A systematic review of waterborne infections from nontuberculous mycobacteria in health care facility water systems","2017","International Journal of Hygiene and Environmental Health","220","3","","611","620","9","38","10.1016/j.ijheh.2016.12.002","https://www.scopus.com/inward/record.uri?eid=2-s2.0-85010634344&doi=10.1016%2fj.ijheh.2016.12.002&partnerID=40&md5=0da6a6c21eefb60bcfd356497a73b283","Article","Final","","Scopus","2-s2.0-85010634344"
"Eisenberg J.N.S.; Bartram J.; Wade T.J.","Eisenberg, Joseph N. S. (7102686314); Bartram, Jamie (6603696131); Wade, Timothy J. (7103355802)","7102686314; 6603696131; 7103355802","The water quality in rio highlights the global public health concern over untreated sewage","2016","Environmental Health Perspectives","124","10","","A180","A181","1","14","10.1289/EHP662","https://www.scopus.com/inward/record.uri?eid=2-s2.0-84989285797&doi=10.1289%2fEHP662&partnerID=40&md5=7c1434ba2594390265b94c482d29930a","Article","Final","All Open Access; Bronze Open Access; Green Open Access","Scopus","2-s2.0-84989285797"
"Ojomo E.; Bartram J.","Ojomo, Edema (35179879200); Bartram, Jamie (6603696131)","35179879200; 6603696131","Adapting drinking-water systems to coastal climate change: evidence from Viet Nam and the Philippines","2016","Regional Environmental Change","16","8","","2409","2418","9","4","10.1007/s10113-016-0965-8","https://www.scopus.com/inward/record.uri?eid=2-s2.0-84964381187&doi=10.1007%2fs10113-016-0965-8&partnerID=40&md5=91845f0c3f8c5f0abc25c8c7742e40bf","Article","Final","","Scopus","2-s2.0-84964381187"
"Bartram J.; Cronk R.; Montgomery M.; Gordon B.; Neira M.; Kelley E.; Velleman Y.","Bartram, Jamie (6603696131); Cronk, Ryan (35766082400); Montgomery, Maggie (15757937700); Gordon, Bruce (50161377600); Neira, Maria (7004024861); Kelley, Edward (34769980900); Velleman, Yael (55842094300)","6603696131; 35766082400; 15757937700; 50161377600; 7004024861; 34769980900; 55842094300","Lack of toilets and safe water in health-care facilities","2015","Bulletin of the World Health Organization","93","4","","210","","","22","10.2471/BLT.15.154609","https://www.scopus.com/inward/record.uri?eid=2-s2.0-84961287845&doi=10.2471%2fBLT.15.154609&partnerID=40&md5=af6f45d5dcaf2c00b20c8726a1d64530","Editorial","Final","All Open Access; Gold Open Access; Green Open Access","Scopus","2-s2.0-84961287845"
"Bain R.; Cronk R.; Hossain R.; Bonjour S.; Onda K.; Wright J.; Yang H.; Slaymaker T.; Hunter P.; Prüss-Ustün A.; Bartram J.","Bain, Robert (55059412700); Cronk, Ryan (35766082400); Hossain, Rifat (55929523100); Bonjour, Sophie (23990227200); Onda, Kyle (55146991200); Wright, Jim (55276508600); Yang, Hong (56180542700); Slaymaker, Tom (56153993900); Hunter, Paul (17135089100); Prüss-Ustün, Annette (9739021000); Bartram, Jamie (6603696131)","55059412700; 35766082400; 55929523100; 23990227200; 55146991200; 55276508600; 56180542700; 56153993900; 17135089100; 9739021000; 6603696131","Global assessment of exposure to faecal contamination through drinking water based on a systematic review","2014","Tropical Medicine and International Health","19","8","","917","927","10","332","10.1111/tmi.12334","https://www.scopus.com/inward/record.uri?eid=2-s2.0-84903538748&doi=10.1111%2ftmi.12334&partnerID=40&md5=6d2a6d71da4bc718f3b4e407fe159a1d","Article","Final","All Open Access; Green Open Access","Scopus","2-s2.0-84903538748"
"Gunnarsdottir M.J.; Gardarsson S.M.; Elliott M.; Sigmundsdottir G.; Bartram J.","Gunnarsdottir, Maria J. (21833889800); Gardarsson, Sigurdur M. (6508351578); Elliott, Mark (57189616985); Sigmundsdottir, Gudrun (57201609130); Bartram, Jamie (6603696131)","21833889800; 6508351578; 57189616985; 57201609130; 6603696131","Benefits of water safety plans: Microbiology, compliance, and public health","2012","Environmental Science and Technology","46","14","","7782","7789","7","112","10.1021/es300372h","https://www.scopus.com/inward/record.uri?eid=2-s2.0-84863954450&doi=10.1021%2fes300372h&partnerID=40&md5=33d118dbc868880e049bdea388eeb748","Article","Final","","Scopus","2-s2.0-84863954450"
"Bartram J.; Kayser G.; Gordon B.; Dodds F.","Bartram, Jamie (6603696131); Kayser, Georgia (55626770700); Gordon, Bruce (50161377600); Dodds, Felix (6507252232)","6603696131; 55626770700; 50161377600; 6507252232","International policy","2015","Routledge Handbook of Water and Health","","","","433","446","13","1","10.4324/9781315693606","https://www.scopus.com/inward/record.uri?eid=2-s2.0-84960236039&doi=10.4324%2f9781315693606&partnerID=40&md5=0fdecaa9b20ebf78c8d5feb0ef1afa9a","Book chapter","Final","","Scopus","2-s2.0-84960236039"
"Christenson E.; Elliott M.; Banerjee O.; Hamrick L.; Bartram J.","Christenson, Elizabeth (56042284000); Elliott, Mark (57189616985); Banerjee, Ovik (56041088200); Hamrick, Laura (56041874300); Bartram, Jamie (6603696131)","56042284000; 57189616985; 56041088200; 56041874300; 6603696131","Climate-related hazards: A method for global assessment of urban and rural population exposure to cyclones, droughts, and floods","2014","International Journal of Environmental Research and Public Health","11","2","","2169","2192","23","38","10.3390/ijerph110202169","https://www.scopus.com/inward/record.uri?eid=2-s2.0-84894263281&doi=10.3390%2fijerph110202169&partnerID=40&md5=65edef0e098daf231f837a0cbfe22773","Article","Final","All Open Access; Gold Open Access; Green Open Access","Scopus","2-s2.0-84894263281"
"Prüss-Ustün A.; Bartram J.; Clasen T.; Colford J.M.; Cumming O.; Curtis V.; Bonjour S.; Dangour A.D.; De France J.; Fewtrell L.; Freeman M.C.; Gordon B.; Hunter P.R.; Johnston R.B.; Mathers C.; Mäusezahl D.; Medlicott K.; Neira M.; Stocks M.; Wolf J.; Cairncross S.","Prüss-Ustün, Annette (9739021000); Bartram, Jamie (6603696131); Clasen, Thomas (6701896965); Colford, John M. (7004130553); Cumming, Oliver (35069122800); Curtis, Valerie (57206446363); Bonjour, Sophie (23990227200); Dangour, Alan D. (6603151894); De France, Jennifer (50061025100); Fewtrell, Lorna (6603864414); Freeman, Matthew C. (23099628300); Gordon, Bruce (50161377600); Hunter, Paul R. (17135089100); Johnston, Richard B. (13003497100); Mathers, Colin (7003510045); Mäusezahl, Daniel (6603396446); Medlicott, Kate (22934654500); Neira, Maria (7004024861); Stocks, Meredith (56057711400); Wolf, Jennyfer (55307975800); Cairncross, Sandy (7005811380)","9739021000; 6603696131; 6701896965; 7004130553; 35069122800; 57206446363; 23990227200; 6603151894; 50061025100; 6603864414; 23099628300; 50161377600; 17135089100; 13003497100; 7003510045; 6603396446; 22934654500; 7004024861; 56057711400; 55307975800; 7005811380","Burden of disease from inadequate water, sanitation and hygiene in low- and middle-income settings: A retrospective analysis of data from 145 countries","2014","Tropical Medicine and International Health","19","8","","894","905","11","745","10.1111/tmi.12329","https://www.scopus.com/inward/record.uri?eid=2-s2.0-84903553585&doi=10.1111%2ftmi.12329&partnerID=40&md5=2eb6c0f4d2fb8eb1c167a6e43e856a6a","Article","Final","All Open Access; Green Open Access; Hybrid Gold Open Access","Scopus","2-s2.0-84903553585"
"Klug T.; Shields K.F.; Cronk R.; Kelly E.; Behnke N.; Lee K.; Bartram J.","Klug, Tori (57190842615); Shields, Katherine F. (55226537800); Cronk, Ryan (35766082400); Kelly, Emma (56999862100); Behnke, Nikki (57193551829); Lee, Kristen (57193553844); Bartram, Jamie (6603696131)","57190842615; 55226537800; 35766082400; 56999862100; 57193551829; 57193553844; 6603696131","Water system hardware and management rehabilitation: Qualitative evidence from Ghana, Kenya, and Zambia","2017","International Journal of Hygiene and Environmental Health","220","3","","531","538","7","31","10.1016/j.ijheh.2017.02.009","https://www.scopus.com/inward/record.uri?eid=2-s2.0-85014839668&doi=10.1016%2fj.ijheh.2017.02.009&partnerID=40&md5=fa7843b140ca6fa1636e71b8f751807e","Article","Final","All Open Access; Green Open Access","Scopus","2-s2.0-85014839668"
"Bartram J.; Godfrey S.","Bartram, Jamie (6603696131); Godfrey, Samuel (8895796000)","6603696131; 8895796000","Drinking-water supply","2015","Routledge Handbook of Water and Health","","","","191","202","11","5","10.4324/9781315693606","https://www.scopus.com/inward/record.uri?eid=2-s2.0-84960255237&doi=10.4324%2f9781315693606&partnerID=40&md5=98ac938385a299eb715cc72c0ba51c2a","Book chapter","Final","","Scopus","2-s2.0-84960255237"
"Bartram J.; Hunter P.","Bartram, Jamie (6603696131); Hunter, Paul (17135089100)","6603696131; 17135089100","Bradley Classification of disease transmission routes for waterrelated hazards","2015","Routledge Handbook of Water and Health","","","","20","37","17","0","10.4324/9781315693606-10","https://www.scopus.com/inward/record.uri?eid=2-s2.0-85153670019&doi=10.4324%2f9781315693606-10&partnerID=40&md5=f150de9b29c7378c128925e8833449f5","Book chapter","Final","","Scopus","2-s2.0-85153670019"
"Crocker J.; Shields K.F.; Venkataramanan V.; Saywell D.; Bartram J.","Crocker, Jonny (55328328900); Shields, Katherine F. (55226537800); Venkataramanan, Vidya (53980500500); Saywell, Darren (39862043600); Bartram, Jamie (6603696131)","55328328900; 55226537800; 53980500500; 39862043600; 6603696131","Building capacity for water, sanitation, and hygiene programming: Training evaluation theory applied to CLTS management training in Kenya","2016","Social Science and Medicine","166","","","66","76","10","25","10.1016/j.socscimed.2016.08.008","https://www.scopus.com/inward/record.uri?eid=2-s2.0-84982179874&doi=10.1016%2fj.socscimed.2016.08.008&partnerID=40&md5=f08490ded7c166b6836aa4745f366543","Article","Final","All Open Access; Green Open Access; Hybrid Gold Open Access","Scopus","2-s2.0-84982179874"
"Luh J.; Bartram J.","Luh, J. (7006771208); Bartram, J. (6603696131)","7006771208; 6603696131","Challenges to Achieving the Sustainable Development Goals: Water Treatment","2017","Chemistry and Water: The Science Behind Sustaining the World's Most Crucial Resource","","","","597","621","24","7","10.1016/B978-0-12-809330-6.00018-0","https://www.scopus.com/inward/record.uri?eid=2-s2.0-85010222369&doi=10.1016%2fB978-0-12-809330-6.00018-0&partnerID=40&md5=2d9666f05008030420125d92821f34c0","Book chapter","Final","","Scopus","2-s2.0-85010222369"
"Christenson E.; Bain R.; Wright J.; Aondoakaa S.; Hossain R.; Bartram J.","Christenson, Elizabeth (56042284000); Bain, Robert (55059412700); Wright, Jim (55276508600); Aondoakaa, Stephen (56178171000); Hossain, Rifat (55929523100); Bartram, Jamie (6603696131)","56042284000; 55059412700; 55276508600; 56178171000; 55929523100; 6603696131","Examining the influence of urban definition when assessing relative safety of drinking-water in Nigeria","2014","Science of the Total Environment","490","","","301","312","11","26","10.1016/j.scitotenv.2014.05.010","https://www.scopus.com/inward/record.uri?eid=2-s2.0-84901299377&doi=10.1016%2fj.scitotenv.2014.05.010&partnerID=40&md5=2837f35ca6312783289c31d07b90b4fe","Article","Final","","Scopus","2-s2.0-84901299377"
"Gunnarsdottir M.J.; Gardarsson S.M.; Bartram J.","Gunnarsdottir, Maria J. (21833889800); Gardarsson, Sigurdur M. (6508351578); Bartram, Jamie (6603696131)","21833889800; 6508351578; 6603696131","Developing a national framework for safe drinking water-Case study from Iceland","2015","International Journal of Hygiene and Environmental Health","218","2","","196","202","6","28","10.1016/j.ijheh.2014.10.003","https://www.scopus.com/inward/record.uri?eid=2-s2.0-84940166239&doi=10.1016%2fj.ijheh.2014.10.003&partnerID=40&md5=43040ee868ce9d523dfae7ff4beb158a","Article","Final","","Scopus","2-s2.0-84940166239"
"Moffa M.; Guo W.; Li T.; Cronk R.; Abebe L.S.; Bartram J.","Moffa, Michelle (57195377833); Guo, Wilson (59278534800); Li, Trudy (57193088506); Cronk, Ryan (35766082400); Abebe, Lydia S. (24066507700); Bartram, Jamie (6603696131)","57195377833; 59278534800; 57193088506; 35766082400; 24066507700; 6603696131","A systematic review of nosocomial waterborne infections in neonates and mothers","2017","International Journal of Hygiene and Environmental Health","220","8","","1199","1206","7","20","10.1016/j.ijheh.2017.07.011","https://www.scopus.com/inward/record.uri?eid=2-s2.0-85027562123&doi=10.1016%2fj.ijheh.2017.07.011&partnerID=40&md5=ed3226bf1cda374143e33d112c728b05","Review","Final","","Scopus","2-s2.0-85027562123"
"Fisher M.B.; Williams A.R.; Jalloh M.F.; Saquee G.; Bain R.E.S.; Bartram J.K.","Fisher, Michael B. (55466325000); Williams, Ashley R. (56834892700); Jalloh, Mohamed F. (56835467800); Saquee, George (56835663400); Bain, Robert E. S. (55059412700); Bartram, Jamie K. (6603696131)","55466325000; 56834892700; 56835467800; 56835663400; 55059412700; 6603696131","Microbiological and chemical quality of packaged sachet water and household stored drinking water in Freetown, Sierra Leone","2015","PLoS ONE","10","7","e0131772","","","","51","10.1371/journal.pone.0131772","https://www.scopus.com/inward/record.uri?eid=2-s2.0-84941356098&doi=10.1371%2fjournal.pone.0131772&partnerID=40&md5=649beccaf0c9d1a31544bc60ae65e5a2","Article","Final","All Open Access; Gold Open Access; Green Open Access","Scopus","2-s2.0-84941356098"
"Onda K.; Lobuglio J.; Bartram J.","Onda, Kyle (55146991200); Lobuglio, Joe (9235522200); Bartram, Jamie (6603696131)","55146991200; 9235522200; 6603696131","Global access to safe water: Accounting for water quality and the resulting impact on MDG progress","2012","International Journal of Environmental Research and Public Health","9","3","","880","894","14","332","10.3390/ijerph9030880","https://www.scopus.com/inward/record.uri?eid=2-s2.0-84859059517&doi=10.3390%2fijerph9030880&partnerID=40&md5=4ee88eb7438b3094571f5901176e1a9b","Article","Final","All Open Access; Gold Open Access; Green Open Access","Scopus","2-s2.0-84859059517"
"Williams A.R.; Bain R.E.S.; Fisher M.B.; Cronk R.; Kelly E.R.; Bartram J.","Williams, Ashley R. (56834892700); Bain, Robert E.S. (55059412700); Fisher, Michael B. (55466325000); Cronk, Ryan (35766082400); Kelly, Emma R. (56999862100); Bartram, Jamie (6603696131)","56834892700; 55059412700; 55466325000; 35766082400; 56999862100; 6603696131","A systematic review and meta-analysis of fecal contamination and inadequate treatment of packaged water","2015","PLoS ONE","10","10","e0140899","","","","45","10.1371/journal.pone.0140899","https://www.scopus.com/inward/record.uri?eid=2-s2.0-84949684086&doi=10.1371%2fjournal.pone.0140899&partnerID=40&md5=e5c75a5530d3edcec505564c4480c0be","Article","Final","All Open Access; Gold Open Access; Green Open Access","Scopus","2-s2.0-84949684086"
"Fuller J.A.; Goldstick J.; Bartram J.; Eisenberg J.N.S.","Fuller, James A. (58461865300); Goldstick, Jason (55181538100); Bartram, Jamie (6603696131); Eisenberg, Joseph N.S. (7102686314)","58461865300; 55181538100; 6603696131; 7102686314","Tracking progress towards global drinking water and sanitation targets: A within and among country analysis","2016","Science of the Total Environment","541","","","857","864","7","43","10.1016/j.scitotenv.2015.09.130","https://www.scopus.com/inward/record.uri?eid=2-s2.0-84943148756&doi=10.1016%2fj.scitotenv.2015.09.130&partnerID=40&md5=4ad594c4c83f821a4b1bf6c4c2b41614","Article","Final","","Scopus","2-s2.0-84943148756"
"Bain R.; Cronk R.; Wright J.; Yang H.; Slaymaker T.; Bartram J.","Bain, Robert (55059412700); Cronk, Ryan (35766082400); Wright, Jim (55276508600); Yang, Hong (56180542700); Slaymaker, Tom (56153993900); Bartram, Jamie (6603696131)","55059412700; 35766082400; 55276508600; 56180542700; 56153993900; 6603696131","Fecal Contamination of Drinking-Water in Low- and Middle-Income Countries: A Systematic Review and Meta-Analysis","2014","PLoS Medicine","11","5","e1001644","","","","433","10.1371/journal.pmed.1001644","https://www.scopus.com/inward/record.uri?eid=2-s2.0-84901299937&doi=10.1371%2fjournal.pmed.1001644&partnerID=40&md5=94cf461da046d9bf2fa63fa07e8a4713","Article","Final","All Open Access; Gold Open Access; Green Open Access","Scopus","2-s2.0-84901299937"
"Luh J.; Cronk R.; Bartram J.","Luh, Jeanne (7006771208); Cronk, Ryan (35766082400); Bartram, Jamie (6603696131)","7006771208; 35766082400; 6603696131","Assessing progress towards public health, human rights, and international development goals using frontier analysis","2016","PLoS ONE","11","1","e0147663","","","","8","10.1371/journal.pone.0147663","https://www.scopus.com/inward/record.uri?eid=2-s2.0-84958580904&doi=10.1371%2fjournal.pone.0147663&partnerID=40&md5=3d8fd5161d8172fe152769e7723925e3","Article","Final","All Open Access; Gold Open Access; Green Open Access","Scopus","2-s2.0-84958580904"
"Dodds F.; Bartram J.","Dodds, Felix (6507252232); Bartram, Jamie (6603696131)","6507252232; 6603696131","The water, food, energy and climate Nexus: Challenges and an agenda for action","2016","The Water, Food, Energy and Climate Nexus: Challenges and an Agenda for Action","","","","1","265","264","23","10.4324/9781315640716","https://www.scopus.com/inward/record.uri?eid=2-s2.0-84978204460&doi=10.4324%2f9781315640716&partnerID=40&md5=784d25e8c94dcf4152e20c62dc2779ba","Book","Final","","Scopus","2-s2.0-84978204460"
"Gentry-Shields J.; Bartram J.","Gentry-Shields, Jennifer (55363196100); Bartram, Jamie (6603696131)","55363196100; 6603696131","Human health and the water environment: Using the DPSEEA framework to identify the driving forces of disease","2014","Science of the Total Environment","468-469","","","306","314","8","37","10.1016/j.scitotenv.2013.08.052","https://www.scopus.com/inward/record.uri?eid=2-s2.0-84884185194&doi=10.1016%2fj.scitotenv.2013.08.052&partnerID=40&md5=c0b66d94d3629158c8a4d7b85bad65da","Article","Final","","Scopus","2-s2.0-84884185194"
"Behnke N.L.; Klug T.; Cronk R.; Shields K.F.; Lee K.; Kelly E.R.; Allgood G.; Bartram J.","Behnke, Nikki L. (57193551829); Klug, Tori (57190842615); Cronk, Ryan (35766082400); Shields, Katherine F. (55226537800); Lee, Kristen (57193553844); Kelly, Emma R. (56999862100); Allgood, Greg (7003799309); Bartram, Jamie (6603696131)","57193551829; 57190842615; 35766082400; 55226537800; 57193553844; 56999862100; 7003799309; 6603696131","Resource mobilization for community-managed rural water systems: Evidence from Ghana, Kenya, and Zambia","2017","Journal of Cleaner Production","156","","","437","444","7","38","10.1016/j.jclepro.2017.04.016","https://www.scopus.com/inward/record.uri?eid=2-s2.0-85019073476&doi=10.1016%2fj.jclepro.2017.04.016&partnerID=40&md5=63b286b92ebf1a52c6c208121b3364b9","Article","Final","","Scopus","2-s2.0-85019073476"
"Overbo A.; Williams A.R.; Evans B.; Hunter P.R.; Bartram J.","Overbo, Alycia (56447101700); Williams, Ashley R. (56834892700); Evans, Barbara (57199313235); Hunter, Paul R. (17135089100); Bartram, Jamie (6603696131)","56447101700; 56834892700; 57199313235; 17135089100; 6603696131","On-plot drinking water supplies and health: A systematic review","2016","International Journal of Hygiene and Environmental Health","219","4-5","","317","330","13","52","10.1016/j.ijheh.2016.04.008","https://www.scopus.com/inward/record.uri?eid=2-s2.0-84964691987&doi=10.1016%2fj.ijheh.2016.04.008&partnerID=40&md5=496118e4114c66532f30f33b959a5835","Review","Final","All Open Access; Green Open Access","Scopus","2-s2.0-84964691987"
"Baum R.; Bartram J.; Hrudey S.","Baum, Rachel (55552135900); Bartram, Jamie (6603696131); Hrudey, Steve (7007062128)","55552135900; 6603696131; 7007062128","The Flint Water Crisis Confirms That U.S. Drinking Water Needs Improved Risk Management","2016","Environmental Science and Technology","50","11","","5436","5437","1","30","10.1021/acs.est.6b02238","https://www.scopus.com/inward/record.uri?eid=2-s2.0-84973663745&doi=10.1021%2facs.est.6b02238&partnerID=40&md5=6b43f3fb502dd5980567cb9b746aa604","Note","Final","","Scopus","2-s2.0-84973663745"
"Guo A.; Bowling J.M.; Bartram J.; Kayser G.","Guo, Amy (57196065010); Bowling, J. Michael (7005526932); Bartram, Jamie (6603696131); Kayser, Georgia (55626770700)","57196065010; 7005526932; 6603696131; 55626770700","Water, sanitation, and hygiene in rural health-care facilities: a cross-sectional study in Ethiopia, Kenya, Mozambique, Rwanda, Uganda, and Zambia","2017","American Journal of Tropical Medicine and Hygiene","97","4","","1033","1042","9","42","10.4269/ajtmh.17-0208","https://www.scopus.com/inward/record.uri?eid=2-s2.0-85031704014&doi=10.4269%2fajtmh.17-0208&partnerID=40&md5=3f5f1bad2b0f36119b6d07712ccf7f58","Article","Final","All Open Access; Bronze Open Access; Green Open Access","Scopus","2-s2.0-85031704014"
"Rehfuess E.A.; Bartram J.","Rehfuess, Eva A. (12767500200); Bartram, Jamie (6603696131)","12767500200; 6603696131","Beyond direct impact: Evidence synthesis towards a better understanding of effectiveness of environmental health interventions","2014","International Journal of Hygiene and Environmental Health","217","2-3","","155","159","4","19","10.1016/j.ijheh.2013.07.011","https://www.scopus.com/inward/record.uri?eid=2-s2.0-84892677236&doi=10.1016%2fj.ijheh.2013.07.011&partnerID=40&md5=fe75fbb7faf5876a0cd8b38f158a5556","Note","Final","","Scopus","2-s2.0-84892677236"
"Bartram J.; Charles K.; Evans B.; O'hanlon L.; Pedley S.","Bartram, Jamie (6603696131); Charles, Katrina (9337584000); Evans, Barbara (57199313235); O'hanlon, Lucinda (55587706400); Pedley, Steve (6603049002)","6603696131; 9337584000; 57199313235; 55587706400; 6603049002","Commentary on community-led total sanitation and human rights: Should the right to community-wide health be won at the cost of individual rights?","2012","Journal of Water and Health","10","4","","499","503","4","50","10.2166/wh.2012.205","https://www.scopus.com/inward/record.uri?eid=2-s2.0-84873634554&doi=10.2166%2fwh.2012.205&partnerID=40&md5=41c2c1db06685c8620edae73283f9e3f","Review","Final","All Open Access; Bronze Open Access; Green Open Access","Scopus","2-s2.0-84873634554"
"Jordanova T.; Cronk R.; Obando W.; Medina O.Z.; Kinoshita R.; Bartram J.","Jordanova, Tania (56674692700); Cronk, Ryan (35766082400); Obando, Wanda (56674568100); Medina, Octavio Zeledon (56673952600); Kinoshita, Rinko (56673868000); Bartram, Jamie (6603696131)","56674692700; 35766082400; 56674568100; 56673952600; 56673868000; 6603696131","Water, sanitation, and hygiene in schools in low socio-economic regions in Nicaragua: A cross-sectional survey","2015","International Journal of Environmental Research and Public Health","12","6","","6197","6217","20","42","10.3390/ijerph120606197","https://www.scopus.com/inward/record.uri?eid=2-s2.0-84930630949&doi=10.3390%2fijerph120606197&partnerID=40&md5=f6b9cb7a43a44614b7a2bc04526a9d32","Article","Final","All Open Access; Gold Open Access; Green Open Access","Scopus","2-s2.0-84930630949"
"Cronk R.; Slaymaker T.; Bartram J.","Cronk, Ryan (35766082400); Slaymaker, Tom (56153993900); Bartram, Jamie (6603696131)","35766082400; 56153993900; 6603696131","Monitoring drinking water, sanitation, and hygiene in non-household settings: Priorities for policy and practice","2015","International Journal of Hygiene and Environmental Health","218","8","","694","703","9","71","10.1016/j.ijheh.2015.03.003","https://www.scopus.com/inward/record.uri?eid=2-s2.0-84930673467&doi=10.1016%2fj.ijheh.2015.03.003&partnerID=40&md5=8b0d1cfb13ab7034daa3986810cf5585","Article","Final","","Scopus","2-s2.0-84930673467"
"Crocker J.; Bartram J.","Crocker, Jonny (55328328900); Bartram, Jamie (6603696131)","55328328900; 6603696131","Interpreting the Global Enteric Multicenter Study (GEMS) Findings on Sanitation, Hygiene, and Diarrhea","2016","PLoS Medicine","13","5","e1002011","","","4","9","10.1371/journal.pmed.1002011","https://www.scopus.com/inward/record.uri?eid=2-s2.0-84971646933&doi=10.1371%2fjournal.pmed.1002011&partnerID=40&md5=6496e2d2e0ea297000c8cfb32bba9a0e","Article","Final","All Open Access; Gold Open Access; Green Open Access","Scopus","2-s2.0-84971646933"
"Ojomo E.; Elliott M.; Amjad U.; Bartram J.","Ojomo, Edema (35179879200); Elliott, Mark (57189616985); Amjad, Urooj (14833764300); Bartram, Jamie (6603696131)","35179879200; 57189616985; 14833764300; 6603696131","Climate change preparedness: A knowledge and attitudes study in southern Nigeria","2015","Environments - MDPI","2","4","","435","448","13","19","10.3390/environments2040435","https://www.scopus.com/inward/record.uri?eid=2-s2.0-85020227930&doi=10.3390%2fenvironments2040435&partnerID=40&md5=6eee30b60c6262dc51fea28f2cb2b17e","Article","Final","All Open Access; Gold Open Access; Green Open Access","Scopus","2-s2.0-85020227930"
"Bartram J.; Kayser G.; Gordon B.; Dodds F.","Bartram, Jamie (6603696131); Kayser, Georgia (55626770700); Gordon, Bruce (50161377600); Dodds, Felix (6507252232)","6603696131; 55626770700; 50161377600; 6507252232","International policy","2015","Routledge Handbook of Water and Health","","","","433","446","13","0","10.4324/9781315693606-55","https://www.scopus.com/inward/record.uri?eid=2-s2.0-85153637423&doi=10.4324%2f9781315693606-55&partnerID=40&md5=9dc0da862c64b30a0d37c33fee64a1c7","Book chapter","Final","","Scopus","2-s2.0-85153637423"
"Bain R.; Bartram J.; Elliott M.; Matthews R.; Mcmahan L.; Tung R.; Chuang P.; Gundry S.","Bain, Robert (55059412700); Bartram, Jamie (6603696131); Elliott, Mark (57189616985); Matthews, Robert (35105588900); Mcmahan, Lanakila (53878100800); Tung, Rosalind (55229536300); Chuang, Patty (55229107100); Gundry, Stephen (7005035787)","55059412700; 6603696131; 57189616985; 35105588900; 53878100800; 55229536300; 55229107100; 7005035787","A summary catalogue of microbial drinking water tests for low and medium resource settings","2012","International Journal of Environmental Research and Public Health","9","5","","1609","1625","16","79","10.3390/ijerph9051609","https://www.scopus.com/inward/record.uri?eid=2-s2.0-84861512858&doi=10.3390%2fijerph9051609&partnerID=40&md5=da1f7a8ac1df7ad32a188a299c296509","Article","Final","All Open Access; Gold Open Access; Green Open Access","Scopus","2-s2.0-84861512858"
"Cronk R.; Bartram J.","Cronk, Ryan (35766082400); Bartram, Jamie (6603696131)","35766082400; 6603696131","Factors Influencing Water System Functionality in Nigeria and Tanzania: A Regression and Bayesian Network Analysis","2017","Environmental Science and Technology","51","19","","11336","11345","9","56","10.1021/acs.est.7b03287","https://www.scopus.com/inward/record.uri?eid=2-s2.0-85030675269&doi=10.1021%2facs.est.7b03287&partnerID=40&md5=0e9dae74aff1ca75d79391f1ccf36790","Article","Final","","Scopus","2-s2.0-85030675269"
"MacDonald M.C.; Elliott M.; Chan T.; Kearton A.; Shields K.F.; Bartram J.; Hadwen W.L.","MacDonald, Morgan C. (56462088200); Elliott, Mark (57189616985); Chan, Terence (7402680829); Kearton, Annika (57192078120); Shields, Katherine F. (55226537800); Bartram, Jamie (6603696131); Hadwen, Wade L. (6507327364)","56462088200; 57189616985; 7402680829; 57192078120; 55226537800; 6603696131; 6507327364","Investigating multiple householdwater sources and uses with a computer-assisted personal interviewing (CAPI) survey","2016","Water (Switzerland)","8","12","574","","","","14","10.3390/w8120574","https://www.scopus.com/inward/record.uri?eid=2-s2.0-85010379662&doi=10.3390%2fw8120574&partnerID=40&md5=9000463c6a10fbf82143599d87528400","Article","Final","All Open Access; Gold Open Access; Green Open Access","Scopus","2-s2.0-85010379662"
"Yang H.; Bain R.; Bartram J.; Gundry S.; Pedley S.; Wright J.","Yang, Hong (56180542700); Bain, Robert (55059412700); Bartram, Jamie (6603696131); Gundry, Stephen (7005035787); Pedley, Steve (6603049002); Wright, James (55276508600)","56180542700; 55059412700; 6603696131; 7005035787; 6603049002; 55276508600","Water safety and inequality in access to drinking-water between rich and poor households","2013","Environmental Science and Technology","47","3","","1222","1230","8","104","10.1021/es303345p","https://www.scopus.com/inward/record.uri?eid=2-s2.0-84873449350&doi=10.1021%2fes303345p&partnerID=40&md5=06dc91b6d5895a6c80c5fd05c24a8ed0","Article","Final","","Scopus","2-s2.0-84873449350"
"Schwemlein S.; Cronk R.; Bartram J.","Schwemlein, Stefanie (24281901000); Cronk, Ryan (35766082400); Bartram, Jamie (6603696131)","24281901000; 35766082400; 6603696131","Indicators for monitoring water, sanitation, and hygiene: A systematic review of indicator selection methods","2016","International Journal of Environmental Research and Public Health","13","3","333","","","","33","10.3390/ijerph13030333","https://www.scopus.com/inward/record.uri?eid=2-s2.0-84962617263&doi=10.3390%2fijerph13030333&partnerID=40&md5=b7c3b576b339b9d982dba88a45fc7524","Review","Final","All Open Access; Gold Open Access; Green Open Access","Scopus","2-s2.0-84962617263"
"Amjad U.Q.; Luh J.; Baum R.; Bartram J.","Amjad, Urooj Quezon (14833764300); Luh, Jeanne (7006771208); Baum, Rachel (55552135900); Bartram, Jamie (6603696131)","14833764300; 7006771208; 55552135900; 6603696131","Water safety plans: Bridges and barriers to implementation in North Carolina","2016","Journal of Water and Health","14","5","","816","826","10","24","10.2166/wh.2016.011","https://www.scopus.com/inward/record.uri?eid=2-s2.0-84991823827&doi=10.2166%2fwh.2016.011&partnerID=40&md5=0bb2d4006b71f68c157302eb543a720c","Article","Final","All Open Access; Bronze Open Access","Scopus","2-s2.0-84991823827"
"Ligon G.; Bartram J.","Ligon, Grant (57189504771); Bartram, Jamie (6603696131)","57189504771; 6603696131","Literature review of associations among attributes of reported drinking water disease outbreaks","2016","International Journal of Environmental Research and Public Health","13","6","17","","","","12","10.3390/ijerph13060527","https://www.scopus.com/inward/record.uri?eid=2-s2.0-84971500242&doi=10.3390%2fijerph13060527&partnerID=40&md5=db23f0d63c89229fe1ba671ae0293c7c","Review","Final","All Open Access; Gold Open Access; Green Open Access","Scopus","2-s2.0-84971500242"
"Shields K.F.; Bain R.E.S.; Cronk R.; Wright J.A.; Bartram J.","Shields, Katherine F. (55226537800); Bain, Robert E. S. (55059412700); Cronk, Ryan (35766082400); Wright, Jim A. (55276508600); Bartram, Jamie (6603696131)","55226537800; 55059412700; 35766082400; 55276508600; 6603696131","Association of supply type with fecal contamination of source water and household stored drinking water in developing countries: A bivariate meta-analysis","2015","Environmental Health Perspectives","123","12","","1222","1231","9","104","10.1289/ehp.1409002","https://www.scopus.com/inward/record.uri?eid=2-s2.0-84930645590&doi=10.1289%2fehp.1409002&partnerID=40&md5=15eca4bcc51002751ce2d7512196e3a6","Review","Final","All Open Access; Green Open Access","Scopus","2-s2.0-84930645590"
"Crocker J.; Saywell D.; Bartram J.","Crocker, Jonny (55328328900); Saywell, Darren (39862043600); Bartram, Jamie (6603696131)","55328328900; 39862043600; 6603696131","Sustainability of community-led total sanitation outcomes: Evidence from Ethiopia and Ghana","2017","International Journal of Hygiene and Environmental Health","220","3","","551","557","6","92","10.1016/j.ijheh.2017.02.011","https://www.scopus.com/inward/record.uri?eid=2-s2.0-85019403569&doi=10.1016%2fj.ijheh.2017.02.011&partnerID=40&md5=29451807e69dd309b9df29a113631436","Article","Final","All Open Access; Green Open Access; Hybrid Gold Open Access","Scopus","2-s2.0-85019403569"
"Gunnarsdóttir M.J.; Gardarsson S.M.; Bartram J.","Gunnarsdóttir, Maria J. (21833889800); Gardarsson, S.M. (6508351578); Bartram, J. (6603696131)","21833889800; 6508351578; 6603696131","Icelandic experience with water safety plans","2012","Water Science and Technology","65","2","","277","288","11","49","10.2166/wst.2012.801","https://www.scopus.com/inward/record.uri?eid=2-s2.0-84856247810&doi=10.2166%2fwst.2012.801&partnerID=40&md5=ecd3bc3854034e0f957712cae55ac702","Article","Final","","Scopus","2-s2.0-84856247810"
"Wright J.; Liu J.; Bain R.; Perez A.; Crocker J.; Bartram J.; Gundry S.","Wright, Jim (55276508600); Liu, Jing (56119389300); Bain, Robert (55059412700); Perez, Andrea (55210704500); Crocker, Jonny (55328328900); Bartram, Jamie (6603696131); Gundry, Stephen (7005035787)","55276508600; 56119389300; 55059412700; 55210704500; 55328328900; 6603696131; 7005035787","Water quality laboratories in Colombia: A GIS-based study of urban and rural accessibility","2014","Science of the Total Environment","485-486","1","","643","652","9","24","10.1016/j.scitotenv.2014.03.127","https://www.scopus.com/inward/record.uri?eid=2-s2.0-84898804266&doi=10.1016%2fj.scitotenv.2014.03.127&partnerID=40&md5=22551d2b327bb09f3981cdbe0fce4588","Article","Final","","Scopus","2-s2.0-84898804266"
"Ojomo E.; Elliott M.; Goodyear L.; Forson M.; Bartram J.","Ojomo, Edema (35179879200); Elliott, Mark (57189616985); Goodyear, Lorelei (9240146600); Forson, Michael (6504034183); Bartram, Jamie (6603696131)","35179879200; 57189616985; 9240146600; 6504034183; 6603696131","Sustainability and scale-up of household water treatment and safe storage practices: Enablers and barriers to effective implementation","2015","International Journal of Hygiene and Environmental Health","218","8","","704","713","9","54","10.1016/j.ijheh.2015.03.002","https://www.scopus.com/inward/record.uri?eid=2-s2.0-84944173376&doi=10.1016%2fj.ijheh.2015.03.002&partnerID=40&md5=d36e6d97b4d9b0b7e6d7ba5d5d8bf3e8","Article","Final","All Open Access; Hybrid Gold Open Access","Scopus","2-s2.0-84944173376"
"Cumming O.; Elliott M.; Overbo A.; Bartram J.","Cumming, Oliver (35069122800); Elliott, Mark (57189616985); Overbo, Alycia (56447101700); Bartram, Jamie (6603696131)","35069122800; 57189616985; 56447101700; 6603696131","Does global progress on sanitation really lag behind water? An analysis of global progress on community- and household-level access to safe water and sanitation","2014","PLoS ONE","9","12","e114699","","","","42","10.1371/journal.pone.0114699","https://www.scopus.com/inward/record.uri?eid=2-s2.0-84917705493&doi=10.1371%2fjournal.pone.0114699&partnerID=40&md5=2bf21fc61420181b49e66ebab435bd9d","Article","Final","All Open Access; Gold Open Access; Green Open Access","Scopus","2-s2.0-84917705493"
"Howard G.; Calow R.; Macdonald A.; Bartram J.","Howard, Guy (7202022099); Calow, Roger (7801603545); Macdonald, Alan (7401581383); Bartram, Jamie (6603696131)","7202022099; 7801603545; 7401581383; 6603696131","Climate Change and Water and Sanitation: Likely Impacts and Emerging Trends for Action","2016","Annual Review of Environment and Resources","41","","","253","276","23","164","10.1146/annurev-environ-110615-085856","https://www.scopus.com/inward/record.uri?eid=2-s2.0-84992208957&doi=10.1146%2fannurev-environ-110615-085856&partnerID=40&md5=c928a618db3a1f3423e96d93d8383b67","Article","Final","","Scopus","2-s2.0-84992208957"
"Crocker J.; Geremew A.; Atalie F.; Yetie M.; Bartram J.","Crocker, Jonny (55328328900); Geremew, Abiyot (57189899410); Atalie, Fisseha (57189898631); Yetie, Messele (57189902135); Bartram, Jamie (6603696131)","55328328900; 57189899410; 57189898631; 57189902135; 6603696131","Teachers and Sanitation Promotion: An Assessment of Community-Led Total Sanitation in Ethiopia","2016","Environmental Science and Technology","50","12","","6517","6525","8","44","10.1021/acs.est.6b01021","https://www.scopus.com/inward/record.uri?eid=2-s2.0-84975795874&doi=10.1021%2facs.est.6b01021&partnerID=40&md5=fec2b60269f9d16444aafb3a27f523ee","Article","Final","All Open Access; Bronze Open Access; Green Open Access","Scopus","2-s2.0-84975795874"
"Bartram J.; Brocklehurst C.; Fisher M.B.; Luyendijk R.; Hossain R.; Wardlaw T.; Gordon B.","Bartram, Jamie (6603696131); Brocklehurst, Clarissa (35797978100); Fisher, Michael B. (55466325000); Luyendijk, Rolf (55957269800); Hossain, Rifat (55929523100); Wardlaw, Tessa (55891491700); Gordon, Bruce (50161377600)","6603696131; 35797978100; 55466325000; 55957269800; 55929523100; 55891491700; 50161377600","Global monitoring of water supply and sanitation: History, methods and future challenges","2014","International Journal of Environmental Research and Public Health","11","8","","8137","8165","28","199","10.3390/ijerph110808137","https://www.scopus.com/inward/record.uri?eid=2-s2.0-84917691911&doi=10.3390%2fijerph110808137&partnerID=40&md5=802f5c57e43105ead361d02bdeb65d49","Review","Final","All Open Access; Gold Open Access; Green Open Access","Scopus","2-s2.0-84917691911"
"Langford M.; Bartram J.; Roaf V.","Langford, Malcolm (25651916800); Bartram, Jamie (6603696131); Roaf, Virginia (57160930400)","25651916800; 6603696131; 57160930400","The human right to sanitation","2017","The Human Right to Water: Theory, Practice and Prospects","","","","345","395","50","12","10.1017/9780511862601.012","https://www.scopus.com/inward/record.uri?eid=2-s2.0-85032276503&doi=10.1017%2f9780511862601.012&partnerID=40&md5=d24c84c6a148062651cebf3e1262c84a","Book chapter","Final","","Scopus","2-s2.0-85032276503"
"Kostyla C.; Bain R.; Cronk R.; Bartram J.","Kostyla, Caroline (56509606900); Bain, Rob (55059412700); Cronk, Ryan (35766082400); Bartram, Jamie (6603696131)","56509606900; 55059412700; 35766082400; 6603696131","Seasonal variation of fecal contamination in drinking water sources in developing countries: A systematic review","2015","Science of the Total Environment","514","","","333","343","10","166","10.1016/j.scitotenv.2015.01.018","https://www.scopus.com/inward/record.uri?eid=2-s2.0-84922424035&doi=10.1016%2fj.scitotenv.2015.01.018&partnerID=40&md5=4b4a15e4a9d2d525a096e3f64329c8ba","Review","Final","","Scopus","2-s2.0-84922424035"
"Mercer J.; Bartram J.","Mercer, J. (57210183794); Bartram, J. (6603696131)","57210183794; 6603696131","Worldwide Regulatory Strategies and Policies for Drinking Water","2011","Encyclopedia of Environmental Health","","","","777","787","10","2","10.1016/B978-0-444-52272-6.00290-7","https://www.scopus.com/inward/record.uri?eid=2-s2.0-85069870245&doi=10.1016%2fB978-0-444-52272-6.00290-7&partnerID=40&md5=75901661e249592f29305dd1e1563085","Book chapter","Final","","Scopus","2-s2.0-85069870245"
"Haller L.; Hutton G.; Bartram J.","Haller, Laurence (23492206100); Hutton, Guy (7003880733); Bartram, Jamie (6603696131)","23492206100; 7003880733; 6603696131","Estimating the costs and health benefits of water and sanitation improvements at global level","2007","Journal of Water and Health","5","4","","467","480","13","122","10.2166/wh.2007.008","https://www.scopus.com/inward/record.uri?eid=2-s2.0-36849009579&doi=10.2166%2fwh.2007.008&partnerID=40&md5=1c1e47a78b30775ea162ccb9c0992900","Article","Final","All Open Access; Bronze Open Access","Scopus","2-s2.0-36849009579"
"Bartram J.; Howard G.","Bartram, Jamie (6603696131); Howard, Guy (7202022099)","6603696131; 7202022099","Drinking-water standards for the developing world","2003","Handbook of Water and Wastewater Microbiology","","","","221","240","19","9","10.1016/B978-012470100-7/50015-7","https://www.scopus.com/inward/record.uri?eid=2-s2.0-84942846301&doi=10.1016%2fB978-012470100-7%2f50015-7&partnerID=40&md5=7914420cc3c480920835cb724ae21704","Book chapter","Final","","Scopus","2-s2.0-84942846301"
"Helmer R.; Bartram J.; Galal-Gorchev H.","Helmer, Richard (7005663471); Bartram, Jamie (6603696131); Galal-Gorchev, Hend (6603215928)","7005663471; 6603696131; 6603215928","11th IWSA-ASPAC Regional Conference on Integrating the Urban Water Cycle, Sydney, Australia, 1-5 November 1998: Regulation of drinking-water standards","1999","Water Supply","17","3-4","","1","6","5","1","","https://www.scopus.com/inward/record.uri?eid=2-s2.0-0032723349&partnerID=40&md5=140f5d8eb663a658f2e422bfd8969a1f","Conference paper","Final","","Scopus","2-s2.0-0032723349"
"Bartram J.; Jacob J.","Bartram, J. (6603696131); Jacob, J. (55429503100)","6603696131; 55429503100","Water supply and quality issues in Central and Eastern Europe and the Newly Independent States","1997","Waterlines","16","1","","10","13","3","0","10.3362/0262-8104.1997.029","https://www.scopus.com/inward/record.uri?eid=2-s2.0-0031419087&doi=10.3362%2f0262-8104.1997.029&partnerID=40&md5=879dcd1194e28db105012b87d7a865f6","Article","Final","","Scopus","2-s2.0-0031419087"
"Grandjean A.C.; Bartram J.K.","Grandjean, A.C. (7003551844); Bartram, J.K. (6603696131)","7003551844; 6603696131","Essential Nature of Water for Health: Water as Part of the Dietary Intake for Nutrients and the Role of Water in Hygiene","2011","Encyclopedia of Environmental Health","","","","594","604","10","4","10.1016/B978-0-444-52272-6.00279-8","https://www.scopus.com/inward/record.uri?eid=2-s2.0-85017473451&doi=10.1016%2fB978-0-444-52272-6.00279-8&partnerID=40&md5=0cd310b534faf584ffdbace807fbeede","Book chapter","Final","","Scopus","2-s2.0-85017473451"
"Bartram J.; Salas H.; Dufour A.","Bartram, J. (6603696131); Salas, H. (6603766025); Dufour, A. (7102685256)","6603696131; 6603766025; 7102685256","Viral and Bacterial Contamination of Beaches","2001","Encyclopedia of Ocean Sciences","","","","267","271","4","0","10.1016/B978-012374473-9.00059-X","https://www.scopus.com/inward/record.uri?eid=2-s2.0-84884446053&doi=10.1016%2fB978-012374473-9.00059-X&partnerID=40&md5=250109b3312b104d7459bc624238d90d","Book chapter","Final","","Scopus","2-s2.0-84884446053"
"Fewtrell L.; Smith S.; Kay D.; Bartram J.","Fewtrell, Lorna (6603864414); Smith, Stuart (57199390641); Kay, Dave (7102720901); Bartram, Jamie (6603696131)","6603864414; 57199390641; 7102720901; 6603696131","An attempt to estimate the global burden of disease due to fluoride in drinking water","2006","Journal of Water and Health","4","4","","533","542","9","80","10.2166/WH.2006.0036","https://www.scopus.com/inward/record.uri?eid=2-s2.0-33845435842&doi=10.2166%2fWH.2006.0036&partnerID=40&md5=a52f15ecf275c69545ac48b023629e77","Article","Final","All Open Access; Bronze Open Access","Scopus","2-s2.0-33845435842"
"Kjellstrom T.; Friel S.; Dixon J.; Corvalan C.; Rehfuess E.; Campbell-Lendrum D.; Gore F.; Bartram J.","Kjellstrom, Tord (7006955733); Friel, Sharon (23034656100); Dixon, Jane (7403669181); Corvalan, Carlos (6603726211); Rehfuess, Eva (12767500200); Campbell-Lendrum, Diarmid (6602860341); Gore, Fiona (16315729300); Bartram, Jamie (6603696131)","7006955733; 23034656100; 7403669181; 6603726211; 12767500200; 6602860341; 16315729300; 6603696131","Urban environmental health hazards and health equity","2007","Journal of Urban Health","84","SUPPL. 1","","i86","i97","11","141","10.1007/s11524-007-9171-9","https://www.scopus.com/inward/record.uri?eid=2-s2.0-34249003075&doi=10.1007%2fs11524-007-9171-9&partnerID=40&md5=72b8fb6ca6f63b34d736c60725a53ed4","Article","Final","All Open Access; Green Open Access; Hybrid Gold Open Access","Scopus","2-s2.0-34249003075"
"Bartram J.; Johns W.","Bartram, J. (6603696131); Johns, W. (7101932666)","6603696131; 7101932666","Water supply in primary health care: experiences of Amazon Indian communities","1988","Waterlines","7","1","","28","31","3","0","10.3362/0262-8104.1988.029","https://www.scopus.com/inward/record.uri?eid=2-s2.0-0024189932&doi=10.3362%2f0262-8104.1988.029&partnerID=40&md5=00234204b5c2366729dad8fd8e5e383d","Article","Final","","Scopus","2-s2.0-0024189932"
"Cotton A.; Bartram J.","Cotton, Andrew (7005102594); Bartram, Jamie (6603696131)","7005102594; 6603696131","Sanitation: On- or off-track? Issues of monitoring sanitation and the role of the joint monitoring programme","2008","Waterlines","27","1","","12","29","17","14","10.3362/1756-3488.2008.003","https://www.scopus.com/inward/record.uri?eid=2-s2.0-41949118596&doi=10.3362%2f1756-3488.2008.003&partnerID=40&md5=14d44f040975e79de5a059d98eb4975e","Article","Final","","Scopus","2-s2.0-41949118596"
"Gore F.; Fawell J.; Bartram J.","Gore, Fiona (16315729300); Fawell, John (7003738591); Bartram, Jamie (6603696131)","16315729300; 7003738591; 6603696131","Too much or too little? A review of the conundrum of selenium","2010","Journal of Water and Health","8","3","","405","416","11","52","10.2166/wh.2009.060","https://www.scopus.com/inward/record.uri?eid=2-s2.0-77956234546&doi=10.2166%2fwh.2009.060&partnerID=40&md5=2d06cff40e5e091c7b084e19a6bf1c09","Review","Final","All Open Access; Bronze Open Access","Scopus","2-s2.0-77956234546"
"Bartram J.; Platt J.","Bartram, Jamie (6603696131); Platt, Jennifer (55865900700)","6603696131; 55865900700","How health professionals can leverage health gains from improved water, sanitation and hygiene practices","2010","Perspectives in Public Health","130","5","","215","221","6","7","10.1177/1757913910379193","https://www.scopus.com/inward/record.uri?eid=2-s2.0-77957721975&doi=10.1177%2f1757913910379193&partnerID=40&md5=74abbca6650b79e0ff3b0057d5a150d7","Review","Final","All Open Access; Bronze Open Access","Scopus","2-s2.0-77957721975"
"Rodgers A.; Ezzati M.; Vander Hoorn S.; Lopez A.D.; Lin R.-B.; Murray C.J.L.; Fishman S.; Caulfield L.E.; de Onis M.; Blössner M.; Hyder A.A.; Mullany L.; Black R.E.; Stoltzfus R.J.; Rice A.J.; West K.P., Jr.; Lawes C.; Law M.; Elliott P.; MacMahon S.; James W.P.T.; Jackson-Leach R.; Ni Mhurchu C.; Kalamara E.; Shayeghi M.; Rigby N.J.; Nishida C.; Lock K.; Pomerleau J.; Causer L.; McKee M.; Bull F.C.; Dixon T.; Ham S.; Neiman A.; Pratt M.; Rehm J.; Room R.; Monteiro M.; Gmel G.; Graham K.; Rehn N.; Sempos C.T.; Frick U.; Jernigan D.; Degenhardt L.; Hall W.; Warner-Smith M.; Lynskey M.; Slaymaker E.; Walker N.; Armstrong T.; Collumbien M.; Gerressu M.; Cleland J.; Prüss-Ustun A.; Kay D.; Fewtrell L.; Bartram J.; Cohen A.; Anderson R.; Ostro B.; Dev Pandey K.; Krzyzanowski M.; Künzli N.; Gutschmidt K.; Pope A.; Romieu I.; Samet J.; Smith K.; Smith K.R.; Mehta S.; Feuz M.; Landrigan P.; Ayuso J.L.; McMichael A.; Campbell-Lendrum D.; Kovats S.; Edwards S.; Wilkinson P.; Tanser F.; Le Sueur D.; Schlesinger M.; Andronova N.; Nicholls R.; Wilson T.; Hales S.; Concha M.; Imel Nelson D.; Fingerhut M.; Leigh J.; Corvalan C.; Driscoll T.; Kyle Steenland N.; Punnett L.; Tak S.W.; Phillips S.; Hauri A.M.; Armstrong G.L.; Hutin Y.J.F.; Andrews G.; Corry J.; Issakidis C.; Slade T.; Swanston H.; Blakely T.; Kieft C.; Wilson N.; Woodward A.","Rodgers, Anthony (55585900000); Ezzati, Majid (6701418638); Vander Hoorn, Stephen (6602752361); Lopez, Alan D. (7401455668); Lin, Ruey-Bin (7402887918); Murray, Christopher J. L. (55481130700); Fishman, Steven (8); Caulfield, Laura E. (7003606133); de Onis, Mercedes (7006500323); Blössner, Monika (6603232211); Hyder, Adnan A. (7005465166); Mullany, Luke (6602908826); Black, Robert E. (26541165000); Stoltzfus, Rebecca J. (7003998065); Rice, Amy J. (58390468700); West, Keith P. (7401596757); Lawes, Carlene (6602516713); Law, Malcolm (57209916081); Elliott, Paul (26643338400); MacMahon, Stephen (24312201200); James, W. Philip T. (7401962956); Jackson-Leach, Rachel (16309625400); Ni Mhurchu, Cliona (6603276614); Kalamara, Eleni (57193977345); Shayeghi, Maryam (6602391142); Rigby, Neville J. (6701395868); Nishida, Chizuru (7003821516); Lock, Karen (35582683300); Pomerleau, Joceline (7003928005); Causer, Louise (6507645853); McKee, Martin (7202304775); Bull, Fiona C. (7006165716); Dixon, Tracy (7101998529); Ham, Sandra (7005006847); Neiman, Andrea (7006386263); Pratt, Michael (7103021398); Rehm, Jürgen (7102718648); Room, Robin (57202570958); Monteiro, Maristela (7102700447); Gmel, Gerhard (7005638485); Graham, Kathryn (35237336300); Rehn, Nina (6602274735); Sempos, Christopher T. (7004940554); Frick, Ulrich (7006253859); Jernigan, David (57202679168); Degenhardt, Louisa (7004040033); Hall, Wayne (7402629359); Warner-Smith, Matthew (6602544681); Lynskey, Michael (7004900664); Slaymaker, Emma (6701334125); Walker, Neff (7201515530); Armstrong, Tim (7202834444); Collumbien, Martine (57205704578); Gerressu, Makeda (12769254200); Cleland, John (58346110600); Prüss-Ustun, Annette (9739021000); Kay, David (58381846600); Fewtrell, Lorna (6603864414); Bartram, Jamie (6603696131); Cohen, Aaron (7404780942); Anderson, Ross (55574190839); Ostro, Bart (25945220200); Dev Pandey, Kiran (57200426992); Krzyzanowski, Michal (7005472644); Künzli, Nino (7006806977); Gutschmidt, Kersten (6506031679); Pope, Arden (58459410400); Romieu, Isabelle (7006918513); Samet, Jonathan (35396805300); Smith, Kirk (59037177200); Smith, Kirk R (7410184308); Mehta, Sumi (7401670339); Feuz, Mirjam (24331516000); Landrigan, Philip (59614050900); Ayuso, José Luis (7004125804); McMichael, Anthony (57203046736); Campbell-Lendrum, Diarmid (6602860341); Kovats, Sari (57206360561); Edwards, Sally (58426820300); Wilkinson, Paul (7201434649); Tanser, Frank (6603089893); Le Sueur, David (6701537032); Schlesinger, Michael (7202496599); Andronova, Natasha (57200425784); Nicholls, Robert (57200427622); Wilson, Theresa (23476183100); Hales, Simon (7004550015); Concha, Marisol (19433849900); Imel Nelson, Deborah (57200424127); Fingerhut, Marilyn (57197388663); Leigh, James (7202089604); Corvalan, Carlos (6603726211); Driscoll, Tim (7005928308); Kyle Steenland, N. (57191458895); Punnett, Laura (57204261077); Tak, SangWoo (9741709800); Phillips, Sharonne (57196859890); Hauri, Anja M (13605168400); Armstrong, Gregory L. (7202411521); Hutin, Yvan J.F. (7004441445); Andrews, Gavin (7202160748); Corry, Justine (7005774637); Issakidis, Cathy (57201180051); Slade, Tim (6701447547); Swanston, Heather (6603174436); Blakely, Tony (7006795650); Kieft, Charlotte (6602313644); Wilson, Nick (34974926700); Woodward, Alistair (7101708625)","55585900000; 6701418638; 6602752361; 7401455668; 7402887918; 55481130700; 8; 7003606133; 7006500323; 6603232211; 7005465166; 6602908826; 26541165000; 7003998065; 58390468700; 7401596757; 6602516713; 57209916081; 26643338400; 24312201200; 7401962956; 16309625400; 6603276614; 57193977345; 6602391142; 6701395868; 7003821516; 35582683300; 7003928005; 6507645853; 7202304775; 7006165716; 7101998529; 7005006847; 7006386263; 7103021398; 7102718648; 57202570958; 7102700447; 7005638485; 35237336300; 6602274735; 7004940554; 7006253859; 57202679168; 7004040033; 7402629359; 6602544681; 7004900664; 6701334125; 7201515530; 7202834444; 57205704578; 12769254200; 58346110600; 9739021000; 58381846600; 6603864414; 6603696131; 7404780942; 55574190839; 25945220200; 57200426992; 7005472644; 7006806977; 6506031679; 58459410400; 7006918513; 35396805300; 59037177200; 7410184308; 7401670339; 24331516000; 59614050900; 7004125804; 57203046736; 6602860341; 57206360561; 58426820300; 7201434649; 6603089893; 6701537032; 7202496599; 57200425784; 57200427622; 23476183100; 7004550015; 19433849900; 57200424127; 57197388663; 7202089604; 6603726211; 7005928308; 57191458895; 57204261077; 9741709800; 57196859890; 13605168400; 7202411521; 7004441445; 7202160748; 7005774637; 57201180051; 6701447547; 6603174436; 7006795650; 6602313644; 34974926700; 7101708625","Distribution of major health risks: Findings from the global burden of disease study","2004","PLoS Medicine","1","1","e27","044","055","11","206","10.1371/journal.pmed.0010027","https://www.scopus.com/inward/record.uri?eid=2-s2.0-15744400763&doi=10.1371%2fjournal.pmed.0010027&partnerID=40&md5=eb565bf4701de3f0d15c1c3f560c60a4","Article","Final","All Open Access; Gold Open Access; Green Open Access","Scopus","2-s2.0-15744400763"
"Montgomery M.A.; Bartram J.","Montgomery, Maggie A. (15757937700); Bartram, Jamie (6603696131)","15757937700; 6603696131","Short-sightedness in sight-saving: Half a strategy will not eliminate blinding trachoma","2010","Bulletin of the World Health Organization","88","2","","82","","","7","10.2471/BLT.09.075424","https://www.scopus.com/inward/record.uri?eid=2-s2.0-75649126916&doi=10.2471%2fBLT.09.075424&partnerID=40&md5=edccbb76939a7bafdd95dde733ec51fb","Editorial","Final","All Open Access; Gold Open Access; Green Open Access","Scopus","2-s2.0-75649126916"
"Bartram J.; McCann B.","Bartram, Jamie (6603696131); McCann, Bill (7102072587)","6603696131; 7102072587","Delivering knowledge","2005","Water 21","","JUNE","","56","","","0","","https://www.scopus.com/inward/record.uri?eid=2-s2.0-20844458471&partnerID=40&md5=67f408f5a179270e8087ce407a3cf71d","Short survey","Final","","Scopus","2-s2.0-20844458471"
"McKie A.; Colbourne J.; Bartram J.; Clarke B.; Theobalds A.","McKie, A. (55977708800); Colbourne, J. (57197252668); Bartram, J. (6603696131); Clarke, B. (58460115300); Theobalds, A. (55977790000)","55977708800; 57197252668; 6603696131; 58460115300; 55977790000","Framework for drinking-water safety in Saint Lucia a water safety plan approach","2007","Sustainable Development of Water Resources, Water Supply and Environmental Sanitation: Proceedings of the 32nd WEDC International Conference","","","","467","473","6","0","","https://www.scopus.com/inward/record.uri?eid=2-s2.0-84891313098&partnerID=40&md5=4d3d29894d0ac52829fcecfe2a661c75","Conference paper","Final","","Scopus","2-s2.0-84891313098"
"Hutton G.; Bartram J.","Hutton, Guy (7003880733); Bartram, Jamie (6603696131)","7003880733; 6603696131","Global costs of attaining the Millennium Development Goal for water supply and sanitation","2008","Bulletin of the World Health Organization","86","1","","13","19","6","70","10.2471/BLT.07.046045","https://www.scopus.com/inward/record.uri?eid=2-s2.0-38049014913&doi=10.2471%2fBLT.07.046045&partnerID=40&md5=d03ae6c0897da7df1e11b42f83362beb","Article","Final","All Open Access; Gold Open Access; Green Open Access","Scopus","2-s2.0-38049014913"
"Bartram J.; Cotruvo J.; Exner M.; Fricker C.; Glasmacher A.","Bartram, J. (6603696131); Cotruvo, J. (7003918868); Exner, M. (7102918816); Fricker, C. (7005304728); Glasmacher, Axel (19334303900)","6603696131; 7003918868; 7102918816; 7005304728; 19334303900","Heterotrophic plate count measurement in drinking water safety management: Report of an Expert Meeting Geneva, 24-25 April 2002","2004","International Journal of Food Microbiology","92","3","","241","247","6","50","10.1016/j.ijfoodmicro.2003.08.005","https://www.scopus.com/inward/record.uri?eid=2-s2.0-2442492246&doi=10.1016%2fj.ijfoodmicro.2003.08.005&partnerID=40&md5=c43e0b3e3b872322e4d99058ffeba5e9","Conference paper","Final","","Scopus","2-s2.0-2442492246"
"Lloyd B.; Pardon M.; Bartram J.","Lloyd, B. (7102899274); Pardon, M. (6603628647); Bartram, J. (6603696131)","7102899274; 6603628647; 6603696131","Improving piped water supplies in Peru","1989","Waterlines","7","3","","24","26","2","0","","https://www.scopus.com/inward/record.uri?eid=2-s2.0-0024527426&partnerID=40&md5=6c20e500691cd0b5402a89f6b51867aa","Article","Final","","Scopus","2-s2.0-0024527426"
"Cairncross S.; Bartram J.; Cumming O.; Brocklehurst C.","Cairncross, Sandy (7005811380); Bartram, Jamie (6603696131); Cumming, Oliver (35069122800); Brocklehurst, Clarissa (35797978100)","7005811380; 6603696131; 35069122800; 35797978100","Hygiene, sanitation, and water: What needs to be done?","2010","PLoS Medicine","7","11","e1000365","","","","110","10.1371/journal.pmed.1000365","https://www.scopus.com/inward/record.uri?eid=2-s2.0-78649944536&doi=10.1371%2fjournal.pmed.1000365&partnerID=40&md5=4f8a18477e2df679f3d92ff9ea893909","Article","Final","All Open Access; Gold Open Access; Green Open Access","Scopus","2-s2.0-78649944536"
"Mintz E.D.; Bartram J.; Lochery P.; Wegelin M.","Mintz, E.D. (7006650309); Bartram, J. (6603696131); Lochery, P. (57199561099); Wegelin, M. (6603744572)","7006650309; 6603696131; 57199561099; 6603744572","Not just a drop in the bucket: Expanding access to point-of-use water treatment systems","2001","American Journal of Public Health","91","10","","1565","1570","5","182","10.2105/AJPH.91.10.1565","https://www.scopus.com/inward/record.uri?eid=2-s2.0-0034801997&doi=10.2105%2fAJPH.91.10.1565&partnerID=40&md5=76c978dc601dfa33e06ccebeefd0ab10","Review","Final","All Open Access; Green Open Access","Scopus","2-s2.0-0034801997"
"Grandjean A.C.; Bartram J.K.","Grandjean, A.C. (7003551844); Bartram, J.K. (6603696131)","7003551844; 6603696131","Essential Nature of Water for Health: Water as Part of the Dietary Intake for Nutrients and the Role of Water in Hygiene","2011","Encyclopedia of Environmental Health, Volume 1-5","2","","","V2","594","592","0","10.1016/B978-0-444-52272-6.00279-8","https://www.scopus.com/inward/record.uri?eid=2-s2.0-85184543161&doi=10.1016%2fB978-0-444-52272-6.00279-8&partnerID=40&md5=41a8ed30f3c141139467c401993fbea8","Book chapter","Final","","Scopus","2-s2.0-85184543161"
"Clasen T.; Haller L.; Walker D.; Bartram J.; Cairncross S.","Clasen, Thomas (6701896965); Haller, Laurence (23492206100); Walker, Damian (56699247900); Bartram, Jamie (6603696131); Cairncross, Sandy (7005811380)","6701896965; 23492206100; 56699247900; 6603696131; 7005811380","Cost-effectiveness of water quality interventions for preventing diarrhoeal disease in developing countries","2007","Journal of Water and Health","5","4","","599","608","9","133","10.2166/wh.2007.010","https://www.scopus.com/inward/record.uri?eid=2-s2.0-36849047704&doi=10.2166%2fwh.2007.010&partnerID=40&md5=6cfc6440695d850b72bee9a5a56457ec","Review","Final","All Open Access; Bronze Open Access","Scopus","2-s2.0-36849047704"
"Rehfuess E.A.; Bruce N.; Bartram J.K.","Rehfuess, Eva A. (12767500200); Bruce, Nigel (7102846570); Bartram, Jamie K. (6603696131)","12767500200; 7102846570; 6603696131","More health for your buck: Health sector functions to secure environmental health","2009","Bulletin of the World Health Organization","87","11","","880","882","2","16","10.2471/BLT.08.059865","https://www.scopus.com/inward/record.uri?eid=2-s2.0-70350638996&doi=10.2471%2fBLT.08.059865&partnerID=40&md5=343dc989229f1596a1d618b2a285688e","Short survey","Final","All Open Access; Gold Open Access; Green Open Access","Scopus","2-s2.0-70350638996"
"Clasen T.; Bartram J.; Colford J.; Luby S.; Quick R.; Sobsey M.","Clasen, Thomas (6701896965); Bartram, Jamie (6603696131); Colford, John (7004130553); Luby, Stephen (7007049837); Quick, Robert (7006180611); Sobsey, Mark (7005538244)","6701896965; 6603696131; 7004130553; 7007049837; 7006180611; 7005538244","Comment on ""Household water treatment in poor populations: Is there enough evidence for scaling up now?""","2009","Environmental Science and Technology","43","14","","5542","5544","2","33","10.1021/es9008147","https://www.scopus.com/inward/record.uri?eid=2-s2.0-67650456579&doi=10.1021%2fes9008147&partnerID=40&md5=f515cd9dbec4be48159043f0b95b1bff","Letter","Final","","Scopus","2-s2.0-67650456579"
"McKie A.; Bartram J.; Colbourne J.; Clarke B.; Theobalds A.","McKie, A. (55977708800); Bartram, J. (6603696131); Colbourne, J. (57197252668); Clarke, B. (58460115300); Theobalds, A. (55977790000)","55977708800; 6603696131; 57197252668; 58460115300; 55977790000","Framework for drinking-water safety in Saint Lucia health based targets","2007","Sustainable Development of Water Resources, Water Supply and Environmental Sanitation: Proceedings of the 32nd WEDC International Conference","","","","474","481","7","0","","https://www.scopus.com/inward/record.uri?eid=2-s2.0-84891322251&partnerID=40&md5=62c4b2bd6dfb19e087f2289262740ad3","Conference paper","Final","","Scopus","2-s2.0-84891322251"
"Bartram J.","Bartram, Jamie (6603696131)","6603696131","Improving on haves and have-nots","2008","Nature","452","7185","","283","284","1","55","10.1038/452283a","https://www.scopus.com/inward/record.uri?eid=2-s2.0-41149164215&doi=10.1038%2f452283a&partnerID=40&md5=474d054fbb58952c62d26d9cb0b5354d","Note","Final","","Scopus","2-s2.0-41149164215"
"Chorus Ingrid; Ringelband Ute; Schlag Gertrud; Schmoll Oliver; Bartram Jamie","Chorus, Ingrid (6603879581); Ringelband, Ute (6603278102); Schlag, Gertrud (35122953700); Schmoll, Oliver (6505862871); Bartram, Jamie (6603696131)","6603879581; 6603278102; 35122953700; 6505862871; 6603696131","Water, sanitation and health","2000","Water 21","","JUNE","","54","55","1","1","","https://www.scopus.com/inward/record.uri?eid=2-s2.0-0034204596&partnerID=40&md5=aff82fadae19450e8d4f06a53ac42f20","Article","Final","","Scopus","2-s2.0-0034204596"
"Rooney R.M.; Cramer E.H.; Mantha S.; Nichols G.; Bartram J.K.; Farber J.M.; Benembarek P.K.","Rooney, Roisin M. (55977654000); Cramer, Elaine H. (35450250100); Mantha, Stacey (7003972085); Nichols, Gordon (7103355046); Bartram, Jamie K. (6603696131); Farber, Jeffrey M. (7201468524); Benembarek, Peter K. (6507957761)","55977654000; 35450250100; 7003972085; 7103355046; 6603696131; 7201468524; 6507957761","A review of outbreaks of foodborne disease associated with passenger ships: Evidence for risk management","2004","Public Health Reports","119","4","","427","434","7","75","10.1016/j.phr.2004.05.007","https://www.scopus.com/inward/record.uri?eid=2-s2.0-3242659079&doi=10.1016%2fj.phr.2004.05.007&partnerID=40&md5=06e39ccf8555bcc2bc7a4b274e2ff7ec","Article","Final","All Open Access; Green Open Access; Hybrid Gold Open Access","Scopus","2-s2.0-3242659079"
"Wedgwood K.; Bartram J.","Wedgwood, K. (6701683985); Bartram, J. (6603696131)","6701683985; 6603696131","Spring capping in the Peruvian highlands","1992","Waterlines","10","3","","20","23","3","0","10.3362/0262-8104.1992.006","https://www.scopus.com/inward/record.uri?eid=2-s2.0-0026615379&doi=10.3362%2f0262-8104.1992.006&partnerID=40&md5=7e087291f2e37a02553c0bd991e1abbb","Article","Final","","Scopus","2-s2.0-0026615379"
"Bartram J.; Thyssen N.; Gowers A.; Pond K.; Lack T.; Danzon M.; Jiménez-Beltrán D.","Bartram, Jamie (6603696131); Thyssen, Niels (57511745900); Gowers, Alison (6506182302); Pond, Kathy (8349687900); Lack, Tim (6603490483); Danzon, Marc (6601934544); Jiménez-Beltrán, Domingo (8771941200)","6603696131; 57511745900; 6506182302; 8349687900; 6603490483; 6601934544; 8771941200","Water and health in Europe: A joint report from the European Environment Agency and the WHO Regional Office for Europe","2002","World Health Organization Regional Publications - European Series","","93","","vii","222","","19","","https://www.scopus.com/inward/record.uri?eid=2-s2.0-0036053378&partnerID=40&md5=a1bb24d38733a4d85c56548b6c0a3604","Review","Final","","Scopus","2-s2.0-0036053378"
"Mercer J.; Bartram J.","Mercer, J. (57210183794); Bartram, J. (6603696131)","57210183794; 6603696131","Worldwide Regulatory Strategies and Policies for Drinking Water","2011","Encyclopedia of Environmental Health, Volume 1-5","5","","","V5","777","772","0","10.1016/B978-0-444-52272-6.00290-7","https://www.scopus.com/inward/record.uri?eid=2-s2.0-85184535203&doi=10.1016%2fB978-0-444-52272-6.00290-7&partnerID=40&md5=14acdb03f30cb91934eef695ced5b445","Book chapter","Final","","Scopus","2-s2.0-85184535203"
"Howard G.; Katrina C.; Pond K.; Brookshaw A.; Hossain H.; Bartram J.","Howard, Guy (7202022099); Katrina, Charles (55643719400); Pond, Kathy (8349687900); Brookshaw, Anca (8617699900); Hossain, Rifat (55929523100); Bartram, Jamie (6603696131)","7202022099; 55643719400; 8349687900; 8617699900; 55929523100; 6603696131","Securing 2020 vision for 2030: Climate change and ensuring resilience in water and sanitation services","2010","Journal of Water and Climate Change","1","1","","2","16","14","92","10.2166/wcc.2010.205","https://www.scopus.com/inward/record.uri?eid=2-s2.0-78650979379&doi=10.2166%2fwcc.2010.205&partnerID=40&md5=0343f95dca33c2057eeb49d6c09833dc","Article","Final","","Scopus","2-s2.0-78650979379"
"Bartram J.","Bartram, Jamie (6603696131)","6603696131","Investigation of sporadic waterborne disease","2002","Drinking Water and Infectious Disease: Establishing the Links","","","","127","129","2","1","10.1201/9781420040524.sec3","https://www.scopus.com/inward/record.uri?eid=2-s2.0-84871099659&doi=10.1201%2f9781420040524.sec3&partnerID=40&md5=b197689fb7c25d991705cd0cab31274d","Editorial","Final","","Scopus","2-s2.0-84871099659"
"Montgomery M.A.; Bartram J.; Elimelech M.","Montgomery, Maggie A. (15757937700); Bartram, Jamie (6603696131); Elimelech, Menachem (56265688700)","15757937700; 6603696131; 56265688700","Increasing functional sustainability of water and sanitation supplies in rural sub-saharan Africa","2009","Environmental Engineering Science","26","5","","1017","1023","6","116","10.1089/ees.2008.0388","https://www.scopus.com/inward/record.uri?eid=2-s2.0-67449089434&doi=10.1089%2fees.2008.0388&partnerID=40&md5=7c415791b73fda55bb2c8cc168487f34","Review","Final","","Scopus","2-s2.0-67449089434"
"Howard G.; Bartram J.","Howard, Guy (7202022099); Bartram, Jamie (6603696131)","7202022099; 6603696131","Effective water supply surveillance in urban areas of developing countries","2005","Journal of Water and Health","3","1","","31","43","12","53","10.2166/wh.2005.0004","https://www.scopus.com/inward/record.uri?eid=2-s2.0-23844472359&doi=10.2166%2fwh.2005.0004&partnerID=40&md5=ee4c33c6606fdf907722a0e7968e2c23","Review","Final","All Open Access; Bronze Open Access","Scopus","2-s2.0-23844472359"
"Bartram J.; Cotruvo J.; Dufour A.; Hazan S.; Tanner B.","Bartram, Jamie (6603696131); Cotruvo, Joseph (7003918868); Dufour, Al (7102685256); Hazan, Stan (6603271979); Tanner, Bob (7102303512)","6603696131; 7003918868; 7102685256; 6603271979; 7102303512","Heterotrophic Plate Count: IJFM Introduction","2004","International Journal of Food Microbiology","92","3","","239","240","1","1","10.1016/j.ijfoodmicro.2003.08.004","https://www.scopus.com/inward/record.uri?eid=2-s2.0-2442431714&doi=10.1016%2fj.ijfoodmicro.2003.08.004&partnerID=40&md5=fe1d6d8b9f811d2fe6b04e94f8e971e5","Conference paper","Final","","Scopus","2-s2.0-2442431714"
"Bartram J.","Bartram, Jamie (6603696131)","6603696131","The World Health Organization in Europe and its role in water and health","1999","Environmentalist","19","1","","17","22","5","3","10.1023/A:1006528704346","https://www.scopus.com/inward/record.uri?eid=2-s2.0-0032984413&doi=10.1023%2fA%3a1006528704346&partnerID=40&md5=0f777d7b3878ab50a09d1961bf84fd98","Article","Final","","Scopus","2-s2.0-0032984413"
"Neira M.; Bartram J.","Neira, Maria (7004024861); Bartram, Jamie (6603696131)","7004024861; 6603696131","Editorial","2007","Journal of Water and Health","5","2","","iii","iv","","0","10.2166/wh.2007.001","https://www.scopus.com/inward/record.uri?eid=2-s2.0-34250632007&doi=10.2166%2fwh.2007.001&partnerID=40&md5=3690ba8cc9b169b88569967f28144098","Editorial","Final","All Open Access; Bronze Open Access","Scopus","2-s2.0-34250632007"
"Brocklehurst C.; Bartram J.","Brocklehurst, Clarissa (35797978100); Bartram, Jamie (6603696131)","35797978100; 6603696131","Swimming upstream: Why sanitation, hygiene and water are so important to mothers and their daughters","2010","Bulletin of the World Health Organization","88","7","","482","","","18","10.2471/BLT.10.080077","https://www.scopus.com/inward/record.uri?eid=2-s2.0-77954493903&doi=10.2471%2fBLT.10.080077&partnerID=40&md5=32444cf47ae943ef89c4b5ace9368ad8","Editorial","Final","All Open Access; Gold Open Access; Green Open Access","Scopus","2-s2.0-77954493903"
"Hutton G.; Haller L.; Bartram J.","Hutton, Guy (7003880733); Haller, Laurence (23492206100); Bartram, Jamie (6603696131)","7003880733; 23492206100; 6603696131","Global cost-benefit analysis of water supply and sanitation interventions","2007","Journal of Water and Health","5","4","","481","501","20","225","10.2166/wh.2007.009","https://www.scopus.com/inward/record.uri?eid=2-s2.0-36849040406&doi=10.2166%2fwh.2007.009&partnerID=40&md5=1462c1e4436331d77f1dc73216a7077a","Article","Final","","Scopus","2-s2.0-36849040406"
"Kirby R.M.; Bartram J.; Carr R.","Kirby, Roy M. (57613710900); Bartram, Jamie (6603696131); Carr, Richard (56216708800)","57613710900; 6603696131; 56216708800","Water in food production and processing: Quantity and quality concerns","2003","Food Control","14","5","","283","299","16","147","10.1016/S0956-7135(02)00090-7","https://www.scopus.com/inward/record.uri?eid=2-s2.0-0038668979&doi=10.1016%2fS0956-7135%2802%2900090-7&partnerID=40&md5=1de59f7119a3375deed5353d862294dc","Article","Final","","Scopus","2-s2.0-0038668979"
"Lloyd B.J.; Bartram J.K.","Lloyd, B.J. (7102899274); Bartram, J.K. (6603696131)","7102899274; 6603696131","Surveillance solutions to microbiological problems in water quality control in developing countries","1991","Water Science and Technology","24","2","","61","75","14","87","10.2166/wst.1991.0031","https://www.scopus.com/inward/record.uri?eid=2-s2.0-0025922790&doi=10.2166%2fwst.1991.0031&partnerID=40&md5=5519da4fd667dcf726d34bf4ce667e77","Conference paper","Final","","Scopus","2-s2.0-0025922790"
"Bartram J.","Bartram, Jamie (6603696131)","6603696131","New water forum will repeat old message","2003","Bulletin of the World Health Organization","81","3","","158","","","7","","https://www.scopus.com/inward/record.uri?eid=2-s2.0-0037235055&partnerID=40&md5=f3f0c9e44bf1d4099c7e87d16911b42f","Editorial","Final","","Scopus","2-s2.0-0037235055"
"Hunter P.R.; Payment P.; Ashbolt N.; Bartram J.","Hunter, P.R. (17135089100); Payment, P. (7005503676); Ashbolt, N. (57222494960); Bartram, J. (6603696131)","17135089100; 7005503676; 57222494960; 6603696131","Assessment of risk","2003","Assessing Microbial Safety of Drinking Water: Improving Approaches and Methods","9789264099470","","","79","109","30","38","10.1787/9789264099470-en","https://www.scopus.com/inward/record.uri?eid=2-s2.0-27544469012&doi=10.1787%2f9789264099470-en&partnerID=40&md5=df0a69e4e80085c090927892f92d0cdb","Book chapter","Final","All Open Access; Green Open Access","Scopus","2-s2.0-27544469012"
"Bartram J.; Cairncross S.","Bartram, Jamie (6603696131); Cairncross, Sandy (7005811380)","6603696131; 7005811380","Hygiene, sanitation, and water: Forgotten foundations of health","2010","PLoS Medicine","7","11","e1000367","","","","513","10.1371/journal.pmed.1000367","https://www.scopus.com/inward/record.uri?eid=2-s2.0-78649926152&doi=10.1371%2fjournal.pmed.1000367&partnerID=40&md5=9841ef2919b8426f0ac9458b8810a712","Article","Final","All Open Access; Gold Open Access; Green Open Access","Scopus","2-s2.0-78649926152"
"Rooney R.M.; Bartram J.K.; Cramer E.H.; Mantha S.; Nichols G.; Suraj R.; Todd E.C.D.","Rooney, Roisin M. (55977654000); Bartram, Jamie K. (6603696131); Cramer, Elaine H. (35450250100); Mantha, Stacey (7003972085); Nichols, Gordon (7103355046); Suraj, Rohini (6504125172); Todd, Ewen C.D. (17136183300)","55977654000; 6603696131; 35450250100; 7003972085; 7103355046; 6504125172; 17136183300","A review of outbreaks of waterborne disease associated with ships: Evidence for risk management","2004","Public Health Reports","119","4","","435","442","7","31","10.1016/j.phr.2004.05.008","https://www.scopus.com/inward/record.uri?eid=2-s2.0-3242730378&doi=10.1016%2fj.phr.2004.05.008&partnerID=40&md5=98c7ed1dbf5f30a6a317ccfaf1900edb","Article","Final","All Open Access; Green Open Access","Scopus","2-s2.0-3242730378"
"Chorus I.; Falconer I.R.; Salas H.J.; Bartram J.","Chorus, Ingrid (6603879581); Falconer, Ian R. (7005517726); Salas, Henry J. (6603766025); Bartram, Jamie (6603696131)","6603879581; 7005517726; 6603766025; 6603696131","Health risks caused by freshwater cyanobacteria in recreational waters","2000","Journal of Toxicology and Environmental Health - Part B: Critical Reviews","3","4","","323","347","24","361","10.1080/109374000436364","https://www.scopus.com/inward/record.uri?eid=2-s2.0-0033791781&doi=10.1080%2f109374000436364&partnerID=40&md5=fe532c1be743db981f71d873574f3b2b","Review","Final","","Scopus","2-s2.0-0033791781"
"Bartram J.; Hueb J.","Bartram, Jamie (6603696131); Hueb, José (6508046299)","6603696131; 6508046299","Is Global Clean Water Attainable?","2008","Fighting Infection in the 21st Century","","","","37","60","23","0","10.1002/9780470695951.ch3","https://www.scopus.com/inward/record.uri?eid=2-s2.0-84948741092&doi=10.1002%2f9780470695951.ch3&partnerID=40&md5=b5ded56c06ffbe62432b4940b0165a33","Book chapter","Final","","Scopus","2-s2.0-84948741092"
"Itoh S.; Gordon B.A.; Callan P.; Bartram J.","Itoh, Sadahiko (7403114592); Gordon, Bruce A. (50161377600); Callan, Philip (57189608104); Bartram, Jamie (6603696131)","7403114592; 50161377600; 57189608104; 6603696131","Regulations and perspectives on disinfection by-products: Importance of estimating overall toxicity","2011","Journal of Water Supply: Research and Technology - AQUA","60","5","","261","274","13","36","10.2166/aqua.2011.068","https://www.scopus.com/inward/record.uri?eid=2-s2.0-80051898301&doi=10.2166%2faqua.2011.068&partnerID=40&md5=b0c249f5719ac8e47975f5295ce74410","Article","Final","All Open Access; Green Open Access","Scopus","2-s2.0-80051898301"
"Kay D.; Bartram J.; Prüss A.; Ashbolt N.; Wyer M.D.; Fleisher J.M.; Fewtrell L.; Rogers A.; Rees G.","Kay, David (7102720901); Bartram, Jamie (6603696131); Prüss, Annette (7005564927); Ashbolt, Nick (57222494960); Wyer, Mark D. (35615533100); Fleisher, Jay M. (7004011248); Fewtrell, Lorna (6603864414); Rogers, Alan (57214121584); Rees, Gareth (55696237900)","7102720901; 6603696131; 7005564927; 57222494960; 35615533100; 7004011248; 6603864414; 57214121584; 55696237900","Derivation of numerical values for the World Health Organization guidelines for recreational waters","2004","Water Research","38","5","","1296","1304","8","98","10.1016/j.watres.2003.11.032","https://www.scopus.com/inward/record.uri?eid=2-s2.0-1242317819&doi=10.1016%2fj.watres.2003.11.032&partnerID=40&md5=eb4dadd1e40e0fffc9ea81760745caaa","Article","Final","","Scopus","2-s2.0-1242317819"
"Rahman Z.; Crocker J.; Chang K.; Khush R.; Bartram J.","Rahman, Zarah (25223475800); Crocker, Jonny (55328328900); Chang, Kang (55836138800); Khush, Ranjiv (57151083100); Bartram, Jamie (6603696131)","25223475800; 55328328900; 55836138800; 57151083100; 6603696131","A comparative assessment of institutional frameworks for managing drinking water quality","2011","Journal of Water Sanitation and Hygiene for Development","1","4","","242","258","16","31","10.2166/washdev.2011.002","https://www.scopus.com/inward/record.uri?eid=2-s2.0-84881488719&doi=10.2166%2fwashdev.2011.002&partnerID=40&md5=bb7bd9a6c59829155a31ea1fe2f906d1","Article","Final","","Scopus","2-s2.0-84881488719"
"de Roda Husman A.M.; Bartram J.","de Roda Husman, Ana Maria (6602685033); Bartram, Jamie (6603696131)","6602685033; 6603696131","Chapter 7 Global Supply of Virus-Safe Drinking Water","2007","Perspectives in Medical Virology","17","","","127","162","35","15","10.1016/S0168-7069(07)17007-5","https://www.scopus.com/inward/record.uri?eid=2-s2.0-34548416720&doi=10.1016%2fS0168-7069%2807%2917007-5&partnerID=40&md5=f03e8fc4037a2cb6343cf3248d84c865","Review","Final","All Open Access; Green Open Access","Scopus","2-s2.0-34548416720"
"Prüss A.; Kay D.; Fewtrell L.; Bartram J.","Prüss, Annette (7005564927); Kay, David (7102720901); Fewtrell, Lorna (6603864414); Bartram, Jamie (6603696131)","7005564927; 7102720901; 6603864414; 6603696131","Estimating the burden of disease from water, sanitation, and hygiene at a global level","2002","Environmental Health Perspectives","110","5","","537","542","5","569","10.1289/ehp.02110537","https://www.scopus.com/inward/record.uri?eid=2-s2.0-0036100176&doi=10.1289%2fehp.02110537&partnerID=40&md5=82cc3d028850741a0a288be66a06b016","Article","Final","All Open Access; Green Open Access","Scopus","2-s2.0-0036100176"
"Bartram J.; Lewis K.; Lenton R.; Wright A.","Bartram, Jamie (6603696131); Lewis, Kristen (57213509511); Lenton, Roberto (57188800680); Wright, Albert (57198696840)","6603696131; 57213509511; 57188800680; 57198696840","Focusing on improved water and sanitation for health","2005","Lancet","365","9461","","810","812","2","174","10.1016/S0140-6736(05)71007-2","https://www.scopus.com/inward/record.uri?eid=2-s2.0-14644391510&doi=10.1016%2fS0140-6736%2805%2971007-2&partnerID=40&md5=35a027199be6408af9c54eb8c2ab072a","Short survey","Final","","Scopus","2-s2.0-14644391510"
"Bartram J.","Bartram, Jamie (6603696131)","6603696131","Flowing away: Water and health opportunities","2008","Bulletin of the World Health Organization","86","1","","2","","","15","10.2471/BLT.07.049619","https://www.scopus.com/inward/record.uri?eid=2-s2.0-38049069767&doi=10.2471%2fBLT.07.049619&partnerID=40&md5=eb99c1e853129e06af556152eda532ec","Editorial","Final","All Open Access; Gold Open Access; Green Open Access","Scopus","2-s2.0-38049069767"
"Bartram J.; Hueb J.","Bartram, J. (6603696131); Hueb, J. (6508046299)","6603696131; 6508046299","'Safe' drinking water worldwide.","2000","Schriftenreihe des Vereins für Wasser-, Boden- und Lufthygiene","108","","","24","44","20","2","","https://www.scopus.com/inward/record.uri?eid=2-s2.0-0034569273&partnerID=40&md5=192024dbae34d60fe82ee93ec1a90348","Article","Final","","Scopus","2-s2.0-0034569273"
"Thompson T.; Sobsey M.; Bartram J.","Thompson, T. (7401553900); Sobsey, M. (7005538244); Bartram, J. (6603696131)","7401553900; 7005538244; 6603696131","Providing clean water, keeping water clean: An integrated approach","2003","International Journal of Environmental Health Research","13","SUPPL. 1","","S89","S94","5","32","10.1080/0960312031000102840","https://www.scopus.com/inward/record.uri?eid=2-s2.0-0038575736&doi=10.1080%2f0960312031000102840&partnerID=40&md5=151bca28d0cde58833473dcd84c8b996","Conference paper","Final","","Scopus","2-s2.0-0038575736"
"Younes M.; Bartram J.","Younes, M. (7102324273); Bartram, J. (6603696131)","7102324273; 6603696131","Waterborne health risks and the WHO perspective","2001","International Journal of Hygiene and Environmental Health","204","4","","255","263","8","15","10.1078/1438-4639-00081","https://www.scopus.com/inward/record.uri?eid=2-s2.0-0035694721&doi=10.1078%2f1438-4639-00081&partnerID=40&md5=5312c7cbf7d901de173006c2f07f8366","Conference paper","Final","","Scopus","2-s2.0-0035694721"
"Bartram J.; Evans B.; Hantke-Domas M.; Howard G.; Hutton G.; von Sperling M.","Bartram, Jamie (6603696131); Evans, Barbara (57199313235); Hantke-Domas, Michael (8899533000); Howard, Guy (7202022099); Hutton, Guy (7003880733); von Sperling, Marcos (7004116660)","6603696131; 57199313235; 8899533000; 7202022099; 7003880733; 7004116660","Editorial","2011","Journal of Water Sanitation and Hygiene for Development","1","1","","1","2","1","0","10.2166/washdev.2011.0001","https://www.scopus.com/inward/record.uri?eid=2-s2.0-84883019086&doi=10.2166%2fwashdev.2011.0001&partnerID=40&md5=01aa8a94c52bf8176a0d122ba9261a61","Editorial","Final","","Scopus","2-s2.0-84883019086"
"Howard G.; Bartram J.","Howard, Guy (7202022099); Bartram, Jamie (6603696131)","7202022099; 6603696131","The new WHO Guidelines: Establishing comprehensive water-safety frameworks","2005","Waterlines","23","4","","4","7","3","1","10.3362/0262-8104.2005.015","https://www.scopus.com/inward/record.uri?eid=2-s2.0-33845692366&doi=10.3362%2f0262-8104.2005.015&partnerID=40&md5=42ba4ec97777634570d2424ae1acabba","Review","Final","","Scopus","2-s2.0-33845692366"
"Robertson W.; Stanfield G.; Howard G.; Bartram J.","Robertson, W. (7402990681); Stanfield, G. (6603070435); Howard, G. (7202022099); Bartram, J. (6603696131)","7402990681; 6603070435; 7202022099; 6603696131","Monitoring the quality of drinking water during storage and distribution","2003","Assessing Microbial Safety of Drinking Water: Improving Approaches and Methods","9789264099470","","","179","204","25","8","10.1787/9789264099470-en","https://www.scopus.com/inward/record.uri?eid=2-s2.0-47249119067&doi=10.1787%2f9789264099470-en&partnerID=40&md5=3f5451cf5728f5d460b10d713c050c65","Book chapter","Final","All Open Access; Green Open Access","Scopus","2-s2.0-47249119067"
"Bartram J.; Lloyd B.","Bartram, J. (6603696131); Lloyd, B. (7102899274)","6603696131; 7102899274","Water use in the Andes","1992","WATERLINES","10","3","","2","4","2","0","10.3362/0262-8104.1992.001","https://www.scopus.com/inward/record.uri?eid=2-s2.0-0026788594&doi=10.3362%2f0262-8104.1992.001&partnerID=40&md5=90aa1b6eff4f3409bd9e07223890177f","Article","Final","","Scopus","2-s2.0-0026788594"
