"Authors","Author full names","Author(s) ID","Title","Year","Source title","Volume","Issue","Art. No.","Page start","Page end","Page count","Cited by","DOI","Link","Document Type","Publication Stage","Open Access","Source","EID"
"Tay Y.Y; Stewart D.I; Cousens T.W","Tay, Y.Y (7004818423); Stewart, D.I (35305889000); Cousens, T.W (6603394803)","7004818423; 35305889000; 6603394803","Shrinkage and desiccation cracking in bentonite-sand landfill liners","2001","Engineering Geology","60","1-4","","263","274","11","164","10.1016/S0013-7952(00)00107-1","https://www.scopus.com/inward/record.uri?eid=2-s2.0-0035363204&doi=10.1016%2fS0013-7952%2800%2900107-1&partnerID=40&md5=8f9bdfa2a8c8dab2446a7f4931902847","Article","Final","","Scopus","2-s2.0-0035363204"
"Xia X.; Stewart D.I.; Cheng L.; Liu Y.; Wang Y.; Ding A.","Xia, Xuefeng (57203392769); Stewart, Douglas Ian (35305889000); Cheng, Lirong (35291208100); Liu, Yueqiao (56611743300); Wang, Yingying (55734592900); Ding, Aizhong (8256512800)","57203392769; 35305889000; 35291208100; 56611743300; 55734592900; 8256512800","Variation of bacterial community and alkane monooxygenase gene abundance in diesel n-alkane contaminated subsurface environment under seasonal water table fluctuation","2022","Journal of Contaminant Hydrology","248","","104017","","","","4","10.1016/j.jconhyd.2022.104017","https://www.scopus.com/inward/record.uri?eid=2-s2.0-85129537932&doi=10.1016%2fj.jconhyd.2022.104017&partnerID=40&md5=cf0d49a69a9d3786243b811f6cc51348","Article","Final","All Open Access; Green Open Access","Scopus","2-s2.0-85129537932"
"Stewart D.I.; Cousens T.W.; Studds P.G.; Tay Y.Y.","Stewart, D.I. (35305889000); Cousens, T.W. (6603394803); Studds, P.G. (6506998748); Tay, Y.Y. (7004818423)","35305889000; 6603394803; 6506998748; 7004818423","Design parameters for bentonïteenhanced sand as a landfill liner","1999","Proceedings of the Institution of Civil Engineers: Geotechnical Engineering","137","4","","189","195","6","28","10.1680/gt.1999.370404","https://www.scopus.com/inward/record.uri?eid=2-s2.0-0033510382&doi=10.1680%2fgt.1999.370404&partnerID=40&md5=08f0345be7f8cd325b09642802b6327e","Article","Final","","Scopus","2-s2.0-0033510382"
"Stewart D.I.; Jared West L.; Richard Johnston S.; Binley A.M.","Stewart, Douglas I. (35305889000); Jared West, L. (55665300300); Richard Johnston, S. (36490392700); Binley, Andrew M. (7004203549)","35305889000; 55665300300; 36490392700; 7004203549","Electrokinetic transport in natural soil cores","1997","Studies in Environmental Science","71","C","","689","698","9","1","10.1016/S0166-1116(97)80252-X","https://www.scopus.com/inward/record.uri?eid=2-s2.0-77956797367&doi=10.1016%2fS0166-1116%2897%2980252-X&partnerID=40&md5=4d1359ac85d720953601c0dc1a5617df","Book chapter","Final","","Scopus","2-s2.0-77956797367"
"Barton C.S.; Stewart D.I.; Morris K.; Bryant D.E.","Barton, Catherine S. (7202585629); Stewart, Douglas I. (35305889000); Morris, Katherine (7202939108); Bryant, David E. (7202225543)","7202585629; 35305889000; 7202939108; 7202225543","Performance of three resin-based materials for treating uranium-contaminated groundwater within a PRB","2004","Journal of Hazardous Materials","116","3","","191","204","13","73","10.1016/j.jhazmat.2004.08.028","https://www.scopus.com/inward/record.uri?eid=2-s2.0-10444253902&doi=10.1016%2fj.jhazmat.2004.08.028&partnerID=40&md5=7c3665da0357f14d3a48ee244016f153","Article","Final","All Open Access; Green Open Access","Scopus","2-s2.0-10444253902"
"Burke I.T.; Mortimer R.J.G.; Palaniyandi S.; Whittleston R.A.; Lockwood C.L.; Ashley D.J.; Stewart D.I.","Burke, Ian T. (8600041800); Mortimer, Robert J. G. (7101740764); Palaniyandi, Shanmugam (55351973900); Whittleston, Robert A. (35367403300); Lockwood, Cindy L. (55352217200); Ashley, David J. (38560910500); Stewart, Douglas I. (35305889000)","8600041800; 7101740764; 55351973900; 35367403300; 55352217200; 38560910500; 35305889000","Biogeochemical Reduction Processes in a Hyper-Alkaline Leachate Affected Soil Profile","2012","Geomicrobiology Journal","29","9","","769","779","10","26","10.1080/01490451.2011.619638","https://www.scopus.com/inward/record.uri?eid=2-s2.0-84865810447&doi=10.1080%2f01490451.2011.619638&partnerID=40&md5=3559ff3132747e0273937a310794631e","Article","Final","All Open Access; Green Open Access","Scopus","2-s2.0-84865810447"
"Whittleston R.A.; Stewart D.I.; Mortimer R.J.G.; Tilt Z.C.; Brown A.P.; Geraki K.; Burke I.T.","Whittleston, Robert A. (35367403300); Stewart, Douglas I. (35305889000); Mortimer, Robert J.G. (7101740764); Tilt, Zana C. (47962521500); Brown, Andrew P. (7408338729); Geraki, Kalotina (6602475007); Burke, Ian T. (8600041800)","35367403300; 35305889000; 7101740764; 47962521500; 7408338729; 6602475007; 8600041800","Chromate reduction in Fe(II)-containing soil affected by hyperalkaline leachate from chromite ore processing residue","2011","Journal of Hazardous Materials","194","","","15","23","8","54","10.1016/j.jhazmat.2011.07.067","https://www.scopus.com/inward/record.uri?eid=2-s2.0-80053894274&doi=10.1016%2fj.jhazmat.2011.07.067&partnerID=40&md5=061e293d3bebec2526eb22ced55cbf71","Article","Final","","Scopus","2-s2.0-80053894274"
"Zhai J.; Burke I.T.; Stewart D.I.","Zhai, Jihua (57191161544); Burke, Ian T. (8600041800); Stewart, Douglas I. (35305889000)","57191161544; 8600041800; 35305889000","Beneficial management of biomass combustion ashes","2021","Renewable and Sustainable Energy Reviews","151","","111555","","","","95","10.1016/j.rser.2021.111555","https://www.scopus.com/inward/record.uri?eid=2-s2.0-85112247832&doi=10.1016%2fj.rser.2021.111555&partnerID=40&md5=05d30344400e25388406696d4c78ff82","Review","Final","All Open Access; Green Open Access","Scopus","2-s2.0-85112247832"
"Stewart D.I.","Stewart, Douglas I. (35305889000)","35305889000","Editorial","2013","Proceedings of the Institution of Civil Engineers: Engineering Sustainability","166","4","","163","164","1","0","10.1680/ensu.2013.166.4.163","https://www.scopus.com/inward/record.uri?eid=2-s2.0-84885132509&doi=10.1680%2fensu.2013.166.4.163&partnerID=40&md5=a7b89fb26d998f50fa6eb569e07e110f","Editorial","Final","All Open Access; Green Open Access","Scopus","2-s2.0-84885132509"
"Wu J.; West L.J.; Stewart D.I.","Wu, J. (58419956900); West, L.J. (55665300300); Stewart, D.I. (35305889000)","58419956900; 55665300300; 35305889000","Effect of humic substances on Cu(II) solubility in kaolin-sand soil","2002","Journal of Hazardous Materials","94","3","","223","238","15","73","10.1016/S0304-3894(02)00082-1","https://www.scopus.com/inward/record.uri?eid=2-s2.0-0037078787&doi=10.1016%2fS0304-3894%2802%2900082-1&partnerID=40&md5=9d64b78e406e3d719dac3644b253a841","Article","Final","All Open Access; Green Open Access","Scopus","2-s2.0-0037078787"
"Hobson A.J.; Stewart D.I.; Bray A.W.; Mortimer R.J.G.; Mayes W.M.; Riley A.L.; Rogerson M.; Burke I.T.","Hobson, Andrew J. (9338433300); Stewart, Douglas I. (35305889000); Bray, Andrew W. (54396706900); Mortimer, Robert J.G. (7101740764); Mayes, William M. (16307232200); Riley, Alex L. (57197610313); Rogerson, Michael (7004689703); Burke, Ian T. (8600041800)","9338433300; 35305889000; 54396706900; 7101740764; 16307232200; 57197610313; 7004689703; 8600041800","Behaviour and fate of vanadium during the aerobic neutralisation of hyperalkaline slag leachate","2018","Science of the Total Environment","643","","","1191","1199","8","22","10.1016/j.scitotenv.2018.06.272","https://www.scopus.com/inward/record.uri?eid=2-s2.0-85049316968&doi=10.1016%2fj.scitotenv.2018.06.272&partnerID=40&md5=7299c57d1ce177b577cb349735dee962","Article","Final","All Open Access; Green Open Access; Hybrid Gold Open Access","Scopus","2-s2.0-85049316968"
"Stewart D.I.; Vasconcelos E.J.R.; Burke I.T.; Baker A.","Stewart, Douglas I. (35305889000); Vasconcelos, Elton J.R. (57216032346); Burke, Ian T. (8600041800); Baker, Alison (7403520433)","35305889000; 57216032346; 8600041800; 7403520433","Metagenomes from microbial populations beneath a chromium waste tip give insight into the mechanism of Cr (VI) reduction","2024","Science of the Total Environment","931","","172507","","","","0","10.1016/j.scitotenv.2024.172507","https://www.scopus.com/inward/record.uri?eid=2-s2.0-85192089947&doi=10.1016%2fj.scitotenv.2024.172507&partnerID=40&md5=6b53bfa72be14287f41d261d2a54e516","Article","Final","All Open Access; Green Open Access; Hybrid Gold Open Access","Scopus","2-s2.0-85192089947"
"Aldmour S.T.; Burke I.T.; Bray A.W.; Baker D.L.; Ross A.B.; Gill F.L.; Cibin G.; Ries M.E.; Stewart D.I.","Aldmour, Suha T. (57205182927); Burke, Ian T. (8600041800); Bray, Andrew W. (54396706900); Baker, Daniel L. (57203745806); Ross, Andrew B. (7402567700); Gill, Fiona L. (27867747800); Cibin, Giannantonio (6603438328); Ries, Michael E. (7102933998); Stewart, Douglas I. (35305889000)","57205182927; 8600041800; 54396706900; 57203745806; 7402567700; 27867747800; 6603438328; 7102933998; 35305889000","Abiotic reduction of Cr(VI) by humic acids derived from peat and lignite: kinetics and removal mechanism","2019","Environmental Science and Pollution Research","26","5","","4717","4729","12","53","10.1007/s11356-018-3902-1","https://www.scopus.com/inward/record.uri?eid=2-s2.0-85058956571&doi=10.1007%2fs11356-018-3902-1&partnerID=40&md5=1fa406b928af628ec5e7c708a21903a7","Article","Final","All Open Access; Green Open Access; Hybrid Gold Open Access","Scopus","2-s2.0-85058956571"
"Mollins L.H.; Stewart D.I.; Cousens T.W.","Mollins, L.H. (6505966555); Stewart, D.I. (35305889000); Cousens, T.W. (6603394803)","6505966555; 35305889000; 6603394803","Drained strength of bentonite-enhanced sand","1999","Geotechnique","49","4","","523","528","5","35","10.1680/geot.1999.49.4.523","https://www.scopus.com/inward/record.uri?eid=2-s2.0-0033178948&doi=10.1680%2fgeot.1999.49.4.523&partnerID=40&md5=4cfc4aecb39948c866503155a0eaf9d5","Article","Final","All Open Access; Green Open Access","Scopus","2-s2.0-0033178948"
"Jones C.A.; Stewart D.I.; Danilewicz C.J.","Jones, C.A. (57198787485); Stewart, D.I. (35305889000); Danilewicz, C.J. (25927832800)","57198787485; 35305889000; 25927832800","Discussion: Bridge distress caused by approach embankment settlement","2009","Proceedings of the Institution of Civil Engineers: Geotechnical Engineering","162","2","","129","132","3","0","10.1680/geng.2009.162.2.129","https://www.scopus.com/inward/record.uri?eid=2-s2.0-67949103424&doi=10.1680%2fgeng.2009.162.2.129&partnerID=40&md5=0ed71d9417e9520a190a1382c0dceade","Note","Final","","Scopus","2-s2.0-67949103424"
"Hobson A.J.; Stewart D.I.; Bray A.W.; Mortimer R.J.G.; Mayes W.M.; Rogerson M.; Burke I.T.","Hobson, Andrew J. (9338433300); Stewart, Douglas I. (35305889000); Bray, Andrew W. (54396706900); Mortimer, Robert J. G. (7101740764); Mayes, William M. (16307232200); Rogerson, Michael (7004689703); Burke, Ian T. (8600041800)","9338433300; 35305889000; 54396706900; 7101740764; 16307232200; 7004689703; 8600041800","Mechanism of Vanadium Leaching during Surface Weathering of Basic Oxygen Furnace Steel Slag Blocks: A Microfocus X-ray Absorption Spectroscopy and Electron Microscopy Study","2017","Environmental Science and Technology","51","14","","7823","7830","7","63","10.1021/acs.est.7b00874","https://www.scopus.com/inward/record.uri?eid=2-s2.0-85025648489&doi=10.1021%2facs.est.7b00874&partnerID=40&md5=9cf5e7f8b1c149e23b46c3e9079f0291","Article","Final","All Open Access; Green Open Access; Hybrid Gold Open Access","Scopus","2-s2.0-85025648489"
"Fuller S.J.; Burke I.T.; McMillan D.G.G.; Ding W.; Stewart D.I.","Fuller, Samuel J. (55640301000); Burke, Ian T. (8600041800); McMillan, Duncan G. G. (17343778400); Ding, Weixuan (56681639600); Stewart, Douglas I. (35305889000)","55640301000; 8600041800; 17343778400; 56681639600; 35305889000","Population changes in a community of alkaliphilic iron-reducing bacteria due to changes in the electron acceptor: Implications for bioremediation at alkaline Cr(VI)-contaminated sites","2015","Water, Air, and Soil Pollution","226","6","180","","","","24","10.1007/s11270-015-2437-z","https://www.scopus.com/inward/record.uri?eid=2-s2.0-84930959090&doi=10.1007%2fs11270-015-2437-z&partnerID=40&md5=e31a6a2b1703114e44ee028be88c5530","Article","Final","All Open Access; Green Open Access; Hybrid Gold Open Access","Scopus","2-s2.0-84930959090"
"Fuller S.J.; McMillan D.G.G.; Renz M.B.; Schmidt M.; Burke I.T.; Stewart D.I.","Fuller, Samuel J. (55640301000); McMillan, Duncan G.G. (17343778400); Renz, Marc B. (57196669901); Schmidt, Martin (58333325000); Burke, Ian T. (8600041800); Stewart, Douglas I. (35305889000)","55640301000; 17343778400; 57196669901; 58333325000; 8600041800; 35305889000","Extracellular electron transport-mediated fe(iii) reduction by a community of alkaliphilic bacteria that use flavins as electron shuttles","2014","Applied and Environmental Microbiology","80","1","","128","137","9","105","10.1128/AEM.02282-13","https://www.scopus.com/inward/record.uri?eid=2-s2.0-84891070616&doi=10.1128%2fAEM.02282-13&partnerID=40&md5=3991f5f9c2455d3b108f94256b33d756","Article","Final","All Open Access; Bronze Open Access; Green Open Access","Scopus","2-s2.0-84891070616"
"Lockwood C.L.; Stewart D.I.; Mortimer R.J.G.; Mayes W.M.; Jarvis A.P.; Gruiz K.; Burke I.T.","Lockwood, Cindy L. (55352217200); Stewart, Douglas I. (35305889000); Mortimer, Robert J. G. (7101740764); Mayes, William M. (16307232200); Jarvis, Adam P. (7006284417); Gruiz, Katalin (55939851200); Burke, Ian T. (8600041800)","55352217200; 35305889000; 7101740764; 16307232200; 7006284417; 55939851200; 8600041800","Leaching of copper and nickel in soil-water systems contaminated by bauxite residue (Red mud) from Ajka, Hungary: The importance of soil organic matter","2015","Environmental Science and Pollution Research","22","14","","10800","10810","10","57","10.1007/s11356-015-4282-4","https://www.scopus.com/inward/record.uri?eid=2-s2.0-84987688224&doi=10.1007%2fs11356-015-4282-4&partnerID=40&md5=2c5e001aedc01f8e4d6fb6f095d0e079","Article","Final","All Open Access; Green Open Access; Hybrid Gold Open Access","Scopus","2-s2.0-84987688224"
"Baqer Y.; Thornton S.; Stewart D.I.; Norris S.; Chen X.H.","Baqer, Yousef (57188701864); Thornton, Steven (7101689883); Stewart, Douglas I. (35305889000); Norris, Simon (13604927500); Chen, XiaoHui (55571370200)","57188701864; 7101689883; 35305889000; 13604927500; 55571370200","Analysis of Uranium Sorption in a Laboratory Column Experiment Using a Reactive Transport and Surface Complexation Model","2023","Transport in Porous Media","149","2","","423","452","29","5","10.1007/s11242-023-01956-y","https://www.scopus.com/inward/record.uri?eid=2-s2.0-85160832838&doi=10.1007%2fs11242-023-01956-y&partnerID=40&md5=98ef02f6956feafa1cdf856b917987f6","Article","Final","All Open Access; Hybrid Gold Open Access","Scopus","2-s2.0-85160832838"
"Studds P.G.; Stewart D.I.; Cousens T.W.","Studds, P.G. (6506998748); Stewart, D.I. (35305889000); Cousens, T.W. (6603394803)","6506998748; 35305889000; 6603394803","The effects of salt solutions on the properties of bentonite-sand mixtures","1998","Clay Minerals","33","4","","651","660","9","136","10.1180/claymin.1998.033.4.12","https://www.scopus.com/inward/record.uri?eid=2-s2.0-85047669408&doi=10.1180%2fclaymin.1998.033.4.12&partnerID=40&md5=b50a2e3816054226c9b2da8da1e67450","Article","Final","","Scopus","2-s2.0-85047669408"
"Charles-Cruz C.A.; Cousens T.W.; Stewart D.I.","Charles-Cruz, C.A. (12761033100); Cousens, T.W. (6603394803); Stewart, D.I. (35305889000)","12761033100; 6603394803; 35305889000","Compressibility and creep behaviour of hydraulically placed PFA and mine tailings fills","2008","12th International Conference on Computer Methods and Advances in Geomechanics 2008","3","","","2269","2276","7","7","","https://www.scopus.com/inward/record.uri?eid=2-s2.0-84869844102&partnerID=40&md5=a52e2237db9e7d1dfdfdd8a375ca2bfb","Conference paper","Final","","Scopus","2-s2.0-84869844102"
"West L.J.; Stewart D.I.; Binley A.M.; Shaw B.","West, L.J. (55665300300); Stewart, D.I. (35305889000); Binley, A.M. (7004203549); Shaw, B. (36923707300)","55665300300; 35305889000; 7004203549; 36923707300","Resistivity imaging of soil during electrokinetic transport","1999","Engineering Geology","53","2","","205","215","10","29","10.1016/S0013-7952(99)00034-4","https://www.scopus.com/inward/record.uri?eid=2-s2.0-0032774777&doi=10.1016%2fS0013-7952%2899%2900034-4&partnerID=40&md5=9ded8d252247fc36fab81b3bd9a50870","Article","Final","","Scopus","2-s2.0-0032774777"
"Tompkins D.C.; Stewart D.I.; Graham J.T.; Burke I.T.","Tompkins, Danielle C. (57537893600); Stewart, Douglas I. (35305889000); Graham, James T. (57188854692); Burke, Ian T. (8600041800)","57537893600; 35305889000; 57188854692; 8600041800","In situ disposal of crushed concrete waste as void fill material at UK nuclear sites: Leaching behavior and effect of pH on trace element release","2022","Journal of Hazardous Materials Advances","5","","100043","","","","3","10.1016/j.hazadv.2021.100043","https://www.scopus.com/inward/record.uri?eid=2-s2.0-85159173841&doi=10.1016%2fj.hazadv.2021.100043&partnerID=40&md5=dadfe0f67a43765187aea21e3edc144b","Article","Final","All Open Access; Gold Open Access; Green Open Access","Scopus","2-s2.0-85159173841"
"Stewart D.I.; Clarke B.G.","Stewart, Douglas I. (35305889000); Clarke, Barry G. (7202373850)","35305889000; 7202373850","Editorial","2020","Environmental Geotechnics","7","7","","445","446","1","0","10.1680/jenge.2020.7.7.445","https://www.scopus.com/inward/record.uri?eid=2-s2.0-85095410354&doi=10.1680%2fjenge.2020.7.7.445&partnerID=40&md5=4401d7004ed3d279806c46eb72b157b5","Editorial","Final","All Open Access; Green Open Access","Scopus","2-s2.0-85095410354"
"Gomes H.I.; Mayes W.M.; Baxter H.A.; Jarvis A.P.; Burke I.T.; Stewart D.I.; Rogerson M.","Gomes, Helena I. (8639516500); Mayes, William M. (16307232200); Baxter, Helen A. (57194702044); Jarvis, Adam P. (7006284417); Burke, Ian T. (8600041800); Stewart, Douglas I. (35305889000); Rogerson, Mike (7004689703)","8639516500; 16307232200; 57194702044; 7006284417; 8600041800; 35305889000; 7004689703","Options for managing alkaline steel slag leachate: A life cycle assessment","2018","Journal of Cleaner Production","202","","","401","412","11","28","10.1016/j.jclepro.2018.08.163","https://www.scopus.com/inward/record.uri?eid=2-s2.0-85051920606&doi=10.1016%2fj.jclepro.2018.08.163&partnerID=40&md5=298cb8c5b106af2552c2a473b20b3ce9","Article","Final","All Open Access; Green Open Access; Hybrid Gold Open Access","Scopus","2-s2.0-85051920606"
"Stewart D.I.; Tay Y.Y.; Cousens T.W.","Stewart, D.I. (35305889000); Tay, Y.Y. (7004818423); Cousens, T.W. (6603394803)","35305889000; 7004818423; 6603394803","The strength of unsaturated bentonite-enhanced sand","2001","Geotechnique","51","9","","767","775","8","2","10.1680/geot.2001.51.9.767","https://www.scopus.com/inward/record.uri?eid=2-s2.0-0035521788&doi=10.1680%2fgeot.2001.51.9.767&partnerID=40&md5=98843eb1ebc78d74e67d6b8058042416","Article","Final","","Scopus","2-s2.0-0035521788"
"Vidal-Durà A.; Burke I.T.; Mortimer R.J.G.; Stewart D.I.","Vidal-Durà, Andrea (57201457866); Burke, Ian T. (8600041800); Mortimer, Robert J.G. (7101740764); Stewart, Douglas I. (35305889000)","57201457866; 8600041800; 7101740764; 35305889000","Diversity patterns of benthic bacterial communities along the salinity continuum of the Humber estuary (UK)","2018","Aquatic Microbial Ecology","81","3","","277","291","14","14","10.3354/ame01875","https://www.scopus.com/inward/record.uri?eid=2-s2.0-85056221405&doi=10.3354%2fame01875&partnerID=40&md5=44ae918938a516157f6c79a053b85498","Article","Final","All Open Access; Bronze Open Access; Green Open Access","Scopus","2-s2.0-85056221405"
"Sapsford D.J.; Stewart D.I.; Sinnett D.E.; Burke I.T.; Cleall P.J.; Harbottle M.J.; Mayes W.; Owen N.E.; Sardo A.M.; Weightman A.","Sapsford, Devin J. (23012420800); Stewart, Douglas I. (35305889000); Sinnett, Danielle E. (15053768100); Burke, Ian T. (8600041800); Cleall, Peter J. (6603271515); Harbottle, Michael J. (12770958300); Mayes, Will (16307232200); Owen, Nia E. (57201838162); Sardo, Ana Margarida (8631969900); Weightman, Andrew (7004346862)","23012420800; 35305889000; 15053768100; 8600041800; 6603271515; 12770958300; 16307232200; 57201838162; 8631969900; 7004346862","Circular economy landfills for temporary storage and treatment of mineral-rich wastes","2023","Proceedings of Institution of Civil Engineers: Waste and Resource Management","176","2","","77","93","16","7","10.1680/jwarm.22.00008","https://www.scopus.com/inward/record.uri?eid=2-s2.0-85152391653&doi=10.1680%2fjwarm.22.00008&partnerID=40&md5=ecb8fe592db48be50687dae800c6e1c8","Article","Final","All Open Access; Green Open Access","Scopus","2-s2.0-85152391653"
"Stewart D.I.; Cousens T.W.; Charles-Cruz C.A.","Stewart, D.I. (35305889000); Cousens, T.W. (6603394803); Charles-Cruz, C.A. (12761033100)","35305889000; 6603394803; 12761033100","The interpretation of CPT data from hydraulically placed PFA","2005","Geoenvironmental Engineering: Integrated Management of Groundwater and Contaminated Land - Fourth British Geotechnical Association Conference","","","","307","318","11","0","","https://www.scopus.com/inward/record.uri?eid=2-s2.0-33644621974&partnerID=40&md5=90d990dae43d0de38841c9cfb193faf5","Conference paper","Final","","Scopus","2-s2.0-33644621974"
"Roehl K.E.; Meggyes T.; Simon F.-G.; Stewart D.I.","Roehl, Karl Ernst (6603754552); Meggyes, Tamás (16425688100); Simon, Franz-Georg (7201952485); Stewart, D.I. (35305889000)","6603754552; 16425688100; 7201952485; 35305889000","Preface","2005","Trace Metals and other Contaminants in the Environment","7","C","","xi","xiv","","0","10.1016/S0927-5215(05)80001-3","https://www.scopus.com/inward/record.uri?eid=2-s2.0-77956706408&doi=10.1016%2fS0927-5215%2805%2980001-3&partnerID=40&md5=f938e01f6c33927927e55e9fc4b60259","Editorial","Final","","Scopus","2-s2.0-77956706408"
"Deans I.; Stewart D.I.; Jones J.; Kam J.; Mishra B.","Deans, Innes (57194779879); Stewart, Douglas I. (35305889000); Jones, Jenny (55934425600); Kam, Jason (22733970500); Mishra, Bhoopesh (8358783500)","57194779879; 35305889000; 55934425600; 22733970500; 8358783500","Uptake and speciation of Zn and Pb by Miscanthus grown in contaminated soils","2023","Journal of Hazardous Materials","445","","129899","","","","6","10.1016/j.jhazmat.2022.129899","https://www.scopus.com/inward/record.uri?eid=2-s2.0-85145604042&doi=10.1016%2fj.jhazmat.2022.129899&partnerID=40&md5=c9b8d26aa43e228cdcc79b1d10ccf07d","Article","Final","All Open Access; Green Open Access; Hybrid Gold Open Access","Scopus","2-s2.0-85145604042"
"Fuller S.J.; Stewart D.I.; Burke I.T.","Fuller, Samuel J. (55640301000); Stewart, Douglas I. (35305889000); Burke, Ian T. (8600041800)","55640301000; 35305889000; 8600041800","Chromate reduction in highly alkaline groundwater by zerovalent iron: Implications for its use in a permeable reactive barrier","2013","Industrial and Engineering Chemistry Research","52","13","","4704","4714","10","34","10.1021/ie302914b","https://www.scopus.com/inward/record.uri?eid=2-s2.0-84875798388&doi=10.1021%2fie302914b&partnerID=40&md5=f37937f5a55622fe9ded5de6fd33972e","Article","Final","All Open Access; Green Open Access","Scopus","2-s2.0-84875798388"
"Bryant D.E.; Stewart D.I.; Kee T.P.; Barton C.S.","Bryant, David E. (7202225543); Stewart, Douglas I. (35305889000); Kee, Terence P. (7005118325); Barton, Catherine S. (7202585629)","7202225543; 35305889000; 7005118325; 7202585629","Development of a functionalized polymer-coated silica for the removal of uranium from groundwater","2003","Environmental Science and Technology","37","17","","4011","4016","5","75","10.1021/es020178g","https://www.scopus.com/inward/record.uri?eid=2-s2.0-0042316773&doi=10.1021%2fes020178g&partnerID=40&md5=023152cbdeecb2fecade308b791d2a3a","Article","Final","","Scopus","2-s2.0-0042316773"
"West L.J.; Stewart D.I.; Binley A.M.; Shaw B.","West, L.J. (55665300300); Stewart, D.I. (35305889000); Binley, A.M. (7004203549); Shaw, B. (36923707300)","55665300300; 35305889000; 7004203549; 36923707300","Resistivity imaging of electrokinetic transport in soil","1997","Geoenvironmental engineering. Contaminated ground: fate of pollutants and remediation. Proc. Conference, Cardiff, 1997","","","","565","574","9","4","","https://www.scopus.com/inward/record.uri?eid=2-s2.0-0031412062&partnerID=40&md5=6fa80075ca3d90cac6e48dadeee7310d","Article","Final","","Scopus","2-s2.0-0031412062"
"Stewart D.I.","Stewart, Douglas I. (35305889000)","35305889000","Editorial","2015","Proceedings of the Institution of Civil Engineers: Engineering Sustainability","168","4","","149","150","1","0","10.1680/ensu.2015.168.4.149","https://www.scopus.com/inward/record.uri?eid=2-s2.0-84951158103&doi=10.1680%2fensu.2015.168.4.149&partnerID=40&md5=4d800e81e6ac7eaee2effdae8cb48b68","Editorial","Final","","Scopus","2-s2.0-84951158103"
"Sunar N.M.; Stewart D.I.; Fletcher L.A.; Stentiford E.I.; Ashraf M.A.","Sunar, N.M. (36192154300); Stewart, D.I. (35305889000); Fletcher, L.A. (7101843418); Stentiford, E.I. (6603757705); Ashraf, Muhammad Aqeel (36630102500)","36192154300; 35305889000; 7101843418; 6603757705; 36630102500","Rapid propidium monoazide cPCR assay for exclusive quantification of viable Salmonella spp. cells","2016","Journal of Environmental Biology","37","5","","1057","1067","10","2","","https://www.scopus.com/inward/record.uri?eid=2-s2.0-84996548620&partnerID=40&md5=0f93ebefbba13836ab20daab93618338","Article","Final","","Scopus","2-s2.0-84996548620"
"Stewart D.I.; Burke I.T.; Mortimer R.J.G.","Stewart, D.I. (35305889000); Burke, I.T. (8600041800); Mortimer, R.J.G. (7101740764)","35305889000; 8600041800; 7101740764","Stimulation of microbially mediated chromate reduction in alkaline soil-water systems","2007","Geomicrobiology Journal","24","7-8","","655","669","14","35","10.1080/01490450701758221","https://www.scopus.com/inward/record.uri?eid=2-s2.0-36849088147&doi=10.1080%2f01490450701758221&partnerID=40&md5=34d1eed7456fbb7c93dd9487b0b28066","Article","Final","All Open Access; Green Open Access","Scopus","2-s2.0-36849088147"
"Cousens T.W.; Stewart D.I.","Cousens, T.W. (6603394803); Stewart, D.I. (35305889000)","6603394803; 35305889000","Behaviour of a trial embankment on hydraulically placed pfa","2003","Engineering Geology","70","3-4","","293","303","10","8","10.1016/S0013-7952(03)00097-8","https://www.scopus.com/inward/record.uri?eid=2-s2.0-0142249324&doi=10.1016%2fS0013-7952%2803%2900097-8&partnerID=40&md5=3fb704faaf8903d03c70d4f0d82e18d1","Article","Final","All Open Access; Green Open Access","Scopus","2-s2.0-0142249324"
"Conroy D.J.R.; Millner P.A.; Stewart D.I.; Pollmann K.","Conroy, David J.R. (55938971700); Millner, Paul A. (35579806600); Stewart, Douglas I. (35305889000); Pollmann, Katrin (6602833712)","55938971700; 35579806600; 35305889000; 6602833712","Biosensing for the environment and defence: Aqueous uranyl detection using bacterial surface layer proteins","2010","Sensors","10","5","","4739","4755","16","18","10.3390/s100504739","https://www.scopus.com/inward/record.uri?eid=2-s2.0-77953530946&doi=10.3390%2fs100504739&partnerID=40&md5=515a465460b463e368bb1076b81cd6bb","Article","Final","All Open Access; Gold Open Access; Green Open Access","Scopus","2-s2.0-77953530946"
"Stewart D.I.; Csõvári M.; Barton C.S.; Morris K.; Bryant D.E.","Stewart, Douglas I. (35305889000); Csõvári, Mihály (6506758118); Barton, Catherine S. (7202585629); Morris, Katherine (7202939108); Bryant, David E. (7202225543)","35305889000; 6506758118; 7202585629; 7202939108; 7202225543","Performance of a functionalised polymer-coated silica at treating uranium contaminated groundwater from a Hungarian mine site","2006","Engineering Geology","85","1-2","","174","183","9","12","10.1016/j.enggeo.2005.09.037","https://www.scopus.com/inward/record.uri?eid=2-s2.0-33646573344&doi=10.1016%2fj.enggeo.2005.09.037&partnerID=40&md5=2c79759267fa51cad735915ca21601a8","Article","Final","All Open Access; Green Open Access","Scopus","2-s2.0-33646573344"
"Stewart D.I.; Cousens T.W.; Charles-Cruz C.A.","Stewart, D.I. (35305889000); Cousens, T.W. (6603394803); Charles-Cruz, C.A. (12761033100)","35305889000; 6603394803; 12761033100","The interpretation of CPT data from hydraulically placed PFA","2006","Engineering Geology","85","1-2","","184","196","12","2","10.1016/j.enggeo.2005.09.038","https://www.scopus.com/inward/record.uri?eid=2-s2.0-33646553907&doi=10.1016%2fj.enggeo.2005.09.038&partnerID=40&md5=b2c42130c2a6c7e92f54a95d5b89fcfa","Article","Final","All Open Access; Green Open Access","Scopus","2-s2.0-33646553907"
"Deakin D.; West L.J.; Stewart D.I.; Yardley B.W.D.","Deakin, D. (15739456900); West, L.J. (55665300300); Stewart, D.I. (35305889000); Yardley, B.W.D. (7003586524)","15739456900; 55665300300; 35305889000; 7003586524","Leaching behaviour of a chromium smelter waste heap","2001","Waste Management","21","3","","265","270","5","29","10.1016/S0956-053X(00)00099-4","https://www.scopus.com/inward/record.uri?eid=2-s2.0-0035373381&doi=10.1016%2fS0956-053X%2800%2900099-4&partnerID=40&md5=76a79d025267d83ea24ab092917dff56","Conference paper","Final","","Scopus","2-s2.0-0035373381"
"Goode J.A.; Ahmed A.; Pike D.; Millner P.A.; Kapur N.; Stewart D.","Goode, J.A. (56291681000); Ahmed, A. (56904383900); Pike, D. (55567277700); Millner, P.A. (35579806600); Kapur, N. (7006646043); Stewart, D. (35305889000)","56291681000; 56904383900; 55567277700; 35579806600; 7006646043; 35305889000","Comparative electrochemical analysis of two flow cell systems","2014","Journal of the Electrochemical Society","161","6","","B143","B146","3","0","10.1149/2.073406jes","https://www.scopus.com/inward/record.uri?eid=2-s2.0-84904793748&doi=10.1149%2f2.073406jes&partnerID=40&md5=651cced650e6fd549f48a6b7f0d60f5d","Article","Final","","Scopus","2-s2.0-84904793748"
"Roehl K.E.; Czurda K.; Meggyes T.; Simon F.-G.; Stewart D.I.","Roehl, Karl Ernst (6603754552); Czurda, Kurt (6701687748); Meggyes, Tamás (16425688100); Simon, Franz-Georg (7201952485); Stewart, D.I. (35305889000)","6603754552; 6701687748; 16425688100; 7201952485; 35305889000","Chapter 1 Permeable reactive barriers","2005","Trace Metals and other Contaminants in the Environment","7","C","","1","25","24","7","10.1016/S0927-5215(05)80005-0","https://www.scopus.com/inward/record.uri?eid=2-s2.0-77956746471&doi=10.1016%2fS0927-5215%2805%2980005-0&partnerID=40&md5=acebc46cbe18a12488e537fa3eeabaa0","Book chapter","Final","","Scopus","2-s2.0-77956746471"
"Deakin D.; West L.J.; Stewart D.I.; Yardley B.W.D.","Deakin, D. (15739456900); West, L.J. (55665300300); Stewart, D.I. (35305889000); Yardley, B.W.D. (7003586524)","15739456900; 55665300300; 35305889000; 7003586524","Leaching behaviour of a chromium smelter waste heap","2000","Waste Management Series","1","C","","392","401","9","1","10.1016/S0713-2743(00)80051-3","https://www.scopus.com/inward/record.uri?eid=2-s2.0-77956676443&doi=10.1016%2fS0713-2743%2800%2980051-3&partnerID=40&md5=dc7c9003ec8bb1d9085e6dd6b7730a00","Article","Final","","Scopus","2-s2.0-77956676443"
"Bray A.W.; Stewart D.I.; Courtney R.; Rout S.P.; Humphreys P.N.; Mayes W.M.; Burke I.T.","Bray, Andrew W. (54396706900); Stewart, Douglas I. (35305889000); Courtney, Ronan (8538904000); Rout, Simon P. (55303454600); Humphreys, Paul N. (7005959780); Mayes, William M. (16307232200); Burke, Ian T. (8600041800)","54396706900; 35305889000; 8538904000; 55303454600; 7005959780; 16307232200; 8600041800","Sustained Bauxite Residue Rehabilitation with Gypsum and Organic Matter 16 years after Initial Treatment","2018","Environmental Science and Technology","52","1","","152","161","9","98","10.1021/acs.est.7b03568","https://www.scopus.com/inward/record.uri?eid=2-s2.0-85040166082&doi=10.1021%2facs.est.7b03568&partnerID=40&md5=adfce990804cc5e96d211348995f06de","Article","Final","All Open Access; Green Open Access; Hybrid Gold Open Access","Scopus","2-s2.0-85040166082"
"Deakin D.; West L.J.; Stewart D.I.; Yardley B.W.D.","Deakin, D. (15739456900); West, L.J. (55665300300); Stewart, D.I. (35305889000); Yardley, B.W.D. (7003586524)","15739456900; 55665300300; 35305889000; 7003586524","The leaching characteristics of chromite ore processing residue","2001","Environmental Geochemistry and Health","23","3","","201","206","5","19","10.1023/A:1012271330251","https://www.scopus.com/inward/record.uri?eid=2-s2.0-0035170069&doi=10.1023%2fA%3a1012271330251&partnerID=40&md5=2af39440d5a900cd165504eb9aadcb16","Article","Final","","Scopus","2-s2.0-0035170069"
"Bolton M.D.; Stewart D.I.","Bolton, M.D. (7103008614); Stewart, D.I. (35305889000)","7103008614; 35305889000","The effect on propped diaphragm walls of rising groundwater in stiff clay","1994","Geotechnique","44","1","","111","127","16","35","10.1680/geot.1994.44.1.111","https://www.scopus.com/inward/record.uri?eid=2-s2.0-0028175790&doi=10.1680%2fgeot.1994.44.1.111&partnerID=40&md5=6b60d3dd034f1d7766981f778022bf9e","Article","Final","","Scopus","2-s2.0-0028175790"
"Stewart D.I.; Bray A.W.; Udoma G.; Hobson A.J.; Mayes W.M.; Rogerson M.; Burke I.T.","Stewart, Douglas I. (35305889000); Bray, Andrew W. (54396706900); Udoma, Gideon (57200335950); Hobson, Andrew J. (9338433300); Mayes, William M. (16307232200); Rogerson, Mike (7004689703); Burke, Ian T. (8600041800)","35305889000; 54396706900; 57200335950; 9338433300; 16307232200; 7004689703; 8600041800","Hydration of dicalcium silicate and diffusion through neo-formed calcium-silicate-hydrates at weathered surfaces control the long-term leaching behaviour of basic oxygen furnace (BOF) steelmaking slag","2018","Environmental Science and Pollution Research","25","10","","9861","9872","11","25","10.1007/s11356-018-1260-7","https://www.scopus.com/inward/record.uri?eid=2-s2.0-85040902715&doi=10.1007%2fs11356-018-1260-7&partnerID=40&md5=0fe8600931881eaf1d0fe646487132c1","Article","Final","All Open Access; Green Open Access; Hybrid Gold Open Access","Scopus","2-s2.0-85040902715"
"Stewart D.I.; Bryant D.E.; Barton C.S.; Morris K.; Csovári M.","Stewart, D.I. (35305889000); Bryant, David E. (7202225543); Barton, Catherine S. (7202585629); Morris, Katherine (7202939108); Csovári, Mihály (6506758118)","35305889000; 7202225543; 7202585629; 7202939108; 6506758118","Chapter 7 New barrier materials: the use of tailored ligand systems for the removal of metals from groundwater","2005","Trace Metals and other Contaminants in the Environment","7","C","","153","182","29","0","10.1016/S0927-5215(05)80011-6","https://www.scopus.com/inward/record.uri?eid=2-s2.0-77956706734&doi=10.1016%2fS0927-5215%2805%2980011-6&partnerID=40&md5=5c8add731ec43778527744de6589c088","Book chapter","Final","","Scopus","2-s2.0-77956706734"
"Wu J.; West L.J.; Stewart D.I.","Wu, J. (58419956900); West, L.J. (55665300300); Stewart, D.I. (35305889000)","58419956900; 55665300300; 35305889000","Copper(II) humate mobility in kaolinite soil","2001","Engineering Geology","60","1-4","","275","284","9","17","10.1016/S0013-7952(00)00108-3","https://www.scopus.com/inward/record.uri?eid=2-s2.0-0035363264&doi=10.1016%2fS0013-7952%2800%2900108-3&partnerID=40&md5=2543c3f8b5069fc67d9ca046c49a649d","Article","Final","","Scopus","2-s2.0-0035363264"
"Feng J.; Burke I.T.; Chen X.; Stewart D.I.","Feng, Jianting (57205495811); Burke, Ian T. (8600041800); Chen, Xiaohui (55571370200); Stewart, Douglas I. (35305889000)","57205495811; 8600041800; 55571370200; 35305889000","Assessing metal contamination and speciation in sewage sludge: implications for soil application and environmental risk","2023","Reviews in Environmental Science and Biotechnology","22","4","","1037","1058","21","39","10.1007/s11157-023-09675-y","https://www.scopus.com/inward/record.uri?eid=2-s2.0-85174388360&doi=10.1007%2fs11157-023-09675-y&partnerID=40&md5=176315bc5a605c47bbd9630ce4d84050","Review","Final","All Open Access; Hybrid Gold Open Access","Scopus","2-s2.0-85174388360"
"Boylan A.A.; Stewart D.I.; Graham J.T.; Trivedi D.; Burke I.T.","Boylan, Aislinn A. (57192804014); Stewart, Douglas I. (35305889000); Graham, James T. (57188854692); Trivedi, Divyesh (7005754165); Burke, Ian T. (8600041800)","57192804014; 35305889000; 57188854692; 7005754165; 8600041800","Mechanisms of inorganic carbon-14 attenuation in contaminated groundwater: Effect of solution pH on isotopic exchange and carbonate precipitation reactions","2017","Applied Geochemistry","85","","","137","147","10","10","10.1016/j.apgeochem.2016.12.006","https://www.scopus.com/inward/record.uri?eid=2-s2.0-85008214268&doi=10.1016%2fj.apgeochem.2016.12.006&partnerID=40&md5=372e6f7d3fa90933f8ff73181b218215","Article","Final","All Open Access; Green Open Access; Hybrid Gold Open Access","Scopus","2-s2.0-85008214268"
"Hobson A.J.; Stewart D.I.; Mortimer R.J.G.; Mayes W.M.; Rogerson M.; Burke I.T.","Hobson, Andrew J. (9338433300); Stewart, Douglas I. (35305889000); Mortimer, Robert J.G. (7101740764); Mayes, William M. (16307232200); Rogerson, Mike (7004689703); Burke, Ian T. (8600041800)","9338433300; 35305889000; 7101740764; 16307232200; 7004689703; 8600041800","Leaching behaviour of co-disposed steel making wastes: Effects of aeration on leachate chemistry and vanadium mobilisation","2018","Waste Management","81","","","1","10","9","16","10.1016/j.wasman.2018.09.046","https://www.scopus.com/inward/record.uri?eid=2-s2.0-85054305031&doi=10.1016%2fj.wasman.2018.09.046&partnerID=40&md5=1359b236459449ede87a84fa8b252b9d","Article","Final","All Open Access; Green Open Access; Hybrid Gold Open Access","Scopus","2-s2.0-85054305031"
"Tompkins D.C.; Stewart D.I.; Graham J.T.; Burke I.T.","Tompkins, Danielle C. (57537893600); Stewart, Douglas I. (35305889000); Graham, James T. (57188854692); Burke, Ian T. (8600041800)","57537893600; 35305889000; 57188854692; 8600041800","Corrigendum to “In situ disposal of crushed concrete waste as void fill material at UK nuclear sites: Leaching behaviour and effect of pH on trace element release” [Journal of Hazardous Materials Advances (2022) 5, 100043](S2772416621000425)(10.1016/j.hazadv.2021.100043)","2023","Journal of Hazardous Materials Advances","12","","100382","","","","0","10.1016/j.hazadv.2023.100382","https://www.scopus.com/inward/record.uri?eid=2-s2.0-85176086616&doi=10.1016%2fj.hazadv.2023.100382&partnerID=40&md5=2223219b5f5e8425bc9b1156bc260925","Erratum","Final","All Open Access; Gold Open Access","Scopus","2-s2.0-85176086616"
"Mohammad A.; Sapsford D.J.; Harbottle M.; Cleall P.; Stewart D.I.; Sepúlveda F.","Mohammad, Arif (57208618160); Sapsford, Devin J. (23012420800); Harbottle, Michael (12770958300); Cleall, Peter (6603271515); Stewart, Doug I. (35305889000); Sepúlveda, Felipe (59540325100)","57208618160; 23012420800; 12770958300; 6603271515; 35305889000; 59540325100","Effect of Different Physical and Geochemical Parameters on Mobilisation of Metals: A Crucial Step Towards Resource Recovery from Waste","2023","Proceedings of the International Congress on Environmental Geotechnics","","","","190","200","10","1","10.53243/ICEG2023-314","https://www.scopus.com/inward/record.uri?eid=2-s2.0-85202596783&doi=10.53243%2fICEG2023-314&partnerID=40&md5=9361c7e0ee3ca73206303065aa32857d","Conference paper","Final","","Scopus","2-s2.0-85202596783"
"Feng J.; Burke I.T.; Chen X.; Stewart D.I.","Feng, Jianting (57205495811); Burke, Ian T. (8600041800); Chen, Xiaohui (59640933300); Stewart, Douglas I. (35305889000)","57205495811; 8600041800; 59640933300; 35305889000","Evolution of Cu and Zn speciation in agricultural soil amended by digested sludge over time and repeated crop growth","2024","Environmental Science and Pollution Research","31","42","","54738","54752","14","0","10.1007/s11356-024-34784-8","https://www.scopus.com/inward/record.uri?eid=2-s2.0-85202735250&doi=10.1007%2fs11356-024-34784-8&partnerID=40&md5=a4517f47df0c34a0a466c15454374016","Article","Final","All Open Access; Hybrid Gold Open Access","Scopus","2-s2.0-85202735250"
"Zhai J.; Burke I.T.; Stewart D.I.","Zhai, Jihua (57191161544); Burke, Ian T (8600041800); Stewart, Douglas I. (35305889000)","57191161544; 8600041800; 35305889000","Potential reuse options for biomass combustion ash as affected by the persistent organic pollutants (POPs) content","2022","Journal of Hazardous Materials Advances","5","","100038","","","","11","10.1016/j.hazadv.2021.100038","https://www.scopus.com/inward/record.uri?eid=2-s2.0-85144091422&doi=10.1016%2fj.hazadv.2021.100038&partnerID=40&md5=6aa6793da19ae03c7a2cfb7717f4c7e4","Article","Final","All Open Access; Gold Open Access; Green Open Access","Scopus","2-s2.0-85144091422"
"West L.J.; Stewart D.I.; Duxbury J.R.; Johnston S.R.","West, L. Jared (55665300300); Stewart, D.I. (35305889000); Duxbury, J.R. (52163429800); Johnston, S. Richard (58451885000)","55665300300; 35305889000; 52163429800; 58451885000","Toxic metal mobility and retention at industrially contaminated sites","1999","Geological Society Special Publication","157","","","241","264","23","7","10.1144/GSL.SP.1999.157.01.17","https://www.scopus.com/inward/record.uri?eid=2-s2.0-0012875484&doi=10.1144%2fGSL.SP.1999.157.01.17&partnerID=40&md5=1c0326bdcafc8e0bb33e2f94022f467b","Article","Final","","Scopus","2-s2.0-0012875484"
"Mollins L.H.; Stewart D.I.; Cousens T.W.","Mollins, L.H. (6505966555); Stewart, D.I. (35305889000); Cousens, T.W. (6603394803)","6505966555; 35305889000; 6603394803","Predicting the properties of bentonite-sand mixtures","1996","Clay Minerals","31","2","","243","252","9","152","10.1180/claymin.1996.031.2.10","https://www.scopus.com/inward/record.uri?eid=2-s2.0-0030156903&doi=10.1180%2fclaymin.1996.031.2.10&partnerID=40&md5=2c9b2957e80f6f43b393e26a6b327722","Article","Final","","Scopus","2-s2.0-0030156903"
"Johnston S.R.; West L.J.; Stewart D.I.","Johnston, S.R. (58451885000); West, L.J. (55665300300); Stewart, D.I. (35305889000)","58451885000; 55665300300; 35305889000","Microscope spectroscopy on contaminated soil","1997","Geoenvironmental engineering. Contaminated ground: fate of pollutants and remediation. Proc. Conference, Cardiff, 1997","","","","91","98","7","4","","https://www.scopus.com/inward/record.uri?eid=2-s2.0-0031429581&partnerID=40&md5=ea2ea13890ab0838926ab4c1bbe0d341","Article","Final","","Scopus","2-s2.0-0031429581"
"Gomes H.I.; Mayes W.M.; Rogerson M.; Stewart D.I.; Burked I.T.","Gomes, Helena I. (8639516500); Mayes, William M. (16307232200); Rogerson, Mike (7004689703); Stewart, Douglas I. (35305889000); Burked, Ian T. (8600041800)","8639516500; 16307232200; 7004689703; 35305889000; 8600041800","Alkaline residues and the environment: A review of impacts, management practices and opportunities","2016","Journal of Cleaner Production","112","","","3571","3582","11","297","10.1016/j.jclepro.2015.09.111","https://www.scopus.com/inward/record.uri?eid=2-s2.0-84958178548&doi=10.1016%2fj.jclepro.2015.09.111&partnerID=40&md5=8dbad368da611f7e50370a1fbc1ca4d9","Review","Final","All Open Access; Green Open Access; Hybrid Gold Open Access","Scopus","2-s2.0-84958178548"
"Gomes H.I.; Rogerson M.; Burke I.T.; Stewart D.I.; Mayes W.M.","Gomes, Helena I. (8639516500); Rogerson, Mike (7004689703); Burke, Ian T. (8600041800); Stewart, Douglas I. (35305889000); Mayes, William M. (16307232200)","8639516500; 7004689703; 8600041800; 35305889000; 16307232200","Hydraulic and biotic impacts on neutralisation of high-pH waters","2017","Science of the Total Environment","601-602","","","1271","1279","8","13","10.1016/j.scitotenv.2017.05.248","https://www.scopus.com/inward/record.uri?eid=2-s2.0-85020253806&doi=10.1016%2fj.scitotenv.2017.05.248&partnerID=40&md5=5a84883f6475096b5e28e6a070094cd6","Article","Final","All Open Access; Green Open Access; Hybrid Gold Open Access","Scopus","2-s2.0-85020253806"
"Sepúlveda Olea F.E.; Burke I.T.; Mohammad A.; Stewart D.I.","Sepúlveda Olea, Felipe E. (59238020800); Burke, Ian T. (8600041800); Mohammad, Arif (57208618160); Stewart, Douglas I. (35305889000)","59238020800; 8600041800; 57208618160; 35305889000","Reuse potential of municipal solid waste incinerator bottom ash as secondary aggregate: Material characteristics, persistent organic pollutant content and effects of pH and selected environmental lixiviants on leaching behaviour","2024","Waste Management","187","","","262","274","12","1","10.1016/j.wasman.2024.07.026","https://www.scopus.com/inward/record.uri?eid=2-s2.0-85199907901&doi=10.1016%2fj.wasman.2024.07.026&partnerID=40&md5=8f43f951a442cab308b44f5743603d19","Article","Final","All Open Access; Green Open Access; Hybrid Gold Open Access","Scopus","2-s2.0-85199907901"
"Stewart D.I.; Burke I.T.; Hughes-Berry D.V.; Whittleston R.A.","Stewart, Douglas I. (35305889000); Burke, Ian T. (8600041800); Hughes-Berry, Danielle V. (35366601500); Whittleston, Robert A. (35367403300)","35305889000; 8600041800; 35366601500; 35367403300","Microbially mediated chromate reduction in soil contaminated by highly alkaline leachate from chromium containing waste","2010","Ecological Engineering","36","2","","211","221","10","53","10.1016/j.ecoleng.2008.12.028","https://www.scopus.com/inward/record.uri?eid=2-s2.0-74149089491&doi=10.1016%2fj.ecoleng.2008.12.028&partnerID=40&md5=f56a6971fa5aae28222e0791da9842d8","Article","Final","","Scopus","2-s2.0-74149089491"
"Stewart D.I.; Fuller S.J.; Burke I.T.; Whittleston R.A.; Lockwood C.L.; Baker A.","Stewart, D.I. (35305889000); Fuller, S.J. (55640301000); Burke, I.T. (8600041800); Whittleston, R.A. (35367403300); Lockwood, C.L. (55352217200); Baker, A. (7403520433)","35305889000; 55640301000; 8600041800; 35367403300; 55352217200; 7403520433","The role of molecular biology in geotechnical engineering","2013","18th International Conference on Soil Mechanics and Geotechnical Engineering: Challenges and Innovations in Geotechnics, ICSMGE 2013","4","","","3077","3080","3","1","","https://www.scopus.com/inward/record.uri?eid=2-s2.0-85035151936&partnerID=40&md5=6d1acfa2048dab83998b784c0a286091","Conference paper","Final","","Scopus","2-s2.0-85035151936"
"Lehoux A.P.; Lockwood C.L.; Mayes W.M.; Stewart D.I.; Mortimer R.J.G.; Gruiz K.; Burke I.T.","Lehoux, Alizée P. (55765672900); Lockwood, Cindy L. (55352217200); Mayes, William M. (16307232200); Stewart, Douglas I. (35305889000); Mortimer, Robert J.G. (7101740764); Gruiz, Katalin (55939851200); Burke, Ian T. (8600041800)","55765672900; 55352217200; 16307232200; 35305889000; 7101740764; 55939851200; 8600041800","Gypsum addition to soils contaminated by red mud: Implications for aluminium, arsenic, molybdenum and vanadium solubility","2013","Environmental Geochemistry and Health","35","5","","643","656","13","57","10.1007/s10653-013-9547-6","https://www.scopus.com/inward/record.uri?eid=2-s2.0-84883055869&doi=10.1007%2fs10653-013-9547-6&partnerID=40&md5=e2fd9f8d7a9ed0a9b7e89ff45eeeb15c","Article","Final","","Scopus","2-s2.0-84883055869"
"West L.Jared; Stewart Douglas I.","West, L.Jared (55665300300); Stewart, Douglas I. (35305889000)","55665300300; 35305889000","Effect of zeta potential on soil electrokinesis","1995","Geotechnical Special Publication","","46 /2","","1535","1549","14","67","","https://www.scopus.com/inward/record.uri?eid=2-s2.0-0029184788&partnerID=40&md5=c9d0a5f01139d02757fb48e9c5a9f591","Conference paper","Final","","Scopus","2-s2.0-0029184788"
"Baqer Y.; Bateman K.; Tan V.M.S.; Stewart D.I.; Chen X.; Thornton S.F.","Baqer, Yousef (57188701864); Bateman, Keith (56216376600); Tan, Vanessa M. S. (57312846100); Stewart, Douglas I. (35305889000); Chen, Xiaohui (55571370200); Thornton, Steven F. (7101689883)","57188701864; 56216376600; 57312846100; 35305889000; 55571370200; 7101689883","The Influence of Hyper-Alkaline Leachate on a Generic Host Rock Composition for a Nuclear Waste Repository: Experimental Assessment and Modelling of Novel Variable Porosity and Surface Area","2021","Transport in Porous Media","140","2","","559","580","21","3","10.1007/s11242-021-01702-2","https://www.scopus.com/inward/record.uri?eid=2-s2.0-85117915980&doi=10.1007%2fs11242-021-01702-2&partnerID=40&md5=c609846b9b03a645c768335d2d24ee9f","Article","Final","All Open Access; Hybrid Gold Open Access","Scopus","2-s2.0-85117915980"
"Hodkin D.J.; Stewart D.I.; Graham J.T.; Burke I.T.","Hodkin, David J. (57188859432); Stewart, Douglas I. (35305889000); Graham, James T. (57188854692); Burke, Ian T. (8600041800)","57188859432; 35305889000; 57188854692; 8600041800","Coprecipitation of 14C and Sr with carbonate precipitates: The importance of reaction kinetics and recrystallization pathways","2016","Science of the Total Environment","562","","","335","343","8","33","10.1016/j.scitotenv.2016.03.192","https://www.scopus.com/inward/record.uri?eid=2-s2.0-84963812858&doi=10.1016%2fj.scitotenv.2016.03.192&partnerID=40&md5=6345f6bc61fe9c3619cda6da44f155cc","Article","Final","All Open Access; Green Open Access; Hybrid Gold Open Access","Scopus","2-s2.0-84963812858"
"Humphries N.H.; Thornton S.F.; Chen X.; Bray A.W.; Stewart D.I.","Humphries, Nicholas H. (58249005700); Thornton, Steven F. (7101689883); Chen, Xiaohui (55571370200); Bray, Andrew W. (54396706900); Stewart, Douglas I. (35305889000)","58249005700; 7101689883; 55571370200; 54396706900; 35305889000","Response of soil bacterial populations to application of biosolids under short-term flooding","2023","Environmental Science and Pollution Research","30","28","","72978","72992","14","3","10.1007/s11356-023-27424-0","https://www.scopus.com/inward/record.uri?eid=2-s2.0-85159257691&doi=10.1007%2fs11356-023-27424-0&partnerID=40&md5=312325ccc44de8b5f49e0761d88e84b0","Article","Final","All Open Access; Green Open Access; Hybrid Gold Open Access","Scopus","2-s2.0-85159257691"
"Lockwood C.L.; Mortimer R.J.G.; Stewart D.I.; Mayes W.M.; Peacock C.L.; Polya D.A.; Lythgoe P.R.; Lehoux A.P.; Gruiz K.; Burke I.T.","Lockwood, Cindy L. (55352217200); Mortimer, Robert J.G. (7101740764); Stewart, Douglas I. (35305889000); Mayes, William M. (16307232200); Peacock, Caroline L. (57204859082); Polya, David A. (6701552495); Lythgoe, Paul R. (6507912439); Lehoux, Alizée P. (55765672900); Gruiz, Katalin (55939851200); Burke, Ian T. (8600041800)","55352217200; 7101740764; 35305889000; 16307232200; 57204859082; 6701552495; 6507912439; 55765672900; 55939851200; 8600041800","Mobilisation of arsenic from bauxite residue (red mud) affected soils: Effect of pH and redox conditions","2014","Applied Geochemistry","51","","","268","277","9","63","10.1016/j.apgeochem.2014.10.009","https://www.scopus.com/inward/record.uri?eid=2-s2.0-84909968432&doi=10.1016%2fj.apgeochem.2014.10.009&partnerID=40&md5=86e85c2ab230c614b348c047e24dcd9e","Article","Final","All Open Access; Green Open Access; Hybrid Gold Open Access","Scopus","2-s2.0-84909968432"
"Stewart D.I.; Studds P.G.; Cousens T.W.","Stewart, D.I. (35305889000); Studds, P.G. (6506998748); Cousens, T.W. (6603394803)","35305889000; 6506998748; 6603394803","The factors controlling the engineering properties of bentonite-enhanced sand","2003","Applied Clay Science","23","1-4","","97","110","13","65","10.1016/S0169-1317(03)00092-9","https://www.scopus.com/inward/record.uri?eid=2-s2.0-0042890413&doi=10.1016%2fS0169-1317%2803%2900092-9&partnerID=40&md5=8881f4c691f9f12a50409d907d3a0c86","Article","Final","All Open Access; Green Open Access","Scopus","2-s2.0-0042890413"
"Stewart D.I.; Cousens T.W.; Studds P.G.; Tay Y.Y.","Stewart, D.I. (35305889000); Cousens, T.W. (6603394803); Studds, P.G. (6506998748); Tay, Y.Y. (7004818423)","35305889000; 6603394803; 6506998748; 7004818423","Design parameters for bentonite-enhanced sand as a landfill liner","1999","Proceedings of the Institution of Civil Engineers: Geotechnical Engineering","137","4","","189","195","6","1","10.1680/geng.1999.137.4.189","https://www.scopus.com/inward/record.uri?eid=2-s2.0-85214703862&doi=10.1680%2fgeng.1999.137.4.189&partnerID=40&md5=03fd6ebf9930ffbac8461efa0b16a422","Conference paper","Final","","Scopus","2-s2.0-85214703862"
"Stewart D.I.; Charles-Cruz C.A.; Consens T.W.","Stewart, D.I. (35305889000); Charles-Cruz, C.A. (12761033100); Consens, T.W. (14319733300)","35305889000; 12761033100; 14319733300","Stability and settlement characteristics of hydraulically placed mine tailings & power station fly ash","2006","5th ICEG Environmental Geotechnics: Opportunities, Challenges and Responsibilities for Environmental Geotechnics - Proceedings of the ISSMGE 5th Int. Congress","II","","","966","975","9","1","","https://www.scopus.com/inward/record.uri?eid=2-s2.0-34249104841&partnerID=40&md5=41301bbc1193630d8acce0e387d2d697","Conference paper","Final","","Scopus","2-s2.0-34249104841"
"Stewart D.I.; Csõvári M.; Barton C.S.; Morris K.; Bryant D.E.","Stewart, Douglas I. (35305889000); Csõvári, Mihály (6506758118); Barton, Catherine S. (7202585629); Morris, Katherine (7202939108); Bryant, David E. (7202225543)","35305889000; 6506758118; 7202585629; 7202939108; 7202225543","Performance of a functionalised polymer-coated silica at treating uranium contaminated groundwater from a hungarian mine site","2005","Geoenvironmental Engineering: Integrated Management of Groundwater and Contaminated Land - Fourth British Geotechnical Association Conference","","","","347","356","9","0","","https://www.scopus.com/inward/record.uri?eid=2-s2.0-33644614831&partnerID=40&md5=108d6f6c610fdc7b859bfb85286a5565","Conference paper","Final","","Scopus","2-s2.0-33644614831"
"Marandi Seyed M.; Stewart Douglas I.; Cousens Terrence W.","Marandi, Seyed M. (57197415993); Stewart, Douglas I. (35305889000); Cousens, Terrence W. (6603394803)","57197415993; 35305889000; 6603394803","Stress and temperature effects on silt frost heave","1996","Proceedings of the International Conference on Cold Regions Engineering","","","","23","34","11","1","","https://www.scopus.com/inward/record.uri?eid=2-s2.0-0029721712&partnerID=40&md5=480bbc525fc899fa25e94276e998a7d7","Conference paper","Final","","Scopus","2-s2.0-0029721712"
"Boylan A.A.; Stewart D.I.; Graham J.T.; Burke I.T.","Boylan, Aislinn A. (57192804014); Stewart, Douglas I. (35305889000); Graham, James T. (57188854692); Burke, Ian T. (8600041800)","57192804014; 35305889000; 57188854692; 8600041800","The Behavior of Low Molecular Weight Organic Carbon-14 Containing Compounds in Contaminated Groundwater During Denitrification and Iron-Reduction","2020","Geomicrobiology Journal","37","5","","486","495","9","2","10.1080/01490451.2020.1728442","https://www.scopus.com/inward/record.uri?eid=2-s2.0-85079707730&doi=10.1080%2f01490451.2020.1728442&partnerID=40&md5=2a11a320b4bd29c6a5873817bbb6c9de","Article","Final","All Open Access; Green Open Access","Scopus","2-s2.0-85079707730"
"Vidal-Durà A.; Burke I.T.; Stewart D.I.; Mortimer R.J.G.","Vidal-Durà, Andrea (57201457866); Burke, Ian T. (8600041800); Stewart, Douglas I. (35305889000); Mortimer, Robert J.G. (7101740764)","57201457866; 8600041800; 35305889000; 7101740764","Reoxidation of estuarine sediments during simulated resuspension events: Effects on nutrient and trace metal mobilisation","2018","Estuarine, Coastal and Shelf Science","207","","","40","55","15","20","10.1016/j.ecss.2018.03.024","https://www.scopus.com/inward/record.uri?eid=2-s2.0-85044971067&doi=10.1016%2fj.ecss.2018.03.024&partnerID=40&md5=2919b79b25b4ac7194c1f64f1600c956","Article","Final","All Open Access; Green Open Access","Scopus","2-s2.0-85044971067"
"Pike D.J.; Kapur N.; Millner P.A.; Stewart D.I.","Pike, Douglas J. (55567277700); Kapur, Nikil (7006646043); Millner, Paul A. (35579806600); Stewart, Douglas I. (35305889000)","55567277700; 7006646043; 35579806600; 35305889000","Flow cell design for effective biosensing","2013","Sensors (Switzerland)","13","1","","58","70","12","19","10.3390/s130100058","https://www.scopus.com/inward/record.uri?eid=2-s2.0-84872811549&doi=10.3390%2fs130100058&partnerID=40&md5=b3e1fa270180edbab2bd699d170f63c9","Article","Final","All Open Access; Gold Open Access; Green Open Access","Scopus","2-s2.0-84872811549"
"Whittleston R.A.; Stewart D.I.; Mortimer R.J.G.; Ashley D.J.; Burke I.T.","Whittleston, R.A. (35367403300); Stewart, D.I. (35305889000); Mortimer, R.J.G. (7101740764); Ashley, D.J. (38560910500); Burke, I.T. (8600041800)","35367403300; 35305889000; 7101740764; 38560910500; 8600041800","Effect of microbially induced anoxia on Cr(VI) mobility at a site contaminated with hyperalkaline residue from chromite ore processing","2011","Geomicrobiology Journal","28","1","","68","82","14","18","10.1080/01490451.2010.498297","https://www.scopus.com/inward/record.uri?eid=2-s2.0-78651092380&doi=10.1080%2f01490451.2010.498297&partnerID=40&md5=bb7185041983ac79f4177eebb5b7b75c","Article","Final","All Open Access; Green Open Access","Scopus","2-s2.0-78651092380"
"Jones C.A.; Stewart D.I.; Danilewicz C.J.","Jones, Charlotte A. (57198787485); Stewart, Douglas I. (35305889000); Danilewicz, Christopher J. (25927832800)","57198787485; 35305889000; 25927832800","Bridge distress caused by approach embankment settlement","2008","Proceedings of the Institution of Civil Engineers: Geotechnical Engineering","161","2","","63","74","11","13","10.1680/geng.2008.161.2.63","https://www.scopus.com/inward/record.uri?eid=2-s2.0-57949103522&doi=10.1680%2fgeng.2008.161.2.63&partnerID=40&md5=5936340211d1d4d1a8fe3b322f30dbd0","Article","Final","All Open Access; Green Open Access","Scopus","2-s2.0-57949103522"
"Boylan A.A.; Stewart D.I.; Graham J.T.; Burke I.T.","Boylan, Aislinn A. (57192804014); Stewart, Douglas I. (35305889000); Graham, James T. (57188854692); Burke, Ian T. (8600041800)","57192804014; 35305889000; 57188854692; 8600041800","Behaviour of carbon-14 containing low molecular weight organic compounds in contaminated groundwater under aerobic conditions","2018","Journal of Environmental Radioactivity","192","","","279","288","9","4","10.1016/j.jenvrad.2018.06.016","https://www.scopus.com/inward/record.uri?eid=2-s2.0-85049459469&doi=10.1016%2fj.jenvrad.2018.06.016&partnerID=40&md5=ba55243f78d5994ce18f5e5a151bfa9f","Article","Final","All Open Access; Green Open Access; Hybrid Gold Open Access","Scopus","2-s2.0-85049459469"
"Simon F.-G.; Ludwig S.; Meggyes T.; Stewart D.I.; Roehl K.E.","Simon, Franz-Georg (7201952485); Ludwig, Stefan (36701586800); Meggyes, Tamás (16425688100); Stewart, D.I. (35305889000); Roehl, Karl Ernst (6603754552)","7201952485; 36701586800; 16425688100; 35305889000; 6603754552","Chapter 12 Regulatory and economic aspects","2005","Trace Metals and other Contaminants in the Environment","7","C","","311","321","10","5","10.1016/S0927-5215(05)80016-5","https://www.scopus.com/inward/record.uri?eid=2-s2.0-33847276295&doi=10.1016%2fS0927-5215%2805%2980016-5&partnerID=40&md5=0cfc375c21541621b3d079931cdb267c","Book chapter","Final","","Scopus","2-s2.0-33847276295"
"Burke I.T.; Peacock C.L.; Lockwood C.L.; Stewart D.I.; Mortimer R.J.G.; Ward M.B.; Renforth P.; Gruiz K.; Mayes W.M.","Burke, Ian T. (8600041800); Peacock, Caroline L. (57204859082); Lockwood, Cindy L. (55352217200); Stewart, Douglas I. (35305889000); Mortimer, Robert J. G. (7101740764); Ward, Michael B. (57211565345); Renforth, Philip (26645113300); Gruiz, Katalin (55939851200); Mayes, William M. (16307232200)","8600041800; 57204859082; 55352217200; 35305889000; 7101740764; 57211565345; 26645113300; 55939851200; 16307232200","Behavior of aluminum, arsenic, and vanadium during the neutralization of red mud leachate by HCl, gypsum, or seawater","2013","Environmental Science and Technology","47","12","","6527","6535","8","135","10.1021/es4010834","https://www.scopus.com/inward/record.uri?eid=2-s2.0-84879210842&doi=10.1021%2fes4010834&partnerID=40&md5=b852bda9df2a07188271a141f6c59231","Article","Final","","Scopus","2-s2.0-84879210842"
"Ding W.; Stewart D.I.; Humphreys P.N.; Rout S.P.; Burke I.T.","Ding, Weixuan (56681639600); Stewart, Douglas I. (35305889000); Humphreys, Paul N. (7005959780); Rout, Simon P. (55303454600); Burke, Ian T. (8600041800)","56681639600; 35305889000; 7005959780; 55303454600; 8600041800","Role of an organic carbon-rich soil and Fe(III) reduction in reducing the toxicity and environmental mobility of chromium(VI) at a COPR disposal site","2016","Science of the Total Environment","541","","","1191","1199","8","55","10.1016/j.scitotenv.2015.09.150","https://www.scopus.com/inward/record.uri?eid=2-s2.0-84944097232&doi=10.1016%2fj.scitotenv.2015.09.150&partnerID=40&md5=2788d8724f5b3d052f31b224966a6bcc","Article","Final","All Open Access; Green Open Access; Hybrid Gold Open Access","Scopus","2-s2.0-84944097232"
"Whittleston R.A.; Stewart D.I.; Mortimer R.J.G.; Burke I.T.","Whittleston, R.A. (35367403300); Stewart, D.I. (35305889000); Mortimer, R.J.G. (7101740764); Burke, I.T. (8600041800)","35367403300; 35305889000; 7101740764; 8600041800","Enhancing microbial iron reduction in hyperalkaline, chromium contaminated sediments by pH amendment","2013","Applied Geochemistry","28","","","135","144","9","20","10.1016/j.apgeochem.2012.10.003","https://www.scopus.com/inward/record.uri?eid=2-s2.0-84871939160&doi=10.1016%2fj.apgeochem.2012.10.003&partnerID=40&md5=38118c9fb35a75b5a146778ee82b9255","Article","Final","All Open Access; Green Open Access","Scopus","2-s2.0-84871939160"
"Zhai J.; Burke I.T.; Mayes W.M.; Stewart D.I.","Zhai, Jihua (57191161544); Burke, Ian T. (8600041800); Mayes, William M. (16307232200); Stewart, Douglas I. (35305889000)","57191161544; 8600041800; 16307232200; 35305889000","New insights into biomass combustion ash categorisation: A phylogenetic analysis","2021","Fuel","287","","119469","","","","19","10.1016/j.fuel.2020.119469","https://www.scopus.com/inward/record.uri?eid=2-s2.0-85095565982&doi=10.1016%2fj.fuel.2020.119469&partnerID=40&md5=e242dc8e85fe4800eca316731036129f","Article","Final","All Open Access; Green Open Access","Scopus","2-s2.0-85095565982"
"Xia X.; Stewart D.I.; Cheng L.; Wang K.; Li J.; Zhang D.; Ding A.","Xia, Xuefeng (57203392769); Stewart, Douglas Ian (35305889000); Cheng, Lirong (35291208100); Wang, Kai (59610676300); Li, Jing (58610755100); Zhang, Dan (57198599694); Ding, Aizhong (8256512800)","57203392769; 35305889000; 35291208100; 59610676300; 58610755100; 57198599694; 8256512800","Changes in groundwater bacterial community during cyclic groundwater-table variations","2020","Hydrological Processes","34","25","","4973","4984","11","5","10.1002/hyp.13917","https://www.scopus.com/inward/record.uri?eid=2-s2.0-85092342012&doi=10.1002%2fhyp.13917&partnerID=40&md5=e3ecf5a211e54e034edd8a39a9784695","Article","Final","All Open Access; Green Open Access","Scopus","2-s2.0-85092342012"
"Hodkin D.J.; Stewart D.I.; Graham J.T.; Cibin G.; Burke I.T.","Hodkin, David J. (57188859432); Stewart, Douglas I. (35305889000); Graham, James T. (57188854692); Cibin, Giannantonio (6603438328); Burke, Ian T. (8600041800)","57188859432; 35305889000; 57188854692; 6603438328; 8600041800","Enhanced Crystallographic Incorporation of Strontium(II) Ions into Calcite via Preferential Adsorption at Obtuse Growth Steps","2018","Crystal Growth and Design","18","5","","2836","2843","7","16","10.1021/acs.cgd.7b01614","https://www.scopus.com/inward/record.uri?eid=2-s2.0-85046366334&doi=10.1021%2facs.cgd.7b01614&partnerID=40&md5=141dddb526ac38f11a75a9ca2e013c46","Article","Final","","Scopus","2-s2.0-85046366334"
"Brown P.; Zhou Y.; Tan A.-C.; El-Esawi M.A.; Liehr T.; Blanck O.; Gladue D.P.; Almeida G.M.F.; Cernava T.; Sorzano C.O.; Yeung A.W.K.; Engel M.S.; Chandrasekaran A.R.; Muth T.; Staege M.S.; Daulatabad S.V.; Widera D.; Zhang J.; Meule A.; Honjo K.; Pourret O.; Yin C.-C.; Zhang Z.; Cascella M.; Flegel W.A.; Goodyear C.S.; van Raaij M.J.; Bukowy-Bieryllo Z.; Campana L.G.; Kurniawan N.A.; Lalaouna D.; Hüttner F.J.; Ammerman B.A.; Ehret F.; Cobine P.A.; Tan E.-C.; Han H.; Xia W.; McCrum C.; Dings R.P.M.; Marinello F.; Nilsson H.; Nixon B.; Voskarides K.; Yang L.; Costa V.D.; Bengtsson-Palme J.; Bradshaw W.; Grimm D.G.; Kumar N.; Martis E.; Prieto D.; Sabnis S.C.; Amer S.E.D.R.; Liew A.W.C.; Perco P.; Rahimi F.; Riva G.; Zhang C.; Devkota H.P.; Ogami K.; Basharat Z.; Fierz W.; Siebers R.; Tan K.H.; Boehme K.A.; Brenneisen P.; Brown J.A.L.; Dalrymple B.P.; Harvey D.J.; Ng G.; Werten S.; Bleackley M.; Dai Z.; Dhariwal R.; Gelfer Y.; Hartmann M.D.; Miotla P.; Tamaian R.; Govender P.; Gurney-Champion O.J.; Kauppila J.H.; Zhang X.; Echeverría N.; Subhash S.; Sallmon H.; Tofani M.; Bae T.; Bosch O.; Cuív P.O.; Danchin A.; Diouf B.; Eerola T.; Evangelou E.; Filipp F.; Klump H.; Kurgan L.; Smith S.S.; Terrier O.; Tuttle N.; Ascher D.B.; Janga S.C.; Schulte L.N.; Becker D.; Browngardt C.; Bush S.J.; Gaullier G.; Ide K.; Meseko C.; Werner G.D.A.; Zaucha J.; Al-Farha A.A.; Greenwald N.F.; Popoola S.I.; Rahman S.; Xu J.; Yang S.Y.; Hiroi N.; Alper O.M.; Baker C.I.; Bitzer M.; Chacko G.; Debrabant B.; Dixon R.; Forano E.; Gilliham M.; Kelly S.; Klempnauer K.-H.; Lidbury B.A.; Lin M.Z.; Lynch I.; Ma W.; Maibach E.W.; Mather D.E.; Nandakumar K.S.; Ohgami R.S.; Parchi P.; Tressoldi P.; Xue Y.; Armitage C.; Barraud P.; Chatzitheochari S.; Coelho L.P.; Diao J.; Doxey A.C.; Gobet A.; Hu P.; Kaiser S.; Mitchell K.M.; Salama M.F.; Shabalin I.G.; Song H.; Stevanovic D.; Yadollahpour A.; Zeng E.; Zinke K.; Alimba C.G.; Beyene T.J.; Cao Z.; Chan S.S.; Gatchell M.; Kleppe A.; Piotrowski M.; Torga G.; Woldesemayat A.A.; Cosacak M.I.; Haston S.; Ross S.A.; Williams R.; Wong A.; Abramowitz M.K.; Effiong A.; Lee S.; Abid M.B.; Agarabi C.; Alaux C.; Albrecht D.R.; Atkins G.J.; Beck C.R.; Bonvin A.M.J.J.; Bourke E.; Brand T.; Braun R.J.; Bull J.A.; Cardoso P.; Carter D.; Delahay R.M.; Ducommun B.; Duijf P.H.G.; Epp T.; Eskelinen E.-L.; Fallah M.; Farber D.B.; Fernandez-Triana J.; Feyerabend F.; Florio T.; Friebe M.; Furuta S.; Gabrielsen M.; Gruber J.; Grybos M.; Han Q.; Heinrich M.; Helanterä H.; Huber M.; Jeltsch A.; Jiang F.; Josse C.; Jurman G.; Kamiya H.; de Keersmaecker K.; Kristiansson E.; de Leeuw F.-E.; Li J.; Liang S.; Lopez-Escamez J.A.; Lopez-Ruiz F.J.; Marchbank K.J.; Marschalek R.; Martín C.S.; Miele A.E.; Montagutelli X.; Morcillo E.; Nicoletti R.; Niehof M.; O'Toole R.; Ohtomo T.; Oster H.; Palma J.-A.; Paterson R.; Peifer M.; Portilla M.; Portillo M.C.; Pritchard A.L.; Pusch S.; Raghava G.P.S.; Roberts N.J.; Ross K.; Schuele B.; Sergeant K.; Shen J.; Stella A.; Sukocheva O.; Uversky V.N.; Vanneste S.; Villet M.H.; Viveiros M.; Vorholt J.A.; Weinstock C.; Yamato M.; Zabetakis I.; Zhao X.; Ziegler A.; Aizat W.M.; Atlas L.; Bridges K.M.; Chakraborty S.; Deschodt M.; Domingues H.S.; Esfahlani S.S.; Falk S.; Guisado J.L.; Kane N.C.; Kueberuwa G.; Lau C.L.; Liang D.; Liu E.; Luu A.M.; Ma C.; Ma L.; Moyer R.; Norris A.D.; Panthee S.; Parsons J.R.; Peng Y.; Pinto I.M.; Reschke C.R.; Sillanpää E.; Stewart C.J.; Uhle F.; Yang H.; Zhou K.; Zhu S.; Ashry M.; Bergsland N.; Berthold M.; Chen C.-E.; Colella V.; Cuypers M.; Eskew E.A.; Fan X.; Gajda M.; Gonzálezlez-Prendes R.; Goodin A.; Graham E.B.; Groen E.J.N.; Gutiérrez-Sacristán A.; Habes M.; Heffler E.; Higginbottom D.B.; Janzen T.; Jayaraman J.; Jibb L.A.; Jongen S.; Kinyanjui T.; Koleva-Kolarova R.G.; Li Z.; Liu Y.-P.; Lund B.A.; Lussier A.A.; Ma L.; Mier P.; Moore M.D.; Nagler K.; Orme M.W.; Pearson J.A.; Prajapati A.S.; Saito Y.; Tröder S.E.; Uchendu F.; Verloh N.; Voutchkova D.D.; Abu-Zaid A.; Bakkach J.; Baumert P.; Dono M.; Hanson J.; Herbelet S.; Hobbs E.; Kulkarni A.; Kumar N.; Liu S.; Loft N.D.; Reddan T.; Senghore T.; Vindin H.; Xu H.; Bannon R.; Chen B.; Cheung J.T.K.; Cooper J.; Esnakula A.K.; Feghali K.A.; Ghelardi E.; Gnasso A.; Horbar J.; Lai H.M.; Li J.; Ma L.; Ma R.; Pan Z.; Peres M.A.; Pranata R.; Seow E.; Sydes M.; Testoni I.; Westermair A.L.; Yang Y.; Afnan M.; Albiol J.; Albuquerque L.G.; Amir S.; Amiya E.; Amorim R.M.; An Q.; Andersen S.U.; Aplin J.D.; Argyropoulos C.; Asmann Y.W.; Assaeed A.M.; Atanasov A.G.; Atchison D.A.; Avery S.V.; Avillach P.; Baade P.D.; Backman L.; Badie C.; Baldi A.; Ball E.; Bardot O.; Barnett A.G.; Basner M.; Batra J.; Bazanova O.M.; Beale A.; Beddoe T.; Bell M.L.; Berezikov E.; Berners-Price S.; Bernhardt P.; Berry E.; Bessa T.B.; Billington C.; Birch J.; Blakely R.D.; Blaskovich M.A.T.; Blum R.; Boelaert M.; Bogdanos D.; Bosch C.; Bourgoin T.; Bouvard D.; Boykin L.M.; Bradley G.; Braun D.; Brownlie J.; Brühl A.; Burt A.; Butler L.M.; Byrareddy S.N.; Byrne H.J.; Cabantous S.; Calatayud S.; Candal E.; Carlson K.; Casillas S.; Castelvetro V.; Caswell P.T.; Cavalli G.; Cerovsky V.; Chagoyen M.; Chen C.-S.; Chen D.F.; Chen H.; Chen H.; Chen J.-T.; Chen Y.; Cheng C.; Cheng J.; Chinapaw M.; Chinopoulos C.; Cho W.C.S.; Chong L.; Chowdhury D.; Chwalibog A.; Ciresi A.; Cockcroft S.; Conesa A.; Cook P.A.; Cooper D.N.; Coqueret O.; Corea E.M.; Costa A.; Costa E.; Coupland C.; Crawford S.Y.; Cruz A.D.; Cui H.; Cui Q.; Culver D.C.; D'Angiulli A.; Dahms T.E.S.; Daigle F.; Dalgleish R.; Danielsen H.E.; Darras S.; Davidson S.M.; Day D.A.; Degirmenci V.; Demaison L.; Devriendt K.; Ding J.; Dogan Y.; Dong X.C.; Donner C.F.; Dressick W.; Drevon C.A.; Duan H.; Ducho C.; Dumaz N.; Dwarakanath B.S.; Ebell M.H.; Eisenhardt S.; Elkum N.; Engel N.; Erickson T.B.; Fairhead M.; Faville M.J.; Fejzo M.S.; Festa F.; Feteira A.; Flood-Page P.; Forsayeth J.; Fox S.A.; Franks S.J.; Frentiu F.D.; Frilander M.J.; Fu X.; Fujita S.; Galea I.; Galluzzi L.; Gani F.; Ganpule A.P.; García-Alix A.; Gedye K.; Giordano M.; Giunta C.; Gleeson P.A.; Goarant C.; Gong H.; Gora D.; Gough M.J.; Goyal R.; Graham K.E.; Grande-Pérez A.; Graves P.M.; Greidanus H.; Grice D.; Grunau C.; Gumulya Y.; Guo Y.; Gurevich V.V.; Gusev O.; Hacker E.; Hage S.R.; Hagen G.; Hahn S.; Haller D.M.; Hammerschmidt S.; Han J.; Han R.; Handfield M.; Hapuarachchi H.C.; Harder T.; Hardingham J.E.; Heck M.; Heers M.; Hew K.F.; Higuchi Y.; Hilaire C.St.; Hilton R.; Hodzic E.; Hone A.; Hongoh Y.; Hu G.; Huber H.P.; Hueso L.E.; Huirne J.; Hurt L.; Idborg H.; Ikeo K.; Ingley E.; Jakeman P.M.; Jensen A.; Jia H.; Jia H.; Jia S.; Jiang J.; Jiang X.; Jin Y.; Jo D.; Johnson A.M.; Johnston M.; Jonscher K.R.; Jorens P.G.; Jorgensen J.O.L.; Joubert J.W.; Jung S.-H.; Junior A.M.; Kahan T.; Kamboj S.K.; Kang Y.-K.; Karamanos Y.; Karp N.A.; Kelly R.; Kenna R.; Kennedy J.; Kersten B.; Khalaf R.A.; Khalid J.M.; Khatlani T.; Khider T.; Kijanka G.S.; King S.R.B.; Kluz T.; Knox P.; Kobayashi T.; Koch K.-W.; Kohonen-Corish M.R.J.; Kong X.; Konkle-Parker D.; Korpela K.M.; Kostrikis L.G.; Kraiczy P.; Kratz H.; Krause G.; Krebsbach P.H.; Kristensen S.R.; Kumari P.; Kunimatsu A.; Kurdak H.; Kwon Y.D.; Lachat C.; Lagisz M.; Laky B.; Lammerding J.; Lange M.; Larrosa M.; Laslett A.L.; Laverman G.D.; Leclair E.E.; Lee K.-W.; Lee M.-Y.; Lee M.-S.; Li G.; Li J.; Lieb K.; Lim Y.Y.; Lindsey M.L.; Line P.-D.; Liu D.; Liu F.; Liu H.; Liu H.; Lloyd V.K.; Lo T.-W.; Locci E.; Loidl J.; Lorenzen J.; Lorkowski S.; Lovell N.H.; Lu H.; Lu W.; Lu Z.; Luengo G.S.; Lundh L.-G.; Lysy P.A.; Mabb A.; Mack H.G.; Mackey D.A.; Mahdavi S.R.; Maher P.; Maher T.; Maity S.N.; Malgrange B.; Mamoulakis C.; Mangoni A.A.; Manke T.; Manstead A.S.R.; Mantalaris A.; Marsal J.; Marschall H.-U.; Martin F.L.; Martinez-Raga J.; Martinez-Salas E.; Mathieu D.; Matsui Y.; Maza E.; McCutcheon J.E.; McKay G.J.; McMillan B.; McMillan N.; Meads C.; Medina L.; Merrick B.A.; Metzger D.W.; Meunier F.A.; Michaelis M.; Micheau O.; Mihara H.; Mintz E.M.; Mizukami T.; Moalic Y.; Mohapatra D.P.; Monteiro A.; Montes M.; Moran J.V.; Morozov S.Y.; Mort M.; Murai N.; Murphy D.J.; Murphy S.K.; Murray S.A.; Naganawa S.; Nammi S.; Nasios G.; Natoli R.M.; Nguyen F.; Nicol C.; van Nieuwerburgh F.; Nilsen E.B.; Nobile C.J.; O'Mahony M.; Ohlsson S.; Olatunbosun O.; Olofsson P.; Ortiz A.; Ostrikov K.; Otto S.; Outeiro T.F.; Ouyang S.; Paganoni S.; Page A.; Palm C.; Paradies Y.; Parsons M.H.; Parsons N.; Pascal P.; Paul E.; Peckham M.; Pedemonte N.; Pellizzon M.A.; Petrelli M.; Pichugin A.; Pinto C.J.C.; Plevris J.N.; Pollesello P.; Polz M.; Ponti G.; Porcelli P.; Prince M.; Quinn G.P.; Quinn T.J.; Ramula S.; Rappsilber J.; Rehfeldt F.; Reiling J.H.; Remacle C.; Rezaei M.; Riddick E.W.; Ritter U.; Roach N.W.; Roberts D.D.; Robles G.; Rodrigues T.; Rodriguez C.; Roislien J.; Roobol M.J.; Rowe A.; Ruepp A.; van Ruitenbeek J.; Rust P.; Saad S.; Sack G.H.; Santos M.; Saudemont A.; Sava G.; Schrading S.; Schramm A.; Schreiber M.; Schuler S.; Schymkowitz J.; Sczyrba A.; Seib K.L.; Shi H.-P.; Shimada T.; Shin J.-S.; Shortt C.; Silveyra P.; Skinner D.; Small I.; Smeets P.A.M.; So P.-W.; Solano F.; Sonenshine D.E.; Song J.; Southall T.; Speakman J.R.; Srinivasan M.V.; Stabile L.P.; Stasiak A.; Steadman K.J.; Stein N.; Stephens A.W.; Stewart D.I.; Stine K.; Storlazzi C.; Stoynova N.V.; Strzalka W.; Suarez O.M.; Sultana T.; Sumant A.V.; Summers M.J.; Sun G.; Tacon P.; Tanaka K.; Tang H.; Tanino Y.; Targett-Adams P.; Tayebi M.; Tayyem R.; Tebbe C.C.; Telfer E.E.; Tempel W.; Teodorczyk-Injeyan J.A.; Thijs G.; Thorne S.; Thrift A.G.; Tiffon C.; Tinnefeld P.; Tjahjono D.H.; Tolle F.; Toth E.; Del Tredici A.L.; Tsapas A.; Tsirigotis K.; Turak A.; Tzotzos G.; Udo E.E.; Utsumi T.; Vaidyanathan S.; Vaillant M.; Valsesia A.; Vandenbroucke R.E.; Veiga F.H.; Vendrell M.; Vesk P.A.; Vickers P.; Victor V.M.; Villemur R.; Vohl M.-C.; Voolstra C.R.; Vuillemin A.; Wakelin S.; Waldron L.; Walsh L.J.; Wang A.Y.; Wang F.; Wang Y.; Watanabe Y.; Weigert A.; Wen J.-C.; Wham C.; White E.P.; Wiener J.; Wilharm G.; Wilkinson S.; Willmann R.; Wilson C.; Wirth B.; Wojan T.R.; Wolff M.; Wong B.M.; Wu T.-W.; Wuerbel H.; Xiao X.; Xu D.; Xu J.W.; Xu J.; Xue B.; Yalcin S.; Yan H.; Yang E.-C.; Yang S.; Yang W.; Ye Y.; Ye Z.-Q.; Yli-Kauhaluoma J.; Yoneyama H.; Yu Y.; Yuan G.-C.; Yuh C.-H.; Zaccolo M.; Zeng C.; Zevnik B.; Zhang C.; Zhang L.; Zhang Y.; Zhang Y.; Zhang Z.; Zhang Z.-Y.; Zhao Y.; Zhou M.; Zuberbier T.; Aanei C.M.; Ahmad R.; Al-Lawama M.; Alanio A.; Allardyce J.; Alonso-Caneiro D.; Atack J.M.; Baier D.; Bansal A.; Benezeth Y.; Berbesque C.; Berrevoet F.; Biedermann P.H.W.; Bijleveld E.; Bittner F.; Blombach F.; van den Bos W.; Boudreau S.A.; Bramoweth A.D.; Braubach O.; Cai Y.; Campbell M.; Cao Z.; Catry T.; Chen X.; Cheng S.; Chung H.-J.; Chávez-Fumagalli M.A.; Conway A.; Costa B.M.; Cyr N.; Dean L.T.; Denzel M.S.; Dlamini S.V.; Dudley K.J.; Dufies M.; Ecke T.; Eckweiler D.; Eixarch E.; El-Adawy H.; Emmrich J.V.; Eustace A.J.; Falter-Wagner C.M.; Farhoudi R.; Fuss J.; Gao J.; Gill M.R.; Gloyn L.; Goggs R.; Govinden U.; Greene G.; Greiff V.; Grundle D.S.; Grüneberg P.; Gumede N.; Haore G.; Harrison P.; Hoenner X.; Hojsgaard D.; Hori H.; Ikonomopoulou M.P.; Jeurissen P.; Johnson D.M.; Kabra D.; Kamagata K.; Karmakar C.; Kasian O.; Kaye L.K.; Khan M.M.; Kim Y.-M.; Kish J.K.; Kobold S.; Kohanbash G.; Kohls G.; Kugler J.-M.; Kumar G.; Lacy-Colson J.; Latif A.; Lauschke V.M.; Li B.; Lim C.J.; Liu F.; Liu X.; Lu J.-J.; Lu Q.; Mahavadi P.; Marzocchi U.; McGarrigle C.A.; van Meerten T.; Min R.; Moal I.; Molari M.; Molleman L.; Mondal S.R.; van de Mortel T.; Moss W.N.; Moultos O.A.; Mukherjee M.; Nakayama K.; Narayan E.; Navaratnarajah; Neumann P.-A.; Nie J.; Nie Y.; Niemeyer F.; Nolan F.; Nwaiwu O.; Oldenmenger W.H.; Olumayede E.; Ou J.; Pallebage-Gamarallage M.; Pearce S.P.; Pelkonen T.; Pelleri M.C.; Pereira J.L.; Pheko M.; Pinto K.A.; Piovesan A.; Pluess M.; Podolsky I.M.; Prescott J.; Qi D.; Qi X.; Raikou V.D.; Ranft A.; Rhodes J.; Rotge J.-Y.; Rowe A.D.; Saggar M.; Schuon R.A.; Shahid S.; Shalchyan V.; Shirvalkar P.; Shiryayev O.; Singh J.; Smout M.J.; Soares A.; Song C.; Srivastava K.; Srivastava R.K.; Sun J.; Szabo A.; Szymanski W.; Tai C.N.P.; Takeuchi H.; Tanadini-Lang S.; Tang F.; Tao W.; Theron G.; Tian C.F.; Tian Y.-S.; Tuttle L.M.; Valenti A.; Verlot P.; Walker M.; Wang J.; Welter D.; Winslade M.; Wu D.; Wu Y.-R.; Xiao H.; Xu B.; Xu J.; Xu Z.; Yang D.; Yang M.; Yankilevich P.; You Y.; Yu C.; Zhan J.; Zhang G.; Zhang K.; Zhang T.; Zhang Y.; Zhao G.; Zhao J.; Zhou X.; Zhu Z.; Ajani P.A.; Anazodo U.C.; Bagloee S.A.; Bail K.; Bar I.; Bathelt J.; Benkeser D.; Bernier M.L.; Blanchard A.M.; Boakye D.W.; Bonatsos V.; Boon M.H.; Bouboulis G.; Bromfield E.; Brown J.; Bul K.C.M.; Burton K.J.","Brown, Peter (57007545300); Zhou, Yaoqi (7405366766); Tan, Aik-Choon (8949996200); El-Esawi, Mohamed A. (56495494400); Liehr, Thomas (56404741200); Blanck, Oliver (59038586300); Gladue, Douglas P. (14524742900); Almeida, Gabriel M.F. (57220539979); Cernava, Tomislav (56289016300); Sorzano, Carlos O. (35796367700); Yeung, Andy W.K. (56566138000); Engel, Michael S. (57204589904); Chandrasekaran, Arun R. (36720031000); Muth, Thilo (35756333700); Staege, Martin S. (6602095837); Daulatabad, Swapna V. (57210639715); Widera, Darius (8875165400); Zhang, Junpeng (56346818500); Meule, Adrian (37009928700); Honjo, Ken (35891903100); Pourret, Olivier (6508374533); Yin, Cong-Cong (57188924310); Zhang, Zhongheng (36761802400); Cascella, Marco (55212932300); Flegel, Willy A. (36803136800); Goodyear, Carl S. (7006400609); van Raaij, Mark J. (7003305911); Bukowy-Bieryllo, Zuzanna (6508242708); Campana, Luca G. (7005744640); Kurniawan, Nicholas A. (36673256000); Lalaouna, David (54383716700); Hüttner, Felix J. (56404549700); Ammerman, Brooke A. (56206447000); Ehret, Felix (57216740641); Cobine, Paul A. (6602646021); Tan, Ene-Choo (15740200500); Han, Hyemin (55556320600); Xia, Wenfeng (59272476600); McCrum, Christopher (41762142000); Dings, Ruud P.M. (6602791838); Marinello, Francesco (16230574000); Nilsson, Henrik (57215513873); Nixon, Brett (34571659200); Voskarides, Konstantinos (22956261200); Yang, Long (57001575500); Costa, Vincent D. (21741779700); Bengtsson-Palme, Johan (55861352500); Bradshaw, William (56258831000); Grimm, Dominik G. (57202554421); Kumar, Nitin (57189043356); Martis, Elvis (36872393500); Prieto, Daniel (56076343200); Sabnis, Sandeep C. (56592359200); Amer, Said E.D.R. (25631803300); Liew, Alan W.C. (7005648281); Perco, Paul (6508063067); Rahimi, Farid (6603731766); Riva, Giuseppe (56962750600); Zhang, Chongxing (57216134545); Devkota, Hari P. (24775939500); Ogami, Koichi (55283522800); Basharat, Zarrin (56641793600); Fierz, Walter (57225444337); Siebers, Robert (57192982137); Tan, Kok H. (24578214500); Boehme, Karen A. (57093491400); Brenneisen, Peter (7003474441); Brown, James A.L. (55537470100); Dalrymple, Brian P. (7005408797); Harvey, David J. (7202064593); Ng, Grace (57216127355); Werten, Sebastiaan (6506636920); Bleackley, Mark (10045493800); Dai, Zhanwu (57212426258); Dhariwal, Raman (39361463000); Gelfer, Yael (12767311800); Hartmann, Marcus D. (35725501400); Miotla, Pawel (14039600800); Tamaian, Radu (23478435600); Govender, Pragashnie (56660454500); Gurney-Champion, Oliver J. (55820244100); Kauppila, Joonas H. (37665210400); Zhang, Xiaolei (57216129019); Echeverría, Natalia (24070523500); Subhash, Santhilal (56429381900); Sallmon, Hannes (25959716500); Tofani, Marco (56815263900); Bae, Taeok (7003924350); Bosch, Oliver (35320938900); Cuív, Páraic O. (6507545094); Danchin, Antoine (7103235597); Diouf, Barthelemy (12767349200); Eerola, Tuomas (6602209042); Evangelou, Evangelos (22957065200); Filipp, Fabian (6506112702); Klump, Hannes (57125807400); Kurgan, Lukasz (6602308535); Smith, Simon S. (55820195400); Terrier, Olivier (23994742900); Tuttle, Neil (15726699900); Ascher, David B. (24170676900); Janga, Sarath C. (7801631748); Schulte, Leon N. (36968628800); Becker, Daniel (56326134900); Browngardt, Christopher (6508052158); Bush, Stephen J. (55990337100); Gaullier, Guillaume (8571828100); Ide, Kazuki (55903795000); Meseko, Clement (26429742500); Werner, Gijsbert D.A. (55325802700); Zaucha, Jan (56452784800); Al-Farha, Abd A. (57197792889); Greenwald, Noah F. (57192165335); Popoola, Segun I. (57193386851); Rahman, Shaifur (57216572476); Xu, Jialin (57191983413); Yang, Sunny Y. (57215371207); Hiroi, Noboru (7004295245); Alper, Ozgul M. (6603575636); Baker, Chris I. (55175093900); Bitzer, Michael (57203106194); Chacko, George (7006098428); Debrabant, Birgit (55355145300); Dixon, Ray (57203216537); Forano, Evelyne (7003455063); Gilliham, Matthew (8574835600); Kelly, Sarah (35557389000); Klempnauer, Karl-Heinz (7005747518); Lidbury, Brett A. (6701446320); Lin, Michael Z. (7404817856); Lynch, Iseult (6603538848); Ma, Wujun (8651828800); Maibach, Edward W. (35902262500); Mather, Diane E. (7007128040); Nandakumar, Kutty S. (35564710600); Ohgami, Robert S. (55294879100); Parchi, Piero (7003806567); Tressoldi, Patrizio (6603556866); Xue, Yu (7402270422); Armitage, Charles (36652335800); Barraud, Pierre (57216124201); Chatzitheochari, Stella (26323115900); Coelho, Luis P. (24479368500); Diao, Jiajie (8510264400); Doxey, Andrew C. (14043141300); Gobet, Angélique (18535154700); Hu, Pingzhao (8957120500); Kaiser, Stefan (57216130645); Mitchell, Kate M. (36761324800); Salama, Mohamed F. (56392509100); Shabalin, Ivan G. (35339906800); Song, Haijun (7404037079); Stevanovic, Dejan (16313807500); Yadollahpour, Ali (57204564896); Zeng, Erliang (13605421200); Zinke, Katharina (35794304700); Alimba, C.G. (15128746800); Beyene, Tariku J. (57201181881); Cao, Zehong (57013935800); Chan, Sherwin S. (55849801000); Gatchell, Michael (55440860600); Kleppe, Andreas (57188989273); Piotrowski, Marcin (57216123926); Torga, Gonzalo (56422180100); Woldesemayat, Adugna A. (57192011239); Cosacak, Mehmet I. (56845680300); Haston, Scott (56746333600); Ross, Stephanie A. (57193016869); Williams, Richard (56854849800); Wong, Alvin (57193304826); Abramowitz, Matthew K. (23033146600); Effiong, Andem (57213158150); Lee, Senhong (57216133325); Abid, Muhammad B. (57189239588); Agarabi, Cyrus (24528206100); Alaux, Cedric (57216127384); Albrecht, Dirk R. (57201026079); Atkins, Gerald J. (57204262074); Beck, Charles R. (57211183667); Bonvin, A.M.J.J. (7003870500); Bourke, Emer (7007128984); Brand, Thomas (7004694937); Braun, Ralf J. (26540761500); Bull, James A. (24392233100); Cardoso, Pedro (36112709400); Carter, Dee (8535406900); Delahay, Robin M. (7003609987); Ducommun, Bernard (7006643374); Duijf, Pascal H.G. (6506948308); Epp, Trevor (7801649885); Eskelinen, Eeva-Liisa (7004629537); Fallah, Mazyar (7003683185); Farber, Debora B. (7102756963); Fernandez-Triana, Jose (14019341800); Feyerabend, Frank (16202548100); Florio, Tullio (7006489035); Friebe, Michael (24764882900); Furuta, Saori (8565085700); Gabrielsen, Mads (6602622418); Gruber, Jens (57193752990); Grybos, Malgorzata (19336932700); Han, Qian (59582628700); Heinrich, Michael (16156235300); Helanterä, Heikki (22985116000); Huber, Michael (55581364500); Jeltsch, Albert (7005736654); Jiang, Fan (58380443900); Josse, Claire (6602779888); Jurman, Giuseppe (6602367398); Kamiya, Haruyuki (7202162265); de Keersmaecker, Kim (24070397400); Kristiansson, Erik (8986273500); de Leeuw, Frank-Erik (7005398469); Li, Jiuyong (57193306418); Liang, Shide (57216134665); Lopez-Escamez, Jose A. (7003654696); Lopez-Ruiz, Francisco J. (14031637500); Marchbank, Kevin J. (6507078786); Marschalek, Rolf (56238013200); Martín, Carmen S. (57219832626); Miele, Adriana E. (35509603200); Montagutelli, Xavier (7004592288); Morcillo, Esteban (7005356249); Nicoletti, Rosario (36155710500); Niehof, Monika (6603142428); O'Toole, Ronan (7005094224); Ohtomo, Toshihiko (7005107200); Oster, Henrik (57204274028); Palma, Jose-Alberto (35800102800); Paterson, Russell (57216124740); Peifer, Mark (7005735378); Portilla, Maribel (25936653200); Portillo, M.C. (8582196200); Pritchard, Antonia L. (7102481479); Pusch, Stefan (16643663500); Raghava, Gajendra P.S. (7003507401); Roberts, Nicola J. (8682473200); Ross, Kehinde (7202123002); Schuele, Birgitt (53264854900); Sergeant, Kjell (6507319039); Shen, Jun (55649570000); Stella, Alessandro (7102663284); Sukocheva, Olga (6602940090); Uversky, Vladimir N. (7005768480); Vanneste, Sven (35225555700); Villet, Martin H. (7004262479); Viveiros, Miguel (7003949212); Vorholt, Julia A. (7003399158); Weinstock, Christof (6603764934); Yamato, Masayuki (57203233492); Zabetakis, Ioannis (57217526437); Zhao, Xin (7407576254); Ziegler, Andreas (24828815600); Aizat, Wan M. (43661014200); Atlas, Lauren (57200609045); Bridges, Kristina M. (57200940426); Chakraborty, Sayan (37096832200); Deschodt, Mieke (36193698600); Domingues, Helena S. (26635073600); Esfahlani, Shabnam S. (55303828200); Falk, Sebastian (56335079900); Guisado, J.L. (6604095428); Kane, Nolan C. (7006055009); Kueberuwa, Gray (36637654100); Lau, Colleen L. (57002151900); Liang, Dai (57216135084); Liu, Enwu (57376086400); Luu, Andreas M. (57190564607); Ma, Chuang (35203701000); Ma, Lisong (35211443200); Moyer, Robert (57216124472); Norris, Adam D. (35103019600); Panthee, Suresh (8873073400); Parsons, Jerod R. (57199218033); Peng, Yousong (36673675100); Pinto, Ines M. (55248268200); Reschke, Cristina R. (59268961000); Sillanpää, Elina (14026175800); Stewart, Christopher J. (56124077800); Uhle, Florian (36610828600); Yang, Hui (57218121271); Zhou, Kai (56591329500); Zhu, Shu (57203861255); Ashry, Mohamed (56533784200); Bergsland, Niels (16311422200); Berthold, Maximilian (57196374434); Chen, Chang-Er (55322026700); Colella, Vito (56568153500); Cuypers, Maarten (56462496200); Eskew, Evan A. (24477111600); Fan, Xiao (57204470415); Gajda, Maksymilian (56210632800); Gonzálezlez-Prendes, Rayner (57216128900); Goodin, Amie (55540052200); Graham, Emily B. (55910433500); Groen, Ewout J.N. (24450026200); Gutiérrez-Sacristán, Alba (56728807700); Habes, Mohamad (55445429000); Heffler, Enrico (11640594200); Higginbottom, Daniel B. (55330606100); Janzen, Thijs (55215458100); Jayaraman, Jayakumar (51565457300); Jibb, Lindsay A. (58952429800); Jongen, Stefan (7801632015); Kinyanjui, Timothy (56805137100); Koleva-Kolarova, Rositsa G. (56596759500); Li, Zhixiu (55700892800); Liu, Yu-Peng (57216668482); Lund, Bjarte A. (56127937100); Lussier, Alexandre A. (56330131000); Ma, Liping (58451339700); Mier, Pablo (54581324500); Moore, Matthew D. (56352920900); Nagler, Katja (56024271000); Orme, Mark W. (56096146100); Pearson, James A. (56810238600); Prajapati, Anilkumar S. (57216127490); Saito, Yu (57216123393); Tröder, Simon E. (57151302600); Uchendu, Florence (56663227800); Verloh, Niklas (55775706500); Voutchkova, Denitza D. (56183844100); Abu-Zaid, Ahmed (45861125100); Bakkach, Joaira (57191633469); Baumert, Philipp (56203138700); Dono, Marcos (57196949817); Hanson, Jack (57194425812); Herbelet, Sandrine (57190435612); Hobbs, Emma (39561148200); Kulkarni, Ameya (57210241488); Kumar, Narendra (57202050568); Liu, Siqi (57216130613); Loft, Nikolai D. (57193425330); Reddan, Tristan (57192390756); Senghore, Thomas (55854210200); Vindin, Howard (55802766900); Xu, Haotian (57192983000); Bannon, Ross (57216222568); Chen, Branson (57193237715); Cheung, Johnny T.K. (57201699011); Cooper, Jeffrey (55471777300); Esnakula, Ashwini K. (34879681600); Feghali, Karine A. (59344710200); Ghelardi, Emilia (6603918324); Gnasso, Agostino (7005345782); Horbar, Jeffrey (7003825179); Lai, Hei M. (57216132674); Li, Jian (7410071118); Ma, Lan (57216126186); Ma, Ruiyan (8403211200); Pan, Zihang (59109030700); Peres, Marco A. (55930551500); Pranata, Raymond (57201973901); Seow, Esmond (56600311900); Sydes, Matthew (57194811290); Testoni, Ines (54790194400); Westermair, Anna L. (57201214859); Yang, Yongliang (9942009900); Afnan, Masoud (56908715000); Albiol, Joan (6602398532); Albuquerque, Lucia G. (7003320101); Amir, Shimon (58707500500); Amiya, Eisuke (8516886700); Amorim, Rogerio M. (7004187936); An, Qianli (7006907341); Andersen, Stig U. (56367717300); Aplin, John D. (7005428665); Argyropoulos, Christos (14025280200); Asmann, Yan W. (6505913007); Assaeed, Abdulaziz M. (6602353733); Atanasov, Atanas G. (7102991067); Atchison, David A. (7005973301); Avery, Simon V. (7103020830); Avillach, Paul (23972137300); Baade, Peter D. (35617492600); Backman, Lars (7102174121); Badie, Christophe (6603366641); Baldi, Alfonso (7101714473); Ball, Elizabeth (57216130413); Bardot, Olivier (58355503600); Barnett, Adrian G. (7203071164); Basner, Mathias (8771973200); Batra, Jyotsna (57193235013); Bazanova, O.M. (19933417100); Beale, Andrew (8889480300); Beddoe, Travis (6603390424); Bell, Melanie L. (7401466875); Berezikov, Eugene (6603403297); Berners-Price, Sue (7004174275); Bernhardt, Peter (7103130666); Berry, Edward (35986085500); Bessa, Theolis B. (57194484812); Billington, Craig (58432889300); Birch, John (7006710951); Blakely, Randy D. (7102250529); Blaskovich, Mark A.T. (6603840133); Blum, Robert (35291626900); Boelaert, Marleen (7005040188); Bogdanos, Dimitrios (6603843484); Bosch, Carles (57216132959); Bourgoin, Thierry (6603737928); Bouvard, Daniel (7003289033); Boykin, Laura M. (14028117400); Bradley, Graeme (7101740099); Braun, Daniel (7201926643); Brownlie, Jeremy (7005541444); Brühl, Albert (25624661000); Burt, Austin (57218078187); Butler, Lisa M. (57221868148); Byrareddy, Siddappa N. (6506421639); Byrne, Hugh J. (7005568684); Cabantous, Stephanie (59435195700); Calatayud, Sara (7004255541); Candal, Eva (6506451412); Carlson, Kimberly (7202926718); Casillas, Sònia (8904321100); Castelvetro, Valter (6603680484); Caswell, Patrick T. (12800004200); Cavalli, Giacomo (56233803600); Cerovsky, Vaclav (6603843675); Chagoyen, Monica (6507736561); Chen, Chang-Shi (57154865000); Chen, Dong F. (57216128166); Chen, Hao (57840846600); Chen, Hui (40761074800); Chen, Jui-Tung (57216129930); Chen, Yinglong (57211966989); Cheng, Changxiu (15839192900); Cheng, Jianlin (57203108630); Chinapaw, Mai (26029744000); Chinopoulos, Christos (6602951392); Cho, William C.S. (58556411300); Chong, Lillian (7102909067); Chowdhury, Debashish (7103206004); Chwalibog, Andre (8918424400); Ciresi, A. (16201784700); Cockcroft, Shamshad (57207563278); Conesa, Ana (18633587000); Cook, Penny A. (58705067400); Cooper, David N. (25932904900); Coqueret, Olivier (6603932147); Corea, Enoka M. (6507292877); Costa, Antonio (57989916100); Costa, Elisio (7402527214); Coupland, Carol (7003598940); Crawford, Stephanie Y. (7202195111); Cruz, Aparecido D. (57190510534); Cui, Huijuan (36113290200); Cui, Qiang (7103080139); Culver, David C. (7006428719); D'Angiulli, Amedeo (6701841705); Dahms, Tanya E.S. (8147202200); Daigle, France (6603507675); Dalgleish, Raymond (7005949115); Danielsen, Håvard E. (55080265700); Darras, Sébastien (6603178040); Davidson, Sean M. (10139785100); Day, David A. (24545592500); Degirmenci, Volkan (16244765000); Demaison, Luc (57216132702); Devriendt, Koenraad (55981139700); Ding, Jiandong (7402608164); Dogan, Yunus (57212629075); Dong, X.C. (36871470400); Donner, Claudio F. (57216123202); Dressick, Walter (6603736745); Drevon, Christian A. (55389973300); Duan, Huiling (15844737600); Ducho, Christian (6603903461); Dumaz, Nicolas (6603203536); Dwarakanath, Bilikere S. (35452100300); Ebell, Mark H. (7006195259); Eisenhardt, Steffen (6602443253); Elkum, Naser (24314984100); Engel, Nadja (57216127434); Erickson, Timothy B. (7005246717); Fairhead, Michael (6506985320); Faville, Marty J. (6506685123); Fejzo, Marlena S. (6602636681); Festa, Fernanda (8764168200); Feteira, Antonio (9234751300); Flood-Page, Patrick (6603285441); Forsayeth, John (7003678490); Fox, Simon A. (7401924616); Franks, Steven J. (57209114105); Frentiu, Francesca D. (15848355100); Frilander, Mikko J. (6602581732); Fu, Xinmiao (26649410700); Fujita, Satoshi (57221756433); Galea, Ian (8659770400); Galluzzi, Luca (6603127555); Gani, Federica (6701907773); Ganpule, Arvind P. (6504803600); García-Alix, Antonio (7003913287); Gedye, Kristene (13805422900); Giordano, Maurizio (7201827462); Giunta, Cecilia (7005933317); Gleeson, Paul A. (55862743500); Goarant, Cyrille (6603498952); Gong, Haipeng (57205067584); Gora, Diop (55934633000); Gough, Michael J. (57193220088); Goyal, Ravinder (15724975700); Graham, Kathryn E. (57216133807); Grande-Pérez, Ana (23466816100); Graves, Patricia M. (7103177508); Greidanus, Harm (6602566078); Grice, Darren (55665094600); Grunau, Christoph (6602853341); Gumulya, Yosephine (25822988400); Guo, Yabin (57216126791); Gurevich, Vsevolod V. (24294144900); Gusev, Oleg (55289623600); Hacker, Elke (8613615700); Hage, Steffen R. (7005999396); Hagen, Guy (7006211228); Hahn, Steven (7401986485); Haller, Dagmar M. (16244465800); Hammerschmidt, Sven (56091235400); Han, Jianwei (57216132296); Han, Renzhi (7202457399); Handfield, Martin (6602492329); Hapuarachchi, Hapuarachchige C. (12808627100); Harder, Timm (7102369501); Hardingham, Jennifer E. (6602153219); Heck, Michelle (57194590640); Heers, Marcel (35764434700); Hew, Khe F. (15757639100); Higuchi, Yohei (16063739400); Hilaire, Cynthia St. (57216132454); Hilton, Rachel (7006452715); Hodzic, Enisa (36028227700); Hone, Andrew (11043972000); Hongoh, Yuichi (6602451732); Hu, Guoku (15026503500); Huber, Heinz P. (56240416100); Hueso, Luis E. (6701830282); Huirne, Judith (6507356903); Hurt, Lisa (12242030100); Idborg, Helena (9733565600); Ikeo, Kazuho (7004461101); Ingley, Evan (6701492654); Jakeman, Philip M. (6603833228); Jensen, Arne (57216129013); Jia, Hong (16030974500); Jia, Husen (59030423200); Jia, Shuqin (55634598900); Jiang, Jianping (58730172100); Jiang, Xingyu (57216126147); Jin, Yi (57201453615); Jo, Daehyun (55585656300); Johnson, Andrew M. (7410013285); Johnston, Marie (7402060418); Jonscher, Karen R. (6602968731); Jorens, Philippe G. (7005805442); Jorgensen, Jens O.L. (59578218300); Joubert, Johan W. (55694022800); Jung, Sin-Ho (59111136600); Junior, Antonio M. (57191041338); Kahan, Thomas (7005494859); Kamboj, Sunjeev K. (7003707171); Kang, Yong-Kook (35367989500); Karamanos, Yannis (7003764653); Karp, Natasha A. (7003365666); Kelly, Ryan (7401961833); Kenna, Ralph (55938268100); Kennedy, Jonathan (7404197642); Kersten, Birgit (7003496233); Khalaf, Roy A. (6701504025); Khalid, Javaria M. (6507662659); Khatlani, T. (57216124353); Khider, Tarig (6507874437); Kijanka, Gregor S. (6505693293); King, Sarah R.B. (16238993000); Kluz, Tomasz (36962100300); Knox, Paul (57174323100); Kobayashi, Tatsuya (56595864500); Koch, Karl-Wilhelm (7401559747); Kohonen-Corish, Maija R.J. (6603956915); Kong, Xiangpeng (26651861200); Konkle-Parker, Deborah (6602396026); Korpela, Kalevi M. (6603894478); Kostrikis, Leondios G. (6701410435); Kraiczy, Peter (6701585923); Kratz, Harald (55539098200); Krause, Günter (57216134564); Krebsbach, Paul H. (7004077362); Kristensen, Søren R. (7102118469); Kumari, Prerna (57216123471); Kunimatsu, Akira (57393819900); Kurdak, Hatice (13006063500); Kwon, Young D. (35187235300); Lachat, Carl (12344521500); Lagisz, Malgorzata (6506268307); Laky, Brenda (6507913381); Lammerding, Jan (6602624208); Lange, Matthias (36028279400); Larrosa, Mar (6603369344); Laslett, Andrew L. (6602827466); Laverman, Gozewijn D. (6603177138); Leclair, Elizabeth E. (7004254146); Lee, Kyung-Woo (56049037800); Lee, Ming-Yih (57193787205); Lee, Moon-Soo (25932192700); Li, Genyuan (57216134099); Li, Jiansheng (57842485700); Lieb, Klaus (57193168525); Lim, Yau Y. (7402565095); Lindsey, Merry L. (7006713612); Line, Paul-Dag (6604056961); Liu, Dengcai (7410100272); Liu, Fengbin (55799656200); Liu, Haiyan (56258436500); Liu, Hongde (35237615300); Lloyd, Vett K. (6603725518); Lo, Te-Wen (7203076080); Locci, Emanuela (57216940140); Loidl, Josef (7003920745); Lorenzen, Johan (26032226300); Lorkowski, Stefan (57203677656); Lovell, Nigel H. (7006684228); Lu, Hua (59055880900); Lu, Wei (57216125828); Lu, Zhiyong (23474115300); Luengo, Gustavo S. (6603874313); Lundh, Lars-Gunnar (7004284893); Lysy, Philippe A. (23009224000); Mabb, Angela (9938990000); Mack, Heather G. (14719736000); Mackey, David A. (36909266400); Mahdavi, S.R. (6603806138); Maher, Pamela (7102995330); Maher, Toby (56799189700); Maity, Sankar N. (7006617300); Malgrange, Brigitte (7003675477); Mamoulakis, Charalampos (24764948200); Mangoni, Arduino A. (7006387229); Manke, Thomas (57215616179); Manstead, Antony S.R. (7003913291); Mantalaris, Athanasios (6602643679); Marsal, Jan (7006112307); Marschall, Hanns-Ulrich (7006455698); Martin, Francis L. (55441090600); Martinez-Raga, Jose (57202861191); Martinez-Salas, Encarnacion (7004619705); Mathieu, Daniel (57216129822); Matsui, Yoichi (57216128198); Maza, Elie (15071162400); McCutcheon, James E. (7006067102); McKay, Gareth J. (7202215396); McMillan, Brian (7006925616); McMillan, Nigel (34571159900); Meads, Catherine (57197283590); Medina, Loreta (7103011569); Merrick, B. Alex (7004662503); Metzger, Dennis W. (24434477500); Meunier, Frederic A. (7101758786); Michaelis, Martin (34571115900); Micheau, Olivier (57197789687); Mihara, Hisaaki (7103032265); Mintz, Eric M. (7006650295); Mizukami, Takuo (15063006900); Moalic, Yann (36515145400); Mohapatra, D.P. (7004095629); Monteiro, Antonia (7102146090); Montes, Matthieu (14219312400); Moran, John V. (7402046149); Morozov, Sergey Y. (7102189595); Mort, Matthew (7004591325); Murai, Noriyuki (7007184601); Murphy, Denis J. (7404062677); Murphy, Susan K. (7402778695); Murray, Shauna A. (57719601900); Naganawa, Shinji (7005731880); Nammi, Srinivas (6602547699); Nasios, Grigorios (6507113679); Natoli, Roman M. (56490516500); Nguyen, Frederique (7006076102); Nicol, Christine (35448885300); van Nieuwerburgh, Filip (12345200700); Nilsen, Erlend B. (7004895784); Nobile, Clarissa J. (8664518700); O'Mahony, Margaret (56186787100); Ohlsson, Sophie (57202407505); Olatunbosun, Oluremi (7003975193); Olofsson, Per (35512638300); Ortiz, Alberto (7201911399); Ostrikov, Kostya (26636586300); Otto, Siegmar (55632917900); Outeiro, Tiago F. (6507801380); Ouyang, Songying (38061992100); Paganoni, Sabrina (6507794866); Page, Andrew (57226204152); Palm, Christoph (23474896800); Paradies, Yin (14833240800); Parsons, Michael H. (12789227600); Parsons, Nick (57192397767); Pascal, Pigny (57216132889); Paul, Elisabeth (56186502000); Peckham, Michelle (7006451676); Pedemonte, Nicoletta (8095389700); Pellizzon, Michael A. (6602802915); Petrelli, M. (56962729500); Pichugin, Alexander (58354915100); Pinto, Carlos J.C. (7102500962); Plevris, John N. (7003619609); Pollesello, Piero (7004881964); Polz, Martin (7003649791); Ponti, Giovanna (9234705300); Porcelli, Piero (7003474688); Prince, Martin (55507271700); Quinn, Gwendolyn P. (57208611661); Quinn, Terence J. (20434400400); Ramula, Satu (8838908900); Rappsilber, Juri (6603851819); Rehfeldt, Florian (6602791233); Reiling, Jan H. (15021428500); Remacle, Claire (7005495742); Rezaei, Mohsen (15766236100); Riddick, Eric W. (57207872418); Ritter, Uwe (7005011183); Roach, Neil W. (7004047746); Roberts, David D. (57216134824); Robles, Guillermo (6603947701); Rodrigues, Tiago (57453279100); Rodriguez, Cesar (57192974402); Roislien, Jo (18635091200); Roobol, Monique J. (57203077040); Rowe, Alexandra (57216123638); Ruepp, Andreas (6602226520); van Ruitenbeek, Jan (7004680411); Rust, Petra (56217142000); Saad, Sonia (9734266500); Sack, George H. (7005499697); Santos, Manuela (57216133361); Saudemont, Aurore (7004019930); Sava, Gianni (7102957440); Schrading, Simone (12764370400); Schramm, Alexander (35622254200); Schreiber, Martin (7201540707); Schuler, Sidney (7005362537); Schymkowitz, Joost (6602317244); Sczyrba, Alexander (6602804180); Seib, Kate L. (6507917864); Shi, Han-Ping (7402623640); Shimada, Tomohiro (15760805100); Shin, Jeon-Soo (7402724353); Shortt, Colette (57119560500); Silveyra, Patricia (8771743200); Skinner, Debra (7201628017); Small, Ian (35594785500); Smeets, Paul A.M. (8872437900); So, Po-Wah (7102823669); Solano, Francisco (35492446200); Sonenshine, Daniel E. (7006266202); Song, Jiangning (56023619300); Southall, Tony (8346706800); Speakman, John R. (7102300657); Srinivasan, Mandyam V. (7203044676); Stabile, Laura P. (6603040840); Stasiak, Andrzej (7005999828); Steadman, Kathryn J. (6701607802); Stein, Nils (7005589678); Stephens, Andrew W. (36004440700); Stewart, Douglas I. (35305889000); Stine, Keith (7004982918); Storlazzi, Curt (7003476372); Stoynova, Nataliya V. (6503940480); Strzalka, Wojciech (15832700400); Suarez, Oscar M. (7004393612); Sultana, Taranum (57202319670); Sumant, Anirudha V. (6603577512); Summers, Mathew J. (7102839166); Sun, Gang (56416906700); Tacon, Paul (55919228000); Tanaka, Kozo (7406925584); Tang, Haixu (10043216700); Tanino, Y. (6602164717); Targett-Adams, Paul (6507635816); Tayebi, Mourad (6602378918); Tayyem, Reema (22959129200); Tebbe, Christoph C. (7004398018); Telfer, Evelyn E. (7004120379); Tempel, Wolfram (57221973449); Teodorczyk-Injeyan, Julita A. (6701687285); Thijs, Gert (57201066668); Thorne, Sally (55468858200); Thrift, Amanda G. (7004824524); Tiffon, Celine (7801372147); Tinnefeld, Philip (6603259034); Tjahjono, Daryono H. (6603440272); Tolle, Fabrice (57201132080); Toth, Ervin (57191519322); Del Tredici, Andria L. (56667465200); Tsapas, Apostolos (23494008700); Tsirigotis, Konstantinos (6603332941); Turak, Ayse (6507646460); Tzotzos, George (6602969526); Udo, Edet E. (7005839657); Utsumi, Toshiaki (7101853528); Vaidyanathan, Subramanian (57216123506); Vaillant, Michel (23475593900); Valsesia, Armand (58396403600); Vandenbroucke, Roosmarijn E. (13410688200); Veiga, Feliciano H. (25621658300); Vendrell, Marc (8779352700); Vesk, Peter A. (6701443256); Vickers, Paul (7005903592); Victor, Victor M. (57201453717); Villemur, Richard (56212260000); Vohl, Marie-Claude (7006725579); Voolstra, Christian R. (25224158700); Vuillemin, Anne (6603732036); Wakelin, Steven (7005793478); Waldron, Levi (8539323900); Walsh, Laurence J. (7101875704); Wang, Amanda Y. (57689093900); Wang, Fuan (57216133272); Wang, Yun (58648557900); Watanabe, Yoichi (15049022500); Weigert, Andreas (14326260400); Wen, Jet-Chau (7402702082); Wham, Carol (6507377204); White, Ethan P. (7401613097); Wiener, Jan (8886011800); Wilharm, Gottfried (6603494043); Wilkinson, Simon (57173661900); Willmann, Raffaella (6603851488); Wilson, Coralie (7404896446); Wirth, Brunhilde (7006861761); Wojan, Timothy R. (8232155000); Wolff, Mathieu (57449899600); Wong, Bryan M. (7402023245); Wu, Tzu-Wei (12138770900); Wuerbel, Hanno (6603826510); Xiao, Xiangshu (8080773500); Xu, Dong (7404074295); Xu, J.W. (57216132082); Xu, Jianping (57209300537); Xue, Bin (58589197400); Yalcin, Suayib (57105893700); Yan, Hong (35323219700); Yang, En-Cheng (7202021092); Yang, Shiqi (57216132876); Yang, Wei (57198593433); Ye, Yuzhen (7401627602); Ye, Zhi-Qiang (7401957064); Yli-Kauhaluoma, Jari (35510530700); Yoneyama, Hiroshi (25935614200); Yu, Ying (58848173600); Yuan, Guo-Cheng (7201553549); Yuh, Chiou-Hwa (7003385781); Zaccolo, Manuela (6603747773); Zeng, Chen (7103181392); Zevnik, Branko (6602542526); Zhang, Chi (35319204600); Zhang, Li (57218523516); Zhang, Yingkai (7601329870); Zhang, Yusen (36769873100); Zhang, Zhiyong (55721921600); Zhang, Zhong-Yin (57216135429); Zhao, Yuan (57216130948); Zhou, Min (57216128151); Zuberbier, Torsten (7004554588); Aanei, Carmen M. (24398528600); Ahmad, Rafi (24438834400); Al-Lawama, Manar (54892101500); Alanio, Alexandre (24174020000); Allardyce, Judith (6602771653); Alonso-Caneiro, David (25225156600); Atack, John M. (36722152000); Baier, Dirk (16308749300); Bansal, Abhisheka (55566845100); Benezeth, Yannick (24470010700); Berbesque, Colette (24436741500); Berrevoet, Frederik (8655687500); Biedermann, Peter H.W. (24334393600); Bijleveld, Erik (36802667600); Bittner, Florian (58461712300); Blombach, Fabian (23007827100); van den Bos, Wouter (23101319400); Boudreau, Shellie A. (23670255700); Bramoweth, Adam D. (35279439700); Braubach, Oliver (15755019800); Cai, Yufeng (57212468753); Campbell, Matthew (56204565100); Cao, Zanxia (14324301800); Catry, Thibault (25722997300); Chen, Xin (57192476548); Cheng, Shuiqin (59121607700); Chung, Hee-Jung (55317385200); Chávez-Fumagalli, Miguel A. (35271437900); Conway, Aaron (57216134090); Costa, Bruno M. (57050722300); Cyr, Normand (36990777900); Dean, Lorraine T. (23569147200); Denzel, Martin S. (26638719300); Dlamini, S.V. (57216125657); Dudley, Kevin J. (25521247900); Dufies, Maeva (28567626200); Ecke, Thorsten (8282199000); Eckweiler, Denitsa (54947278100); Eixarch, Elisenda (8650046300); El-Adawy, Hosny (54899183100); Emmrich, Julius V. (56425804200); Eustace, Alex J. (23666661200); Falter-Wagner, Christine M. (57196097399); Farhoudi, Ramin (55888313200); Fuss, Johannes (35767583800); Gao, Jianzhao (36349116400); Gill, Martin R. (57649967100); Gloyn, Liz (55601299300); Goggs, Robert (23479891800); Govinden, Usha (56627564700); Greene, Garrett (57193514494); Greiff, Victor (54997529900); Grundle, D.S. (35091180200); Grüneberg, Patrick (55484994900); Gumede, Nicksy (16315427800); Haore, Gbaguidi (57216131716); Harrison, Pille (14219372600); Hoenner, Xavier (55312165700); Hojsgaard, Diego (22934087200); Hori, Hikaru (15049570700); Ikonomopoulou, Maria P. (6506885485); Jeurissen, Patrick (55653044900); Johnson, Daniel M. (57216125388); Kabra, Dhiraj (59567545200); Kamagata, Koji (57070787500); Karmakar, Chandan (57080550900); Kasian, Olga (55369025400); Kaye, Linda K. (55625424200); Khan, Murad M. (7410315009); Kim, Yong-Min (57223792132); Kish, J.K. (57216129687); Kobold, Sebastian (35339142000); Kohanbash, Gary (23767971800); Kohls, Gregor (55883640600); Kugler, Jan-Michael (14045475800); Kumar, Gyanendra (58761268200); Lacy-Colson, Jon (56134310800); Latif, Asam (23501625300); Lauschke, Volker M. (56955751900); Li, Bingling (15519939700); Lim, Chinten J. (7403654691); Liu, Fang (57215557111); Liu, Xiaodong (57281274100); Lu, Jin-Jian (35332392100); Lu, Qiang (57225674805); Mahavadi, Poornima (25422610600); Marzocchi, Ugo (26664927500); McGarrigle, Christine A. (6601953738); van Meerten, Tom (57205654478); Min, Rogier (13006956900); Moal, Iain (16022231500); Molari, Massimiliano (57209239421); Molleman, Lucas (54890728100); Mondal, Saiful R. (57218422767); van de Mortel, Thea (56657409500); Moss, W.N. (23995553500); Moultos, Othonas A. (25650171400); Mukherjee, Maheswari (55600229900); Nakayama, Kazuhiko (56513059700); Narayan, Edward (24725207800); Navaratnarajah (57216127269); Neumann, Philipp-Alexander (55308774800); Nie, Jiyun (59584367800); Nie, Yingjiu (57216125869); Niemeyer, Frank (56543347000); Nolan, Fiona (8511786600); Nwaiwu, Ogueri (56611848100); Oldenmenger, Wendy H. (6506361898); Olumayede, Emmanuel (55951787100); Ou, Jianhong (55452440200); Pallebage-Gamarallage, Menuka (23570001400); Pearce, Simon P. (24166833000); Pelkonen, Tuula (22942059500); Pelleri, Maria C. (36970269200); Pereira, Joana L. (16175825200); Pheko, Mpho (55304948900); Pinto, Karina A. (55316543500); Piovesan, Allison (53164509000); Pluess, Michael (26538083500); Podolsky, Illya M. (55446027500); Prescott, Julie (57219188570); Qi, Dongchen (9250274200); Qi, Xingshun (35339923000); Raikou, Vaia D. (37009346700); Ranft, Andreas (22942006800); Rhodes, Johanna (56437255600); Rotge, Jean-Yves (16317561500); Rowe, Anna D. (37361395400); Saggar, Manish (23398639500); Schuon, Robert A. (55629436100); Shahid, Shaouli (24077680700); Shalchyan, Vahid (55345242900); Shirvalkar, Prasad (26538050400); Shiryayev, Oleg (8298491500); Singh, Jugpreet (57190384479); Smout, Michael J. (6603547329); Soares, António (56432117500); Song, Chunjiao (57216123889); Srivastava, Kshitij (55240511300); Srivastava, Rupesh K. (26028168300); Sun, Jim (57216131002); Szabo, Attila (36828987700); Szymanski, Wiktor (23973835300); Tai, Chan N.P. (57216134964); Takeuchi, Hisashi (7403412428); Tanadini-Lang, S. (57192161267); Tang, Fei (57201646723); Tao, Wanyin (57639689500); Theron, G. (46161739300); Tian, Chang F. (58595329600); Tian, Yu-Shi (55480219500); Tuttle, Lisa M. (54881096200); Valenti, Anna (7006158773); Verlot, Pierre (57216126442); Walker, Mirella (35176716900); Wang, Jun (55969138800); Welter, Danielle (23391007900); Winslade, Matthew (55901441800); Wu, Dalei (58898877200); Wu, Yi-Rui (15752007200); Xiao, Han (57208863532); Xu, Beisi (57795898200); Xu, Juan (54783614500); Xu, Ziyue (35209309700); Yang, Dongdong (57754162000); Yang, Mingjun (57216133773); Yankilevich, Patricio (24438525800); You, Yuyi (49865138500); Yu, Chenglong (55487607100); Zhan, Jian (54421524800); Zhang, Gong (24537772900); Zhang, Kai (35423118500); Zhang, Tuo (56208863300); Zhang, Yi (57216698351); Zhao, Guoyan (57191258954); Zhao, Jing (57216127759); Zhou, Xiaofan (55706858800); Zhu, Zhenxing (56114407500); Ajani, Penelope A. (7801582779); Anazodo, Udunna C. (55911201800); Bagloee, Saeed A. (57226354702); Bail, Kasia (18133425000); Bar, Ido (55651279800); Bathelt, Joe (55790832200); Benkeser, David (55151446100); Bernier, Meghan L. (57191845691); Blanchard, Adam M. (50761043300); Boakye, Dominic W. (57201157299); Bonatsos, Vasileios (55764879700); Boon, Michele H. (12772257900); Bouboulis, George (54882265400); Bromfield, Elizabeth (55143329400); Brown, Joshua (56180648600); Bul, Kim C.M. (53663242300); Burton, Kathryn J. (57190954797)","57007545300; 7405366766; 8949996200; 56495494400; 56404741200; 59038586300; 14524742900; 57220539979; 56289016300; 35796367700; 56566138000; 57204589904; 36720031000; 35756333700; 6602095837; 57210639715; 8875165400; 56346818500; 37009928700; 35891903100; 6508374533; 57188924310; 36761802400; 55212932300; 36803136800; 7006400609; 7003305911; 6508242708; 7005744640; 36673256000; 54383716700; 56404549700; 56206447000; 57216740641; 6602646021; 15740200500; 55556320600; 59272476600; 41762142000; 6602791838; 16230574000; 57215513873; 34571659200; 22956261200; 57001575500; 21741779700; 55861352500; 56258831000; 57202554421; 57189043356; 36872393500; 56076343200; 56592359200; 25631803300; 7005648281; 6508063067; 6603731766; 56962750600; 57216134545; 24775939500; 55283522800; 56641793600; 57225444337; 57192982137; 24578214500; 57093491400; 7003474441; 55537470100; 7005408797; 7202064593; 57216127355; 6506636920; 10045493800; 57212426258; 39361463000; 12767311800; 35725501400; 14039600800; 23478435600; 56660454500; 55820244100; 37665210400; 57216129019; 24070523500; 56429381900; 25959716500; 56815263900; 7003924350; 35320938900; 6507545094; 7103235597; 12767349200; 6602209042; 22957065200; 6506112702; 57125807400; 6602308535; 55820195400; 23994742900; 15726699900; 24170676900; 7801631748; 36968628800; 56326134900; 6508052158; 55990337100; 8571828100; 55903795000; 26429742500; 55325802700; 56452784800; 57197792889; 57192165335; 57193386851; 57216572476; 57191983413; 57215371207; 7004295245; 6603575636; 55175093900; 57203106194; 7006098428; 55355145300; 57203216537; 7003455063; 8574835600; 35557389000; 7005747518; 6701446320; 7404817856; 6603538848; 8651828800; 35902262500; 7007128040; 35564710600; 55294879100; 7003806567; 6603556866; 7402270422; 36652335800; 57216124201; 26323115900; 24479368500; 8510264400; 14043141300; 18535154700; 8957120500; 57216130645; 36761324800; 56392509100; 35339906800; 7404037079; 16313807500; 57204564896; 13605421200; 35794304700; 15128746800; 57201181881; 57013935800; 55849801000; 55440860600; 57188989273; 57216123926; 56422180100; 57192011239; 56845680300; 56746333600; 57193016869; 56854849800; 57193304826; 23033146600; 57213158150; 57216133325; 57189239588; 24528206100; 57216127384; 57201026079; 57204262074; 57211183667; 7003870500; 7007128984; 7004694937; 26540761500; 24392233100; 36112709400; 8535406900; 7003609987; 7006643374; 6506948308; 7801649885; 7004629537; 7003683185; 7102756963; 14019341800; 16202548100; 7006489035; 24764882900; 8565085700; 6602622418; 57193752990; 19336932700; 59582628700; 16156235300; 22985116000; 55581364500; 7005736654; 58380443900; 6602779888; 6602367398; 7202162265; 24070397400; 8986273500; 7005398469; 57193306418; 57216134665; 7003654696; 14031637500; 6507078786; 56238013200; 57219832626; 35509603200; 7004592288; 7005356249; 36155710500; 6603142428; 7005094224; 7005107200; 57204274028; 35800102800; 57216124740; 7005735378; 25936653200; 8582196200; 7102481479; 16643663500; 7003507401; 8682473200; 7202123002; 53264854900; 6507319039; 55649570000; 7102663284; 6602940090; 7005768480; 35225555700; 7004262479; 7003949212; 7003399158; 6603764934; 57203233492; 57217526437; 7407576254; 24828815600; 43661014200; 57200609045; 57200940426; 37096832200; 36193698600; 26635073600; 55303828200; 56335079900; 6604095428; 7006055009; 36637654100; 57002151900; 57216135084; 57376086400; 57190564607; 35203701000; 35211443200; 57216124472; 35103019600; 8873073400; 57199218033; 36673675100; 55248268200; 59268961000; 14026175800; 56124077800; 36610828600; 57218121271; 56591329500; 57203861255; 56533784200; 16311422200; 57196374434; 55322026700; 56568153500; 56462496200; 24477111600; 57204470415; 56210632800; 57216128900; 55540052200; 55910433500; 24450026200; 56728807700; 55445429000; 11640594200; 55330606100; 55215458100; 51565457300; 58952429800; 7801632015; 56805137100; 56596759500; 55700892800; 57216668482; 56127937100; 56330131000; 58451339700; 54581324500; 56352920900; 56024271000; 56096146100; 56810238600; 57216127490; 57216123393; 57151302600; 56663227800; 55775706500; 56183844100; 45861125100; 57191633469; 56203138700; 57196949817; 57194425812; 57190435612; 39561148200; 57210241488; 57202050568; 57216130613; 57193425330; 57192390756; 55854210200; 55802766900; 57192983000; 57216222568; 57193237715; 57201699011; 55471777300; 34879681600; 59344710200; 6603918324; 7005345782; 7003825179; 57216132674; 7410071118; 57216126186; 8403211200; 59109030700; 55930551500; 57201973901; 56600311900; 57194811290; 54790194400; 57201214859; 9942009900; 56908715000; 6602398532; 7003320101; 58707500500; 8516886700; 7004187936; 7006907341; 56367717300; 7005428665; 14025280200; 6505913007; 6602353733; 7102991067; 7005973301; 7103020830; 23972137300; 35617492600; 7102174121; 6603366641; 7101714473; 57216130413; 58355503600; 7203071164; 8771973200; 57193235013; 19933417100; 8889480300; 6603390424; 7401466875; 6603403297; 7004174275; 7103130666; 35986085500; 57194484812; 58432889300; 7006710951; 7102250529; 6603840133; 35291626900; 7005040188; 6603843484; 57216132959; 6603737928; 7003289033; 14028117400; 7101740099; 7201926643; 7005541444; 25624661000; 57218078187; 57221868148; 6506421639; 7005568684; 59435195700; 7004255541; 6506451412; 7202926718; 8904321100; 6603680484; 12800004200; 56233803600; 6603843675; 6507736561; 57154865000; 57216128166; 57840846600; 40761074800; 57216129930; 57211966989; 15839192900; 57203108630; 26029744000; 6602951392; 58556411300; 7102909067; 7103206004; 8918424400; 16201784700; 57207563278; 18633587000; 58705067400; 25932904900; 6603932147; 6507292877; 57989916100; 7402527214; 7003598940; 7202195111; 57190510534; 36113290200; 7103080139; 7006428719; 6701841705; 8147202200; 6603507675; 7005949115; 55080265700; 6603178040; 10139785100; 24545592500; 16244765000; 57216132702; 55981139700; 7402608164; 57212629075; 36871470400; 57216123202; 6603736745; 55389973300; 15844737600; 6603903461; 6603203536; 35452100300; 7006195259; 6602443253; 24314984100; 57216127434; 7005246717; 6506985320; 6506685123; 6602636681; 8764168200; 9234751300; 6603285441; 7003678490; 7401924616; 57209114105; 15848355100; 6602581732; 26649410700; 57221756433; 8659770400; 6603127555; 6701907773; 6504803600; 7003913287; 13805422900; 7201827462; 7005933317; 55862743500; 6603498952; 57205067584; 55934633000; 57193220088; 15724975700; 57216133807; 23466816100; 7103177508; 6602566078; 55665094600; 6602853341; 25822988400; 57216126791; 24294144900; 55289623600; 8613615700; 7005999396; 7006211228; 7401986485; 16244465800; 56091235400; 57216132296; 7202457399; 6602492329; 12808627100; 7102369501; 6602153219; 57194590640; 35764434700; 15757639100; 16063739400; 57216132454; 7006452715; 36028227700; 11043972000; 6602451732; 15026503500; 56240416100; 6701830282; 6507356903; 12242030100; 9733565600; 7004461101; 6701492654; 6603833228; 57216129013; 16030974500; 59030423200; 55634598900; 58730172100; 57216126147; 57201453615; 55585656300; 7410013285; 7402060418; 6602968731; 7005805442; 59578218300; 55694022800; 59111136600; 57191041338; 7005494859; 7003707171; 35367989500; 7003764653; 7003365666; 7401961833; 55938268100; 7404197642; 7003496233; 6701504025; 6507662659; 57216124353; 6507874437; 6505693293; 16238993000; 36962100300; 57174323100; 56595864500; 7401559747; 6603956915; 26651861200; 6602396026; 6603894478; 6701410435; 6701585923; 55539098200; 57216134564; 7004077362; 7102118469; 57216123471; 57393819900; 13006063500; 35187235300; 12344521500; 6506268307; 6507913381; 6602624208; 36028279400; 6603369344; 6602827466; 6603177138; 7004254146; 56049037800; 57193787205; 25932192700; 57216134099; 57842485700; 57193168525; 7402565095; 7006713612; 6604056961; 7410100272; 55799656200; 56258436500; 35237615300; 6603725518; 7203076080; 57216940140; 7003920745; 26032226300; 57203677656; 7006684228; 59055880900; 57216125828; 23474115300; 6603874313; 7004284893; 23009224000; 9938990000; 14719736000; 36909266400; 6603806138; 7102995330; 56799189700; 7006617300; 7003675477; 24764948200; 7006387229; 57215616179; 7003913291; 6602643679; 7006112307; 7006455698; 55441090600; 57202861191; 7004619705; 57216129822; 57216128198; 15071162400; 7006067102; 7202215396; 7006925616; 34571159900; 57197283590; 7103011569; 7004662503; 24434477500; 7101758786; 34571115900; 57197789687; 7103032265; 7006650295; 15063006900; 36515145400; 7004095629; 7102146090; 14219312400; 7402046149; 7102189595; 7004591325; 7007184601; 7404062677; 7402778695; 57719601900; 7005731880; 6602547699; 6507113679; 56490516500; 7006076102; 35448885300; 12345200700; 7004895784; 8664518700; 56186787100; 57202407505; 7003975193; 35512638300; 7201911399; 26636586300; 55632917900; 6507801380; 38061992100; 6507794866; 57226204152; 23474896800; 14833240800; 12789227600; 57192397767; 57216132889; 56186502000; 7006451676; 8095389700; 6602802915; 56962729500; 58354915100; 7102500962; 7003619609; 7004881964; 7003649791; 9234705300; 7003474688; 55507271700; 57208611661; 20434400400; 8838908900; 6603851819; 6602791233; 15021428500; 7005495742; 15766236100; 57207872418; 7005011183; 7004047746; 57216134824; 6603947701; 57453279100; 57192974402; 18635091200; 57203077040; 57216123638; 6602226520; 7004680411; 56217142000; 9734266500; 7005499697; 57216133361; 7004019930; 7102957440; 12764370400; 35622254200; 7201540707; 7005362537; 6602317244; 6602804180; 6507917864; 7402623640; 15760805100; 7402724353; 57119560500; 8771743200; 7201628017; 35594785500; 8872437900; 7102823669; 35492446200; 7006266202; 56023619300; 8346706800; 7102300657; 7203044676; 6603040840; 7005999828; 6701607802; 7005589678; 36004440700; 35305889000; 7004982918; 7003476372; 6503940480; 15832700400; 7004393612; 57202319670; 6603577512; 7102839166; 56416906700; 55919228000; 7406925584; 10043216700; 6602164717; 6507635816; 6602378918; 22959129200; 7004398018; 7004120379; 57221973449; 6701687285; 57201066668; 55468858200; 7004824524; 7801372147; 6603259034; 6603440272; 57201132080; 57191519322; 56667465200; 23494008700; 6603332941; 6507646460; 6602969526; 7005839657; 7101853528; 57216123506; 23475593900; 58396403600; 13410688200; 25621658300; 8779352700; 6701443256; 7005903592; 57201453717; 56212260000; 7006725579; 25224158700; 6603732036; 7005793478; 8539323900; 7101875704; 57689093900; 57216133272; 58648557900; 15049022500; 14326260400; 7402702082; 6507377204; 7401613097; 8886011800; 6603494043; 57173661900; 6603851488; 7404896446; 7006861761; 8232155000; 57449899600; 7402023245; 12138770900; 6603826510; 8080773500; 7404074295; 57216132082; 57209300537; 58589197400; 57105893700; 35323219700; 7202021092; 57216132876; 57198593433; 7401627602; 7401957064; 35510530700; 25935614200; 58848173600; 7201553549; 7003385781; 6603747773; 7103181392; 6602542526; 35319204600; 57218523516; 7601329870; 36769873100; 55721921600; 57216135429; 57216130948; 57216128151; 7004554588; 24398528600; 24438834400; 54892101500; 24174020000; 6602771653; 25225156600; 36722152000; 16308749300; 55566845100; 24470010700; 24436741500; 8655687500; 24334393600; 36802667600; 58461712300; 23007827100; 23101319400; 23670255700; 35279439700; 15755019800; 57212468753; 56204565100; 14324301800; 25722997300; 57192476548; 59121607700; 55317385200; 35271437900; 57216134090; 57050722300; 36990777900; 23569147200; 26638719300; 57216125657; 25521247900; 28567626200; 8282199000; 54947278100; 8650046300; 54899183100; 56425804200; 23666661200; 57196097399; 55888313200; 35767583800; 36349116400; 57649967100; 55601299300; 23479891800; 56627564700; 57193514494; 54997529900; 35091180200; 55484994900; 16315427800; 57216131716; 14219372600; 55312165700; 22934087200; 15049570700; 6506885485; 55653044900; 57216125388; 59567545200; 57070787500; 57080550900; 55369025400; 55625424200; 7410315009; 57223792132; 57216129687; 35339142000; 23767971800; 55883640600; 14045475800; 58761268200; 56134310800; 23501625300; 56955751900; 15519939700; 7403654691; 57215557111; 57281274100; 35332392100; 57225674805; 25422610600; 26664927500; 6601953738; 57205654478; 13006956900; 16022231500; 57209239421; 54890728100; 57218422767; 56657409500; 23995553500; 25650171400; 55600229900; 56513059700; 24725207800; 57216127269; 55308774800; 59584367800; 57216125869; 56543347000; 8511786600; 56611848100; 6506361898; 55951787100; 55452440200; 23570001400; 24166833000; 22942059500; 36970269200; 16175825200; 55304948900; 55316543500; 53164509000; 26538083500; 55446027500; 57219188570; 9250274200; 35339923000; 37009346700; 22942006800; 56437255600; 16317561500; 37361395400; 23398639500; 55629436100; 24077680700; 55345242900; 26538050400; 8298491500; 57190384479; 6603547329; 56432117500; 57216123889; 55240511300; 26028168300; 57216131002; 36828987700; 23973835300; 57216134964; 7403412428; 57192161267; 57201646723; 57639689500; 46161739300; 58595329600; 55480219500; 54881096200; 7006158773; 57216126442; 35176716900; 55969138800; 23391007900; 55901441800; 58898877200; 15752007200; 57208863532; 57795898200; 54783614500; 35209309700; 57754162000; 57216133773; 24438525800; 49865138500; 55487607100; 54421524800; 24537772900; 35423118500; 56208863300; 57216698351; 57191258954; 57216127759; 55706858800; 56114407500; 7801582779; 55911201800; 57226354702; 18133425000; 55651279800; 55790832200; 55151446100; 57191845691; 50761043300; 57201157299; 55764879700; 12772257900; 54882265400; 55143329400; 56180648600; 53663242300; 57190954797","Large expert-curated database for benchmarking document similarity detection in biomedical literature search","2019","Database","2019","","","1","67","66","23","10.1093/database/baz085","https://www.scopus.com/inward/record.uri?eid=2-s2.0-85082592913&doi=10.1093%2fdatabase%2fbaz085&partnerID=40&md5=3ac12f90c94597a4b51ea7b10caa0af0","Article","Final","All Open Access; Gold Open Access; Green Open Access","Scopus","2-s2.0-85082592913"
